permno,date,ret,retx,prc,vol,shrout,mktcap,conm,tic,gvkey,datadate,atq,ltq,ceqq,saleq,niq,mkvaltq,prccq,cshtrq,ps,pb,pe,ev,ev_sales,ps_z,pb_z,ev_sales_z,pe_z,bubble_index,bubble_type
15488,2016-01-04,-0.040055,-0.040055,34.75,12287716.0,1224000.0,42534000.0,PAYPAL HOLDINGS INC,PYPL,024616,2015-12-31,28881.0,15122.0,13759.0,2556.0,367.0,44308.8,36.2,550764927.0,16640.845070422536,3091.3583836034595,115896.45776566757,42535363.0,16641.378325508605,-1.2481393920998576,-1.1871025711607015,-1.2482085078825815,-1.3874592915498762,-1.2677274406732542,crypto
15826,2016-01-04,-0.071047,-0.071047,12.16,2751500.0,31050.0,377568.0,BLOCK INC,XYZ,026367,2015-12-31,894.772,386.724,508.048,374.36,-48.289,4384.4824,13.09,107468307.0,1008.569291590982,743.173873334803,-7818.923564372838,377446.676,1008.2452078213483,-1.1892168758908572,-1.2107093901609158,-1.1892438737930169,0.4233216390375264,-0.7914621252018159,crypto
92213,2016-01-04,-0.01248,-0.01248,0.3007,61820.0,30990.0,9318.693000000001,RIOT PLATFORMS INC,RIOT,148170,2015-12-31,20.862,4.791,16.071,0.033,-2.955,9.4365,0.3045,11610646.0,282384.6363636364,579.8452492066456,-3153.5340101522847,9307.413,282042.8181818182,-0.3116024599769655,-0.5137733459179139,-0.3116168126646676,0.33166913210150173,-0.20133087161451135,crypto
92213,2016-01-05,0.047556,0.047556,0.315,111787.0,30990.0,9761.85,RIOT PLATFORMS INC,RIOT,148170,2015-12-31,20.862,4.791,16.071,0.033,-2.955,9.4365,0.3045,11610646.0,295813.63636363635,607.4201978719432,-3303.502538071066,9750.57,295471.8181818182,-0.3040370811633106,-0.5071936833219457,-0.3040513217436913,0.32021357334816697,-0.19876712822019516,crypto
15488,2016-01-05,-0.012662,-0.012662,34.31,11227717.0,1224000.0,41995440.0,PAYPAL HOLDINGS INC,PYPL,024616,2015-12-31,28881.0,15122.0,13759.0,2556.0,367.0,44308.8,36.2,550764927.0,16430.140845070422,3052.2160040700633,114428.99182561308,41996803.0,16430.674100156495,-1.2981825981691908,-1.2149057014158278,-1.298241486007095,-1.4281574836396964,-1.3098718173079524,crypto
15826,2016-01-05,-0.053454,-0.053454,11.51,2352830.0,31050.0,357385.5,BLOCK INC,XYZ,026367,2015-12-31,894.772,386.724,508.048,374.36,-48.289,4384.4824,13.09,107468307.0,954.6572817608718,703.4482962239788,-7400.971235685145,357264.176,954.3331979912383,-1.1948278224134383,-1.2160137975447083,-1.1948544525919294,0.42369199152048165,-0.7955010202573986,crypto
15826,2016-01-06,0.000869,0.000869,11.52,1850671.0,31050.0,357696.0,BLOCK INC,XYZ,026367,2015-12-31,894.772,386.724,508.048,374.36,-48.289,4384.4824,13.09,107468307.0,955.4866972967197,704.0594589487607,-7407.40127151111,357574.676,955.1626135270861,-1.1947415001592447,-1.2159321912772652,-1.194768135995023,0.4236862937899747,-0.7954388834103896,crypto
15488,2016-01-06,-0.009618,-0.009618,33.98,8441271.0,1224000.0,41591519.99999999,PAYPAL HOLDINGS INC,PYPL,024616,2015-12-31,28881.0,15122.0,13759.0,2556.0,367.0,44308.8,36.2,550764927.0,16272.112676056335,3022.8592194200155,113328.39237057218,41592882.99999999,16272.645931142408,-1.3357150027211913,-1.235758049107173,-1.3357662196004814,-1.4586811277070622,-1.3414800997839769,crypto
92213,2016-01-06,-0.079365,-0.079365,0.29,142161.0,30990.0,8987.099999999999,RIOT PLATFORMS INC,RIOT,148170,2015-12-31,20.862,4.791,16.071,0.033,-2.955,9.4365,0.3045,11610646.0,272336.3636363636,559.2122456598842,-3041.3197969543144,8975.819999999998,271994.54545454535,-0.3172632679004697,-0.5186965899582539,-0.31727770447267095,0.34024077396588515,-0.20324919709137734,crypto
15826,2016-01-07,-0.03125,-0.03125,11.16,1635990.0,31050.0,346518.0,BLOCK INC,XYZ,026367,2015-12-31,894.772,386.724,508.048,374.36,-48.289,4384.4824,13.09,107468307.0,925.6277380061972,682.057600856612,-7175.919981776387,346396.676,925.3036542365636,-1.1978491013102128,-1.2188700169052118,-1.1978755334836513,0.42389141208822684,-0.7976758099027123,crypto
92213,2016-01-07,-0.014828,-0.014828,0.2857,234972.0,30990.0,8853.843,RIOT PLATFORMS INC,RIOT,148170,2015-12-31,20.862,4.791,16.071,0.033,-2.955,9.4365,0.3045,11610646.0,268298.27272727276,550.9204778794101,-2996.2243654822337,8842.563,267956.45454545453,-0.31953817201926105,-0.5206750898996988,-0.3195526423020554,0.34368545247213267,-0.20402011293722064,crypto
15488,2016-01-07,-0.025015,-0.025015,33.13,11041083.0,1224000.0,40551120.0,PAYPAL HOLDINGS INC,PYPL,024616,2015-12-31,28881.0,15122.0,13759.0,2556.0,367.0,44308.8,36.2,550764927.0,15865.070422535211,2947.243258957773,110493.51498637602,40552483.0,15865.603677621284,-1.432389378082402,-1.289468641645485,-1.4324208364319284,-1.5373026351533052,-1.4228953728282803,crypto
15826,2016-01-08,0.013441,0.013441,11.31,587311.0,31050.0,351175.5,BLOCK INC,XYZ,026367,2015-12-31,894.772,386.724,508.048,374.36,-48.289,4384.4824,13.09,107468307.0,938.0689710439149,691.2250417283407,-7272.3705191658555,351054.176,937.7448872742814,-1.1965542674973095,-1.2176459228935672,-1.1965807845300562,0.4238059461306218,-0.7967437571975778,crypto
92213,2016-01-08,0.015751,0.015751,0.2902,107886.0,30990.0,8993.298,RIOT PLATFORMS INC,RIOT,148170,2015-12-31,20.862,4.791,16.071,0.033,-2.955,9.4365,0.3045,11610646.0,272524.1818181818,559.5979092775807,-3043.417258883249,8982.018,272182.36363636365,-0.31715745840657233,-0.5186045667051634,-0.317171893410839,0.34008055636094336,-0.20321334054040785,crypto
15488,2016-01-08,-0.013281,-0.013281,32.69,7848846.0,1224000.0,40012560.0,PAYPAL HOLDINGS INC,PYPL,024616,2015-12-31,28881.0,15122.0,13759.0,2556.0,367.0,44308.8,36.2,550764927.0,15654.366197183099,2908.1008794243767,109026.04904632152,40013923.0,15654.89945226917,-1.482432584151735,-1.3172717719006113,-1.4824538145564428,-1.5780008272431252,-1.4650397494629785,crypto
15826,2016-01-11,0.046861,0.046861,11.84,1676890.0,31050.0,367632.0,BLOCK INC,XYZ,026367,2015-12-31,894.772,386.724,508.048,374.36,-48.289,4384.4824,13.09,107468307.0,982.0279944438508,723.6166661417818,-7613.162417941974,367510.676,981.7039106742172,-1.191979188025051,-1.2133207907190906,-1.1920060048940198,0.42350396641375054,-0.7934505043061026,crypto
15488,2016-01-11,0.010707,0.010707,33.04,8937358.0,1224000.0,40440960.0,PAYPAL HOLDINGS INC,PYPL,024616,2015-12-31,28881.0,15122.0,13759.0,2556.0,367.0,44308.8,36.2,550764927.0,15821.971830985916,2939.236863144124,110193.3514986376,40442323.0,15822.505086071988,-1.4426254884147653,-1.295155645561306,-1.44265485468467,-1.5456272653534957,-1.4315158135035593,crypto
92213,2016-01-11,-0.061682,-0.061682,0.2723,285908.0,30990.0,8438.577,RIOT PLATFORMS INC,RIOT,148170,2015-12-31,20.862,4.791,16.071,0.033,-2.955,9.4365,0.3045,11610646.0,255714.4545454545,525.0810154937465,-2855.6944162436544,8427.296999999999,255372.63636363632,-0.3266274081103784,-0.5268406478567599,-0.3266419834447884,0.3544200320032296,-0.20642250185217426,crypto
92213,2016-01-12,-0.0852,-0.0852,0.2491,70116.0,30990.0,7719.6089999999995,RIOT PLATFORMS INC,RIOT,148170,2015-12-31,20.862,4.791,16.071,0.033,-2.955,9.4365,0.3045,11610646.0,233927.54545454544,480.34403584095566,-2612.3888324873096,7708.329,233585.72727272726,-0.338901309402462,-0.5375153452152539,-0.33891606661728135,0.373005274176472,-0.2105818617646313,crypto
15488,2016-01-12,0.001211,0.001211,33.08,7853995.0,1224000.0,40489920.0,PAYPAL HOLDINGS INC,PYPL,024616,2015-12-31,28881.0,15122.0,13759.0,2556.0,367.0,44308.8,36.2,550764927.0,15841.12676056338,2942.7952612835234,110326.75749318801,40491283.0,15841.660015649451,-1.4380761060448262,-1.2926280882653858,-1.4381064021278962,-1.5419274297089665,-1.4276845065367687,crypto
15826,2016-01-12,0.021115,0.021115,12.09,2136059.0,31050.0,375394.5,BLOCK INC,XYZ,026367,2015-12-31,894.772,386.724,508.048,374.36,-48.289,4384.4824,13.09,107468307.0,1002.763382840047,738.8957342613296,-7773.913313591087,375273.176,1002.4392990704134,-1.189821131670212,-1.2112806340330164,-1.1898480899713613,0.42336152315107545,-0.7918970831308786,crypto
15488,2016-01-13,-0.029021,-0.029021,32.12,8069449.0,1224000.0,39314880.0,PAYPAL HOLDINGS INC,PYPL,024616,2015-12-31,28881.0,15122.0,13759.0,2556.0,367.0,44308.8,36.2,550764927.0,15381.408450704226,2857.3937059379314,107125.0136239782,39316243.0,15381.941705790297,-1.5472612829233707,-1.3532894633674797,-1.5472692634904723,-1.630723485177665,-1.5196358737397468,crypto
15826,2016-01-13,-0.039702,-0.039702,11.61,2095222.0,31050.0,360490.5,BLOCK INC,XYZ,026367,2015-12-31,894.772,386.724,508.048,374.36,-48.289,4384.4824,13.09,107468307.0,962.9514371193503,709.5599234717979,-7465.271593944791,360369.176,962.6273533497167,-1.1939645998715027,-1.2151977348702787,-1.193991286622866,0.4236350142154116,-0.7948796517873089,crypto
92213,2016-01-13,-0.076676,-0.076676,0.23,125053.0,30990.0,7127.700000000001,RIOT PLATFORMS INC,RIOT,148170,2015-12-31,20.862,4.791,16.071,0.033,-2.955,9.4365,0.3045,11610646.0,215990.9090909091,443.5131603509427,-2412.081218274112,7116.420000000001,215649.09090909094,-0.34900611606965154,-0.5463035658853933,-0.3490210230222217,0.3883060554484086,-0.21400616238221448,crypto
92213,2016-01-14,0.065217,0.065217,0.245,44770.0,30990.0,7592.55,RIOT PLATFORMS INC,RIOT,148170,2015-12-31,20.862,4.791,16.071,0.033,-2.955,9.4365,0.3045,11610646.0,230077.27272727274,472.4379316781781,-2569.3908629441626,7581.27,229735.45454545456,-0.34107040402735606,-0.5394018219036084,-0.341085193384834,0.3762897350777778,-0.21131692105950517,crypto
15488,2016-01-14,0.02335,0.02335,32.87,7749477.0,1224000.0,40232880.0,PAYPAL HOLDINGS INC,PYPL,024616,2015-12-31,28881.0,15122.0,13759.0,2556.0,367.0,44308.8,36.2,550764927.0,15740.56338028169,2924.1136710516753,109626.37602179837,40234243.0,15741.096635367761,-1.461960363487008,-1.3058977640689686,-1.4619857780509598,-1.5613515668427442,-1.44779886811242,crypto
15826,2016-01-14,-0.068045,-0.068045,10.82,1604884.0,31050.0,335961.0,BLOCK INC,XYZ,026367,2015-12-31,894.772,386.724,508.048,374.36,-48.289,4384.4824,13.09,107468307.0,897.4276097873704,661.278068214027,-6957.298763693595,335839.676,897.1035260177368,-1.2007840579527937,-1.2216446299982724,-1.2008102977784672,0.424085134925465,-0.7997884627010171,crypto
92213,2016-01-15,-0.102041,-0.102041,0.22,41446.0,30990.0,6817.8,RIOT PLATFORMS INC,RIOT,148170,2015-12-31,20.862,4.791,16.071,0.033,-2.955,9.4365,0.3045,11610646.0,206600.0,424.22997946611906,-2307.208121827411,6806.52,206258.18181818182,-0.35429659076451514,-0.5509047285399166,-0.3543115761138136,0.3963169356954959,-0.21579898993068736,crypto
15488,2016-01-15,-0.017037,-0.017037,32.31,12174356.0,1224000.0,39547440.0,PAYPAL HOLDINGS INC,PYPL,024616,2015-12-31,28881.0,15122.0,13759.0,2556.0,367.0,44308.8,36.2,550764927.0,15472.394366197183,2874.29609710008,107758.69209809264,39548803.0,15472.927621283256,-1.5256517166661592,-1.341283566211857,-1.5256641138457956,-1.613149265866152,-1.501437165647491,crypto
15826,2016-01-15,-0.050832,-0.050832,10.27,1203692.0,31050.0,318883.5,BLOCK INC,XYZ,026367,2015-12-31,894.772,386.724,508.048,374.36,-48.289,4384.4824,13.09,107468307.0,851.8097553157388,627.6641183510219,-6603.646793265547,318762.176,851.4856715461052,-1.2055317819334392,-1.2261329747076353,-1.2055577106083162,0.4243985101033503,-0.8032059892865101,crypto
15488,2016-01-19,-0.003405,-0.003405,32.2,6674703.0,1224000.0,39412800.0,PAYPAL HOLDINGS INC,PYPL,024616,2015-12-31,28881.0,15122.0,13759.0,2556.0,367.0,44308.8,36.2,550764927.0,15419.718309859154,2864.510502216731,107391.82561307903,39414163.0,15420.251564945227,-1.5381625181834924,-1.3482343487756385,-1.5381723583769242,-1.6233238138886066,-1.5119732598061655,crypto
15826,2016-01-19,-0.077897,-0.077897,9.47,2742195.0,31050.0,294043.5,BLOCK INC,XYZ,026367,2015-12-31,894.772,386.724,508.048,374.36,-48.289,4384.4824,13.09,107468307.0,785.4565124479111,578.7711003684691,-6089.243927188387,293922.176,785.1324286782775,-1.2124375622689236,-1.2326614761030723,-1.2124630383608237,0.4248543285439106,-0.8081769370472273,crypto
92213,2016-01-19,0.058636,0.058636,0.2329,52970.0,30990.0,7217.571,RIOT PLATFORMS INC,RIOT,148170,2015-12-31,20.862,4.791,16.071,0.033,-2.955,9.4365,0.3045,11610646.0,218714.2727272727,449.10528280754147,-2442.4944162436545,7206.291,218372.45454545453,-0.3474718784081411,-0.5449692287155816,-0.34748676262566014,0.3859829001767534,-0.21348624239315736,crypto
92213,2016-01-20,0.030485,0.030485,0.24,80766.0,30990.0,7437.599999999999,RIOT PLATFORMS INC,RIOT,148170,2015-12-31,20.862,4.791,16.071,0.033,-2.955,9.4365,0.3045,11610646.0,225381.81818181815,462.7963412357662,-2516.954314720812,7426.32,225039.99999999997,-0.3437156413747879,-0.54170240323087,-0.34373046993062994,0.3802951752013214,-0.21221333483374163,crypto
15826,2016-01-20,0.002112,0.002112,9.49,3751354.0,31050.0,294664.5,BLOCK INC,XYZ,026367,2015-12-31,894.772,386.724,508.048,374.36,-48.289,4384.4824,13.09,107468307.0,787.1153435196068,579.993425818033,-6102.103998840315,294543.176,786.7912597499732,-1.2122649177605367,-1.2324982635681863,-1.2122904051670111,0.4248429330828966,-0.8080526633532094,crypto
15488,2016-01-20,-0.031056,-0.031056,31.2,13170588.0,1224000.0,38188800.0,PAYPAL HOLDINGS INC,PYPL,024616,2015-12-31,28881.0,15122.0,13759.0,2556.0,367.0,44308.8,36.2,550764927.0,14940.845070422536,2775.550548731739,104056.6757493188,38190163.0,14941.378325508607,-1.6518970774319761,-1.411423281173653,-1.6518836722962746,-1.7158197050018344,-1.6077559339759344,crypto
15826,2016-01-21,0.055848,0.055848,10.02,1384545.0,31050.0,311121.0,BLOCK INC,XYZ,026367,2015-12-31,894.772,386.724,508.048,374.36,-48.289,4384.4824,13.09,107468307.0,831.0743669195426,612.3850502314742,-6442.895897616434,310999.676,830.7502831499091,-1.207689838288278,-1.2281731313937094,-1.2077156255309747,0.4245409533660253,-0.8047594104617342,crypto
92213,2016-01-21,-0.042917,-0.042917,0.2297,3369.0,30990.0,7118.402999999999,RIOT PLATFORMS INC,RIOT,148170,2015-12-31,20.862,4.791,16.071,0.033,-2.955,9.4365,0.3045,11610646.0,215709.1818181818,442.9346649243979,-2408.93502538071,7107.123,215367.36363636362,-0.34916483031049744,-0.546441600765029,-0.34917973961496945,0.3885463818558213,-0.21405994720866867,crypto
15488,2016-01-21,0.0,0.0,31.2,9978942.0,1224000.0,38188800.0,PAYPAL HOLDINGS INC,PYPL,024616,2015-12-31,28881.0,15122.0,13759.0,2556.0,367.0,44308.8,36.2,550764927.0,14940.845070422536,2775.550548731739,104056.6757493188,38190163.0,14941.378325508607,-1.6518970774319761,-1.411423281173653,-1.6518836722962746,-1.7158197050018344,-1.6077559339759344,crypto
15488,2016-01-22,0.015705,0.015705,31.69,9443981.0,1224000.0,38788560.0,PAYPAL HOLDINGS INC,PYPL,024616,2015-12-31,28881.0,15122.0,13759.0,2556.0,367.0,44308.8,36.2,550764927.0,15175.492957746479,2819.140925939385,105690.8991825613,38789923.0,15176.02621283255,-1.5961671434002191,-1.3804607042986259,-1.5961651284757932,-1.670496718356353,-1.560822423632748,crypto
15826,2016-01-22,-0.016966,-0.016966,9.85,1128922.0,31050.0,305842.5,BLOCK INC,XYZ,026367,2015-12-31,894.772,386.724,508.048,374.36,-48.289,4384.4824,13.09,107468307.0,816.9743028101293,601.9952839101817,-6333.585288575037,305721.176,816.6502190404957,-1.2091573166095686,-1.2295604379402396,-1.2091830076783827,0.42463781478464446,-0.8058157368608866,crypto
92213,2016-01-22,0.022638,0.022638,0.2349,84012.0,30990.0,7279.5509999999995,RIOT PLATFORMS INC,RIOT,148170,2015-12-31,20.862,4.791,16.071,0.033,-2.955,9.4365,0.3045,11610646.0,220592.45454545453,452.96191898450616,-2463.469035532995,7268.271,220250.63636363635,-0.3464137834691683,-0.544048996184677,-0.34642865200734174,0.3843807241273359,-0.21312767688346276,crypto
15488,2016-01-25,-0.006942,-0.006942,31.47,7591779.0,1224000.0,38519280.0,PAYPAL HOLDINGS INC,PYPL,024616,2015-12-31,28881.0,15122.0,13759.0,2556.0,367.0,44308.8,36.2,550764927.0,15070.140845070422,2799.569736172687,104957.16621253407,38520643.0,15070.674100156495,-1.6211887464348858,-1.394362269426189,-1.6211816175380498,-1.6908458144012628,-1.581894611950097,crypto
92213,2016-01-25,0.043423,0.043423,0.2451,179131.0,30990.0,7595.649,RIOT PLATFORMS INC,RIOT,148170,2015-12-31,20.862,4.791,16.071,0.033,-2.955,9.4365,0.3045,11610646.0,230171.18181818182,472.6307634870263,-2570.4395939086294,7584.369000000001,229829.36363636365,-0.34101749928040737,-0.5393558102770631,-0.3410322878539181,0.37620962627530696,-0.21129899278402042,crypto
15826,2016-01-25,-0.004061,-0.004061,9.81,737467.0,31050.0,304600.5,BLOCK INC,XYZ,026367,2015-12-31,894.772,386.724,508.048,374.36,-48.289,4384.4824,13.09,107468307.0,813.6566406667379,599.5506330110541,-6307.865145271179,304479.176,813.3325568971043,-1.209502605626343,-1.2298868630100115,-1.209528274066008,0.42466060570667247,-0.8060642842489225,crypto
15488,2016-01-26,0.015888,0.015888,31.97,8616958.0,1224000.0,39131280.0,PAYPAL HOLDINGS INC,PYPL,024616,2015-12-31,28881.0,15122.0,13759.0,2556.0,367.0,44308.8,36.2,550764927.0,15309.577464788732,2844.0497129151827,106624.74114441416,39132643.0,15310.110719874805,-1.5643214668106435,-1.3627678032271817,-1.5643259605783748,-1.6445978688446494,-1.5340032748652124,crypto
92213,2016-01-26,0.019992,0.019992,0.25,159414.0,30990.0,7747.5,RIOT PLATFORMS INC,RIOT,148170,2015-12-31,20.862,4.791,16.071,0.033,-2.955,9.4365,0.3045,11610646.0,234772.72727272726,482.07952212058984,-2621.8274111675128,7736.22,234430.9090909091,-0.3384251666799242,-0.5371012405763468,-0.3384399168390381,0.37228429495423415,-0.21042050728526876,crypto
15826,2016-01-26,-0.027523,-0.027523,9.54,756604.0,31050.0,296217.0,BLOCK INC,XYZ,026367,2015-12-31,894.772,386.724,508.048,374.36,-48.289,4384.4824,13.09,107468307.0,791.262421198846,583.0492394419425,-6134.254177970138,296095.676,790.9383374292124,-1.2118333064895688,-1.2320902322309717,-1.2118588221824795,0.4248144444303616,-0.8077419791181646,crypto
92213,2016-01-27,0.1592,0.1592,0.2898,2593501.0,30990.0,8980.902,RIOT PLATFORMS INC,RIOT,148170,2015-12-31,20.862,4.791,16.071,0.033,-2.955,9.4365,0.3045,11610646.0,272148.54545454547,558.8265820421877,-3039.2223350253807,8969.622,271806.72727272724,-0.317369077394367,-0.5187886132113443,-0.3173835155345027,0.3404009915708268,-0.20328505364234678,crypto
15826,2016-01-27,-0.051363,-0.051363,9.05,1347275.0,31050.0,281002.5,BLOCK INC,XYZ,026367,2015-12-31,894.772,386.724,508.048,374.36,-48.289,4384.4824,13.09,107468307.0,750.6210599423015,553.1022659276289,-5819.182422497877,280881.176,750.2969761726679,-1.216063096945053,-1.2360889393356764,-1.2160883354308905,0.42509363322520477,-0.8107866846216037,crypto
15488,2016-01-27,-0.011886,-0.011886,31.59,12723282.0,1224000.0,38666160.0,PAYPAL HOLDINGS INC,PYPL,024616,2015-12-31,28881.0,15122.0,13759.0,2556.0,367.0,44308.8,36.2,550764927.0,15127.605633802817,2810.244930590886,105357.38419618529,38667523.0,15128.138888888889,-1.6075405993250673,-1.3867795975384274,-1.607536259867728,-1.6797463074676755,-1.5704006910497246,crypto
92213,2016-01-28,-0.092478,-0.092478,0.263,507863.0,30990.0,8150.370000000001,RIOT PLATFORMS INC,RIOT,148170,2015-12-31,20.862,4.791,16.071,0.033,-2.955,9.4365,0.3045,11610646.0,246980.90909090912,507.1476572708606,-2758.1624365482235,8139.090000000001,246639.09090909094,-0.33154754957660143,-0.5311197291254666,-0.33156219781996876,0.36187015063302075,-0.208089831472254,crypto
15488,2016-01-28,0.083887,0.083887,34.24,20378569.0,1224000.0,41909760.0,PAYPAL HOLDINGS INC,PYPL,024616,2015-12-31,28881.0,15122.0,13759.0,2556.0,367.0,44308.8,36.2,550764927.0,16396.61971830986,3045.9888073261136,114195.53133514986,41911123.0,16397.152973395932,-1.3061440173165846,-1.219328926683689,-1.3062012779814494,-1.4346321960176223,-1.3165766044998364,crypto
15826,2016-01-28,-0.034254,-0.034254,8.74,1202192.0,31050.0,271377.0,BLOCK INC,XYZ,026367,2015-12-31,894.772,386.724,508.048,374.36,-48.289,4384.4824,13.09,107468307.0,724.9091783310182,534.1562214593897,-5619.851311892978,271255.676,724.5850945613847,-1.2187390868250532,-1.2386187336264083,-1.2187641499349873,0.42527026287092196,-0.8127129268788817,crypto
15488,2016-01-29,0.055491,0.055491,36.14,21202481.0,1224000.0,44235360.0,PAYPAL HOLDINGS INC,PYPL,024616,2015-12-31,28881.0,15122.0,13759.0,2556.0,367.0,44308.8,36.2,550764927.0,17306.478873239437,3215.012718947598,120532.31607629427,44236723.0,17307.01212832551,-1.0900483547444648,-1.0992699551274614,-1.0901497815346837,-1.2588900029024896,-1.134589523577275,crypto
92213,2016-01-29,0.007604,0.007604,0.265,93665.0,30990.0,8212.35,RIOT PLATFORMS INC,RIOT,148170,2015-12-31,20.862,4.791,16.071,0.033,-2.955,9.4365,0.3045,11610646.0,248859.0909090909,511.00429344782526,-2779.1370558375634,8201.07,248517.2727272727,-0.33048945463762874,-0.530199496594562,-0.3305040872016504,0.3602679745836033,-0.20773126596255945,crypto
15826,2016-01-29,0.003433,0.003433,8.77,1986762.0,31050.0,272308.5,BLOCK INC,XYZ,026367,2015-12-31,894.772,386.724,508.048,374.36,-48.289,4384.4824,13.09,107468307.0,727.3974249385618,535.9897096337354,-5639.141419370871,272187.176,727.0733411689282,-1.2184801200624726,-1.2383739148240795,-1.218505200144268,0.4252531696794009,-0.8125265163378548,crypto
15488,2016-02-01,0.02601,0.02601,37.08,17356043.0,1224000.0,45385920.0,PAYPAL HOLDINGS INC,PYPL,024616,2015-12-31,28881.0,15122.0,13759.0,2556.0,367.0,44308.8,36.2,550764927.0,17756.61971830986,3298.6350752234903,123667.35694822889,45387283.0,17757.152973395932,-0.9831378690508898,-1.0398723586733276,-0.9832611464504946,-1.1719438652560552,-1.0445538098576919,crypto
92213,2016-02-01,0.018113,0.018113,0.2698,19847.0,30990.0,8361.101999999999,RIOT PLATFORMS INC,RIOT,148170,2015-12-31,20.862,4.791,16.071,0.033,-2.955,9.4365,0.3045,11610646.0,253366.72727272724,520.2602202725404,-2829.4761421319795,8349.821999999998,253024.90909090903,-0.3279500267840942,-0.5279909385203908,-0.32796462171768637,0.3564227520650014,-0.2068707087392925,crypto
15826,2016-02-01,-0.00114,-0.00114,8.76,865385.0,31050.0,271998.0,BLOCK INC,XYZ,026367,2015-12-31,894.772,386.724,508.048,374.36,-48.289,4384.4824,13.09,107468307.0,726.568009402714,535.3785469089535,-5632.711383544906,271876.676,726.2439256330804,-1.2185664423166662,-1.2384555210915225,-1.2185915167411745,0.4252588674099079,-0.8125886531848638,crypto
15488,2016-02-02,-0.006742,-0.006742,36.83,17310567.0,1224000.0,45079920.0,PAYPAL HOLDINGS INC,PYPL,024616,2015-12-31,28881.0,15122.0,13759.0,2556.0,367.0,44308.8,36.2,550764927.0,17636.901408450703,3276.395086852242,122833.56948228883,45081283.0,17637.434663536776,-1.011571508863011,-1.0556695917728314,-1.0116889749303324,-1.1950678380343622,-1.0684994784001343,crypto
15826,2016-02-02,-0.033105,-0.033105,8.47,663241.0,31050.0,262993.5,BLOCK INC,XYZ,026367,2015-12-31,894.772,386.724,508.048,374.36,-48.289,4384.4824,13.09,107468307.0,702.5149588631264,517.654827890278,-5446.240344591936,262872.176,702.1908750934928,-1.2210697876882792,-1.2408221028473685,-1.2210946980514585,0.425424101594611,-0.8143906217481238,crypto
92213,2016-02-02,-0.073388,-0.073388,0.25,405072.0,30990.0,7747.5,RIOT PLATFORMS INC,RIOT,148170,2015-12-31,20.862,4.791,16.071,0.033,-2.955,9.4365,0.3045,11610646.0,234772.72727272726,482.07952212058984,-2621.8274111675128,7736.22,234430.9090909091,-0.3384251666799242,-0.5371012405763468,-0.3384399168390381,0.37228429495423415,-0.21042050728526876,crypto
15826,2016-02-03,-0.004723,-0.004723,8.43,1236136.0,31050.0,261751.5,BLOCK INC,XYZ,026367,2015-12-31,894.772,386.724,508.048,374.36,-48.289,4384.4824,13.09,107468307.0,699.1972967197349,515.2101769911504,-5420.520201288078,261630.17599999998,698.8732129501014,-1.2214150767050536,-1.2411485279171404,-1.2214399644390836,0.42544689251663903,-0.8146391691361596,crypto
92213,2016-02-03,0.0796,0.0796,0.2699,147628.0,30990.0,8364.201,RIOT PLATFORMS INC,RIOT,148170,2015-12-31,20.862,4.791,16.071,0.033,-2.955,9.4365,0.3045,11610646.0,253460.63636363632,520.4530520813887,-2830.5248730964463,8352.920999999998,253118.81818181812,-0.3278971220371456,-0.5279449268938455,-0.32791171618677045,0.35634264326253057,-0.20685278046380776,crypto
15488,2016-02-03,0.004887,0.004887,37.01,14543103.0,1224000.0,45300240.0,PAYPAL HOLDINGS INC,PYPL,024616,2015-12-31,28881.0,15122.0,13759.0,2556.0,367.0,44308.8,36.2,550764927.0,17723.098591549297,3292.4078784795406,123433.89645776567,45301603.0,17723.631846635366,-0.9910992881982835,-1.0442955839411887,-0.9912209384248498,-1.1784185776339813,-1.0512585970495758,crypto
15826,2016-02-04,0.055753,0.055753,8.9,1042983.0,31050.0,276345.0,BLOCK INC,XYZ,026367,2015-12-31,894.772,386.724,508.048,374.36,-48.289,4384.4824,13.09,107468307.0,738.1798269045838,543.9348250559002,-5722.731885108409,276223.676,737.8557431349502,-1.2173579307579565,-1.237313033347321,-1.2173830843844855,0.4251790991828099,-0.8117187373267383,crypto
92213,2016-02-04,0.070767,0.070767,0.289,202411.0,30990.0,8956.109999999999,RIOT PLATFORMS INC,RIOT,148170,2015-12-31,20.862,4.791,16.071,0.033,-2.955,9.4365,0.3045,11610646.0,271397.2727272727,557.2839275714018,-3030.832487309644,8944.829999999998,271055.4545454545,-0.31779231536995606,-0.5191567062237061,-0.3178067597818301,0.34104186199059394,-0.20342847984622459,crypto
15488,2016-02-04,0.004323,0.004323,37.17,10212258.0,1224000.0,45496080.0,PAYPAL HOLDINGS INC,PYPL,024616,2015-12-31,28881.0,15122.0,13759.0,2556.0,367.0,44308.8,36.2,550764927.0,17799.718309859156,3306.641471037139,123967.52043596731,45497443.0,17800.251564945225,-0.9729017587185261,-1.0341853547575064,-0.9730271281977537,-1.1636192350558647,-1.0359333691824126,crypto
92213,2016-02-05,-0.092042,-0.092042,0.2624,45689.0,30990.0,8131.776000000001,RIOT PLATFORMS INC,RIOT,148170,2015-12-31,20.862,4.791,16.071,0.033,-2.955,9.4365,0.3045,11610646.0,246417.45454545456,505.99066641777114,-2751.8700507614217,8120.496000000001,246075.63636363638,-0.3318649780582933,-0.531395798884738,-0.33187963100546425,0.36235080344784587,-0.2081974011251624,crypto
15826,2016-02-05,-0.030337,-0.030337,8.63,1872034.0,31050.0,267961.5,BLOCK INC,XYZ,026367,2015-12-31,894.772,386.724,508.048,374.36,-48.289,4384.4824,13.09,107468307.0,715.785607436692,527.4334314867887,-5549.120917807368,267840.176,715.4615236670584,-1.2196886316211824,-1.239516402568281,-1.219713632500957,0.42533293790649895,-0.8133964321959803,crypto
15488,2016-02-05,-0.056497,-0.056497,35.07,16245837.0,1222676.0,42879247.32,PAYPAL HOLDINGS INC,PYPL,024616,2015-12-31,28881.0,15122.0,13759.0,2556.0,367.0,44308.8,36.2,550764927.0,16775.918356807513,3116.4508554400754,116837.18615803815,42880610.32,16776.451611893583,-1.2160588759463278,-1.1692791973338423,-1.2161345484182557,-1.3613694561594725,-1.2407105194644745,crypto
92213,2016-02-08,-0.047256,-0.047256,0.25,271769.0,30990.0,7747.5,RIOT PLATFORMS INC,RIOT,148170,2015-12-31,20.862,4.791,16.071,0.033,-2.955,9.4365,0.3045,11610646.0,234772.72727272726,482.07952212058984,-2621.8274111675128,7736.22,234430.9090909091,-0.3384251666799242,-0.5371012405763468,-0.3384399168390381,0.37228429495423415,-0.21042050728526876,crypto
15826,2016-02-08,-0.030128,-0.030128,8.37,1142523.0,31050.0,259888.49999999997,BLOCK INC,XYZ,026367,2015-12-31,894.772,386.724,508.048,374.36,-48.289,4384.4824,13.09,107468307.0,694.2208035046478,511.54320064245894,-5381.939986332291,259767.17599999995,693.8967197350142,-1.2219330102302148,-1.2416381655217978,-1.221957864020522,0.4254810788996811,-0.8150119902182134,crypto
15488,2016-02-08,-0.041631,-0.041631,33.61,20628966.0,1222676.0,41094140.36,PAYPAL HOLDINGS INC,PYPL,024616,2015-12-31,28881.0,15122.0,13759.0,2556.0,367.0,44308.8,36.2,550764927.0,16077.519702660407,2986.7098161203576,111973.1344959128,41095503.36,16078.052957746479,-1.3819317136154468,-1.261435245551706,-1.3819734846177467,-1.4962673801771402,-1.3804019559905099,crypto
15488,2016-02-09,-0.027075,-0.027075,32.7,16439154.0,1222676.0,39981505.2,PAYPAL HOLDINGS INC,PYPL,024616,2015-12-31,28881.0,15122.0,13759.0,2556.0,367.0,44308.8,36.2,550764927.0,15642.216431924884,2905.843825859438,108941.43106267031,39982868.2,15642.749687010955,-1.4853182083270204,-1.3188749742354426,-1.485338848961265,-1.5803475930922615,-1.4674699061539973,crypto
92213,2016-02-09,-0.056,-0.056,0.236,88156.0,30990.0,7313.639999999999,RIOT PLATFORMS INC,RIOT,148170,2015-12-31,20.862,4.791,16.071,0.033,-2.955,9.4365,0.3045,11610646.0,221625.45454545453,455.08306888183677,-2475.0050761421317,7302.36,221283.63636363635,-0.3458318312527333,-0.5435428682926793,-0.34584669116726663,0.38349952730015635,-0.21293046585313072,crypto
15826,2016-02-09,0.029869,0.029869,8.62,1799475.0,31050.0,267651.0,BLOCK INC,XYZ,026367,2015-12-31,894.772,386.724,508.048,374.36,-48.289,4384.4824,13.09,107468307.0,714.956191900844,526.8222687620067,-5542.690881981403,267529.676,714.6321081312105,-1.2197749538753757,-1.239598008835724,-1.2197999490978633,0.42533863563700597,-0.8134585690429892,crypto
15488,2016-02-10,0.006116,0.006116,32.9,8636453.0,1222676.0,40226040.4,PAYPAL HOLDINGS INC,PYPL,024616,2015-12-31,28881.0,15122.0,13759.0,2556.0,367.0,44308.8,36.2,550764927.0,15737.887480438185,2923.6165709717275,109607.73950953678,40227403.4,15738.420735524256,-1.4625959017970045,-1.306250858041215,-1.4626211864681842,-1.5618684254186086,-1.4483340929312531,crypto
15826,2016-02-10,0.030162,0.030162,8.88,1411898.0,31050.0,275724.0,BLOCK INC,XYZ,026367,2015-12-31,894.772,386.724,508.048,374.36,-48.289,4384.4824,13.09,107468307.0,736.520995832888,542.7124996063365,-5709.871813456481,275602.676,736.1969120632546,-1.2175305752663435,-1.237476245882207,-1.2175557175782983,0.42519049464382386,-0.8118430110207562,crypto
92213,2016-02-10,0.016949,0.016949,0.24,124516.0,30990.0,7437.599999999999,RIOT PLATFORMS INC,RIOT,148170,2015-12-31,20.862,4.791,16.071,0.033,-2.955,9.4365,0.3045,11610646.0,225381.81818181815,462.7963412357662,-2516.954314720812,7426.32,225039.99999999997,-0.3437156413747879,-0.54170240323087,-0.34373046993062994,0.3802951752013214,-0.21221333483374163,crypto
15488,2016-02-11,0.018845,0.018845,33.52,13170076.0,1222676.0,40984099.52,PAYPAL HOLDINGS INC,PYPL,024616,2015-12-31,28881.0,15122.0,13759.0,2556.0,367.0,44308.8,36.2,550764927.0,16034.467730829423,2978.7120808198274,111673.2956948229,40985462.52,16035.000985915494,-1.3921567515539537,-1.2671160978391083,-1.3921964327396328,-1.5045830056302838,-1.3890130719407447,crypto
92213,2016-02-11,-0.083333,-0.083333,0.22,61130.0,30990.0,6817.8,RIOT PLATFORMS INC,RIOT,148170,2015-12-31,20.862,4.791,16.071,0.033,-2.955,9.4365,0.3045,11610646.0,206600.0,424.22997946611906,-2307.208121827411,6806.52,206258.18181818182,-0.35429659076451514,-0.5509047285399166,-0.3543115761138136,0.3963169356954959,-0.21579898993068736,crypto
15826,2016-02-11,-0.029279,-0.029279,8.62,1102816.0,31050.0,267651.0,BLOCK INC,XYZ,026367,2015-12-31,894.772,386.724,508.048,374.36,-48.289,4384.4824,13.09,107468307.0,714.956191900844,526.8222687620067,-5542.690881981403,267529.676,714.6321081312105,-1.2197749538753757,-1.239598008835724,-1.2197999490978633,0.42533863563700597,-0.8134585690429892,crypto
92213,2016-02-12,-0.01,-0.01,0.2178,94180.0,30990.0,6749.621999999999,RIOT PLATFORMS INC,RIOT,148170,2015-12-31,20.862,4.791,16.071,0.033,-2.955,9.4365,0.3045,11610646.0,204533.99999999997,419.98767967145784,-2284.1360406091367,6738.342,204192.1818181818,-0.35546049519738515,-0.5519169843239117,-0.35547549779396376,0.3980793293498552,-0.21619341199135136,crypto
15488,2016-02-12,0.02327,0.02327,34.3,9437119.0,1222676.0,41937786.8,PAYPAL HOLDINGS INC,PYPL,024616,2015-12-31,28881.0,15122.0,13759.0,2556.0,367.0,44308.8,36.2,550764927.0,16407.584820031298,3048.0257867577584,114271.89863760218,41939149.8,16408.11807511737,-1.303539756086891,-1.2178820446816199,-1.3035975490166174,-1.4325142517030371,-1.3143834003720414,crypto
15826,2016-02-12,0.078886,0.078886,9.3,8306917.0,31050.0,288765.0,BLOCK INC,XYZ,026367,2015-12-31,894.772,386.724,508.048,374.36,-48.289,4384.4824,13.09,107468307.0,771.3564483384977,568.3813340471767,-5979.93331814699,288643.676,771.0323645688641,-1.213905040590214,-1.2340487826496025,-1.2139304205082317,0.4249511899625297,-0.8092332634463797,crypto
15488,2016-02-16,0.033819,0.033819,35.46,9152381.0,1222676.0,43356090.96,PAYPAL HOLDINGS INC,PYPL,024616,2015-12-31,28881.0,15122.0,13759.0,2556.0,367.0,44308.8,36.2,550764927.0,16962.476901408452,3151.1077084090416,118136.4876294278,43357453.96,16963.01015649452,-1.171750378212796,-1.1446621707550977,-1.171835106556748,-1.3253350791958491,-1.2033956836801227,crypto
15826,2016-02-16,0.067742,0.067742,9.93,3491829.0,31050.0,308326.5,BLOCK INC,XYZ,026367,2015-12-31,894.772,386.724,508.048,374.36,-48.289,4384.4824,13.09,107468307.0,823.609627096912,606.884585708437,-6385.0255751827535,308205.176,823.2855433272784,-1.2084667385760202,-1.2289075878006959,-1.208492474903132,0.4245922329405884,-0.805318642084815,crypto
92213,2016-02-16,0.000918,0.000918,0.218,407360.0,30990.0,6755.82,RIOT PLATFORMS INC,RIOT,148170,2015-12-31,20.862,4.791,16.071,0.033,-2.955,9.4365,0.3045,11610646.0,204721.81818181818,420.3733432891543,-2286.2335025380708,6744.54,204380.0,-0.35535468570348794,-0.5518249610708211,-0.35536968673213193,0.3979191117449134,-0.2161575554403819,crypto
15826,2016-02-17,-0.009063,-0.009063,9.84,2046652.0,31050.0,305532.0,BLOCK INC,XYZ,026367,2015-12-31,894.772,386.724,508.048,374.36,-48.289,4384.4824,13.09,107468307.0,816.1448872742814,601.3841211853997,-6327.155252749073,305410.676,815.8208035046479,-1.209243638863762,-1.2296420442076827,-1.209269324275289,0.4246435125151514,-0.8058778737078955,crypto
92213,2016-02-17,-0.022477,-0.022477,0.2131,122012.0,30990.0,6603.969,RIOT PLATFORMS INC,RIOT,148170,2015-12-31,20.862,4.791,16.071,0.033,-2.955,9.4365,0.3045,11610646.0,200120.2727272727,410.92458465559076,-2234.845685279188,6592.689,199778.45454545456,-0.3579470183039711,-0.5540795307715375,-0.3579620577470119,0.40184444306598616,-0.21703604093913356,crypto
15488,2016-02-17,0.025381,0.025381,36.36,12070600.0,1222676.0,44456499.36,PAYPAL HOLDINGS INC,PYPL,024616,2015-12-31,28881.0,15122.0,13759.0,2556.0,367.0,44308.8,36.2,550764927.0,17392.99661971831,3231.085061414347,121134.87564032698,44457862.36,17393.529874804382,-1.0694999988277234,-1.0878536478810723,-1.0696056253378832,-1.2421788246644103,-1.1172845241777722,crypto
92213,2016-02-18,0.056312,0.056312,0.2251,36648.0,30990.0,6975.849,RIOT PLATFORMS INC,RIOT,148170,2015-12-31,20.862,4.791,16.071,0.033,-2.955,9.4365,0.3045,11610646.0,211389.36363636362,434.0644017173791,-2360.6934010152286,6964.569,211047.54545454547,-0.3515984486701347,-0.5485581355861097,-0.3516133940371017,0.39223138676948144,-0.21488464788096615,crypto
15488,2016-02-18,-0.001375,-0.001375,36.31,9022079.0,1222676.0,44395365.56,PAYPAL HOLDINGS INC,PYPL,024616,2015-12-31,28881.0,15122.0,13759.0,2556.0,367.0,44308.8,36.2,550764927.0,17369.078857589986,3226.6418751362744,120968.29852861036,44396728.56,17369.61211267606,-1.0751805754602268,-1.0910096769296294,-1.075285040961153,-1.2467986165828233,-1.1220684774834582,crypto
15826,2016-02-18,0.014228,0.014228,9.98,954537.0,31050.0,309879.0,BLOCK INC,XYZ,026367,2015-12-31,894.772,386.724,508.048,374.36,-48.289,4384.4824,13.09,107468307.0,827.7567047761513,609.9403993323466,-6417.175754312576,309757.676,827.4326210065177,-1.2080351273050522,-1.228499556463481,-1.2080608919186002,0.4245637442880534,-0.8050079578497701,crypto
15826,2016-02-19,-0.001002,-0.001002,9.97,1039543.0,31050.0,309568.5,BLOCK INC,XYZ,026367,2015-12-31,894.772,386.724,508.048,374.36,-48.289,4384.4824,13.09,107468307.0,826.9272892403034,609.3292366075647,-6410.745718486612,309447.176,826.6032054706699,-1.2081214495592458,-1.2285811627309242,-1.2081472085155065,0.4245694420185604,-0.805070094696779,crypto
92213,2016-02-19,-0.062639,-0.062639,0.211,89750.0,30990.0,6538.889999999999,RIOT PLATFORMS INC,RIOT,148170,2015-12-31,20.862,4.791,16.071,0.033,-2.955,9.4365,0.3045,11610646.0,198148.1818181818,406.8751166697778,-2212.8223350253807,6527.61,197806.36363636362,-0.35905801798989245,-0.5550457749289874,-0.35907307389624615,0.40352672791787453,-0.21741253472431288,crypto
15488,2016-02-19,-0.015147,-0.015147,35.76,9652780.0,1222676.0,43722893.76,PAYPAL HOLDINGS INC,PYPL,024616,2015-12-31,28881.0,15122.0,13759.0,2556.0,367.0,44308.8,36.2,550764927.0,17105.983474178403,3177.7668260774763,119135.95029972751,43724256.76,17106.516729264476,-1.1376669184177721,-1.1257259964637563,-1.137758612817126,-1.2976163276853698,-1.174691963846006,crypto
15488,2016-02-22,0.006711,0.006711,36.0,10476243.0,1222676.0,44016336.0,PAYPAL HOLDINGS INC,PYPL,024616,2015-12-31,28881.0,15122.0,13759.0,2556.0,367.0,44308.8,36.2,550764927.0,17220.788732394365,3199.094120212225,119935.52043596731,44017699.0,17221.321987480438,-1.1104001505817527,-1.1105770570306823,-1.110497417825429,-1.2754413264769857,-1.1517289879787125,crypto
92213,2016-02-22,0.127962,0.127962,0.238,153166.0,30990.0,7375.62,RIOT PLATFORMS INC,RIOT,148170,2015-12-31,20.862,4.791,16.071,0.033,-2.955,9.4365,0.3045,11610646.0,223503.63636363635,458.9397050588015,-2495.979695431472,7364.34,223161.81818181818,-0.3447737363137606,-0.5426226357617747,-0.34478858054894823,0.3818973512507388,-0.2125719003434362,crypto
15826,2016-02-22,0.041123,0.041123,10.38,1224076.0,31050.0,322299.0,BLOCK INC,XYZ,026367,2015-12-31,894.772,386.724,508.048,374.36,-48.289,4384.4824,13.09,107468307.0,860.9333262100652,634.386908323623,-6674.377187351156,322177.676,860.6092424404316,-1.2045822371373103,-1.2252353057657628,-1.2046082280423462,0.42433583506777317,-0.8025224839694115,crypto
15826,2016-02-23,-0.064547,-0.064547,9.71,1004235.0,31050.0,301495.5,BLOCK INC,XYZ,026367,2015-12-31,894.772,386.724,508.048,374.36,-48.289,4384.4824,13.09,107468307.0,805.3624853082594,593.439005763235,-6243.5647870115345,301374.176,805.0384015386259,-1.2103658281682783,-1.230702925684441,-1.2103914400350715,0.4247175830117425,-0.806685652719012,crypto
15488,2016-02-23,-0.014445,-0.014445,35.48,8415202.0,1222676.0,43380544.48,PAYPAL HOLDINGS INC,PYPL,024616,2015-12-31,28881.0,15122.0,13759.0,2556.0,367.0,44308.8,36.2,550764927.0,16972.04400625978,3152.88498292027,118203.11847411444,43381907.48,16972.57726134585,-1.1694781475597948,-1.1433997591356753,-1.1695633403074401,-1.323487162428484,-1.2014821023578486,crypto
92213,2016-02-23,-0.064706,-0.064706,0.2226,16836.0,30990.0,6898.374,RIOT PLATFORMS INC,RIOT,148170,2015-12-31,20.862,4.791,16.071,0.033,-2.955,9.4365,0.3045,11610646.0,209041.63636363635,429.2436064961732,-2334.4751269035532,6887.094,208699.81818181818,-0.3529210673438506,-0.5497084262497405,-0.35293603230999965,0.39423410683125326,-0.21533285476808434,crypto
15488,2016-02-24,0.027903,0.027903,36.47,8091152.0,1222676.0,44590993.72,PAYPAL HOLDINGS INC,PYPL,024616,2015-12-31,28881.0,15122.0,13759.0,2556.0,367.0,44308.8,36.2,550764927.0,17445.615696400626,3240.8600712261064,121501.34528610353,44592356.72,17446.1489514867,-1.0570027302362144,-1.080910383974247,-1.0571109109666885,-1.2320152824439015,-1.1067598269052628,crypto
15826,2016-02-24,0.018538,0.018538,9.89,623011.0,31050.0,307084.5,BLOCK INC,XYZ,026367,2015-12-31,894.772,386.724,508.048,374.36,-48.289,4384.4824,13.09,107468307.0,820.2919649535206,604.4399348093093,-6359.305431878895,306963.176,819.9678811838871,-1.2088120275927943,-1.2292340128704677,-1.2088377412907572,0.4246150238626164,-0.8055671894728507,crypto
92213,2016-02-24,0.025607,0.025607,0.2283,53421.0,30990.0,7075.017,RIOT PLATFORMS INC,RIOT,148170,2015-12-31,20.862,4.791,16.071,0.033,-2.955,9.4365,0.3045,11610646.0,214394.45454545453,440.2350196005226,-2394.2527918781725,7063.737,214052.63636363635,-0.3499054967677783,-0.5470857635366623,-0.34992041704779236,0.3896679050904135,-0.2143109430654549,crypto
15826,2016-02-25,0.037412,0.037412,10.26,861134.0,31050.0,318573.0,BLOCK INC,XYZ,026367,2015-12-31,894.772,386.724,508.048,374.36,-48.289,4384.4824,13.09,107468307.0,850.980339779891,627.0529556262401,-6597.216757439583,318451.676,850.6562560102574,-1.2056181041876328,-1.2262145809750782,-1.2056440272052225,0.42440420783385724,-0.8032681261335191,crypto
15488,2016-02-25,0.007403,0.007403,36.74,5235049.0,1222676.0,44921116.24,PAYPAL HOLDINGS INC,PYPL,024616,2015-12-31,28881.0,15122.0,13759.0,2556.0,367.0,44308.8,36.2,550764927.0,17574.771611893586,3264.853277127698,122400.8616893733,44922479.24,17575.304866979655,-1.0263276164206918,-1.0638678271120392,-1.0264420666010297,-1.2070684060844694,-1.0809264790545576,crypto
92213,2016-02-25,-0.058257,-0.058257,0.215,23243.0,30990.0,6662.849999999999,RIOT PLATFORMS INC,RIOT,148170,2015-12-31,20.862,4.791,16.071,0.033,-2.955,9.4365,0.3045,11610646.0,201904.54545454544,414.58838902370724,-2254.7715736040604,6651.57,201562.72727272726,-0.35694182811194697,-0.5532053098671781,-0.3569568526596094,0.4003223758190396,-0.2166954037049237,crypto
15488,2016-02-26,0.020414,0.020414,37.49,8594979.0,1222676.0,45838123.24,PAYPAL HOLDINGS INC,PYPL,024616,2015-12-31,28881.0,15122.0,13759.0,2556.0,367.0,44308.8,36.2,550764927.0,17933.538043818466,3331.5010712987864,124899.51836512263,45839486.24,17934.07129890454,-0.9411189669331315,-1.0165273913836845,-0.9412508322519758,-1.1377715273082702,-1.0091671794692654,crypto
92213,2016-02-26,-0.023256,-0.023256,0.21,26344.0,30990.0,6507.9,RIOT PLATFORMS INC,RIOT,148170,2015-12-31,20.862,4.791,16.071,0.033,-2.955,9.4365,0.3045,11610646.0,197209.09090909088,404.94679858129547,-2202.3350253807107,6496.62,196867.2727272727,-0.35958706545937885,-0.5555058911944398,-0.35960212920540535,0.4043278159425832,-0.21759181747916023,crypto
15826,2016-02-26,0.005848,0.005848,10.32,1081872.0,31050.0,320436.0,BLOCK INC,XYZ,026367,2015-12-31,894.772,386.724,508.048,374.36,-48.289,4384.4824,13.09,107468307.0,855.9568329949781,630.7199319749315,-6635.796972395369,320314.676,855.6327492253445,-1.2051001706624715,-1.2257249433704207,-1.2051261276237846,0.4243700214508152,-0.8028953050514654,crypto
92213,2016-02-29,0.000476,0.000476,0.2101,3932.0,30990.0,6510.999000000001,RIOT PLATFORMS INC,RIOT,148170,2015-12-31,20.862,4.791,16.071,0.033,-2.955,9.4365,0.3045,11610646.0,197303.0,405.13963039014374,-2203.383756345178,6499.719000000001,196961.18181818182,-0.35953416071243016,-0.5554598795678946,-0.3595492236744895,0.4042477071401123,-0.21757388920367549,crypto
15488,2016-02-29,0.017338,0.017338,38.14,23939899.0,1222676.0,46632862.64,PAYPAL HOLDINGS INC,PYPL,024616,2015-12-31,28881.0,15122.0,13759.0,2556.0,367.0,44308.8,36.2,550764927.0,18244.4689514867,3389.262492913729,127065.0208174387,46634225.64,18245.00220657277,-0.8672714707105783,-0.975499013752444,-0.8674184291494623,-1.077714232368898,-0.9469757864953456,crypto
15826,2016-02-29,0.011628,0.011628,10.44,1071125.0,31050.0,324162.0,BLOCK INC,XYZ,026367,2015-12-31,894.772,386.724,508.048,374.36,-48.289,4384.4824,13.09,107468307.0,865.9098194251523,638.0538846723144,-6712.957402306944,324040.676,865.5857356555186,-1.2040643036121488,-1.224745668161105,-1.2040903284609084,0.42430164868473114,-0.8021496628873578,crypto
15488,2016-03-01,0.029103,0.029103,39.25,14097322.0,1222676.0,47990033.0,PAYPAL HOLDINGS INC,PYPL,024616,2015-12-31,28881.0,15122.0,13759.0,2556.0,367.0,44308.8,36.2,550764927.0,18775.443270735523,3487.9012282869394,130763.03269754768,47991396.0,18775.976525821596,-0.7411626694689886,-0.9054351688744791,-0.7413354023128634,-0.9751548517801236,-0.8407720231091137,crypto
92213,2016-03-01,-0.021894,-0.021894,0.2055,28830.0,30990.0,6368.445,RIOT PLATFORMS INC,RIOT,148170,2015-12-31,20.862,4.791,16.071,0.033,-2.955,9.4365,0.3045,11610646.0,192983.1818181818,396.2693671831248,-2155.1421319796955,6357.165,192641.36363636362,-0.36196777907206745,-0.5575764143889752,-0.36198287809662166,0.40793271205377246,-0.21839858987597296,crypto
15826,2016-03-01,0.02682,0.02682,10.72,905128.0,31050.0,332856.0,BLOCK INC,XYZ,026367,2015-12-31,894.772,386.724,508.048,374.36,-48.289,4384.4824,13.09,107468307.0,889.1334544288919,655.1664409662079,-6892.998405433949,332734.676,888.8093706592583,-1.2016472804947294,-1.2224606926727022,-1.2016734637475306,0.42414211223053505,-0.8004098311711068,crypto
15826,2016-03-02,0.116604,0.116604,11.97,2662937.0,31050.0,371668.5,BLOCK INC,XYZ,026367,2015-12-31,894.772,386.724,508.048,374.36,-48.289,4384.4824,13.09,107468307.0,992.8103964098729,731.5617815639467,-7696.752883679513,371547.176,992.4863126402392,-1.1908569987205346,-1.2122599092423318,-1.1908838891342373,0.42342989591715946,-0.792642725294986,crypto
15488,2016-03-02,-0.002293,-0.002293,39.16,12895941.0,1222676.0,47879992.16,PAYPAL HOLDINGS INC,PYPL,024616,2015-12-31,28881.0,15122.0,13759.0,2556.0,367.0,44308.8,36.2,550764927.0,18732.39129890454,3479.9034929864088,130463.19389645776,47881355.16,18732.924553990608,-0.7513877074074955,-0.9111160211618816,-0.7515583504347504,-0.9834704772332675,-0.8493831390593487,crypto
92213,2016-03-02,0.046715,0.046715,0.2151,26760.0,30990.0,6665.9490000000005,RIOT PLATFORMS INC,RIOT,148170,2015-12-31,20.862,4.791,16.071,0.033,-2.955,9.4365,0.3045,11610646.0,201998.45454545456,414.7812208325555,-2255.820304568528,6654.669000000001,201656.63636363638,-0.35688892336499833,-0.5531592982406329,-0.35690394712869355,0.4002422670165686,-0.21667747542943905,crypto
15826,2016-03-03,0.023392,0.023392,12.25,2687371.0,31050.0,380362.5,BLOCK INC,XYZ,026367,2015-12-31,894.772,386.724,508.048,374.36,-48.289,4384.4824,13.09,107468307.0,1016.0340314136125,748.6743378578402,-7876.7938868065185,380241.176,1015.7099476439789,-1.1884399756031152,-1.2099749337539292,-1.1884670244208597,0.4232703594629634,-0.7909028935787352,crypto
15488,2016-03-03,-0.003575,-0.003575,39.02,7656878.0,1222676.0,47708817.52,PAYPAL HOLDINGS INC,PYPL,024616,2015-12-31,28881.0,15122.0,13759.0,2556.0,367.0,44308.8,36.2,550764927.0,18665.421564945227,3467.462571407806,129996.77798365123,47710180.52,18665.9548200313,-0.7672933219785069,-0.9199529024978409,-0.7674607141799061,-0.9964058946048242,-0.8627782083152695,crypto
92213,2016-03-03,0.09298,0.09298,0.2351,175984.0,30990.0,7285.749,RIOT PLATFORMS INC,RIOT,148170,2015-12-31,20.862,4.791,16.071,0.033,-2.955,9.4365,0.3045,11610646.0,220780.2727272727,453.3475826022027,-2465.566497461929,7274.469,220438.45454545453,-0.3463079739752711,-0.5439569729315864,-0.34632284094550997,0.38422050652239415,-0.2130918203324933,crypto
15826,2016-03-04,-0.019592,-0.019592,12.01,1960835.0,31050.0,372910.5,BLOCK INC,XYZ,026367,2015-12-31,894.772,386.724,508.048,374.36,-48.289,4384.4824,13.09,107468307.0,996.1280585532642,734.0064324630744,-7722.473026983371,372789.176,995.8039747836307,-1.1905117097037605,-1.21193348417256,-1.1905386227466122,0.42340710499513146,-0.7923941779069503,crypto
15488,2016-03-04,0.000513,0.000513,39.04,7200095.0,1222676.0,47733271.04,PAYPAL HOLDINGS INC,PYPL,024616,2015-12-31,28881.0,15122.0,13759.0,2556.0,367.0,44308.8,36.2,550764927.0,18674.988669796556,3469.239845919035,130063.40882833787,47734634.04,18675.52192488263,-0.7650210913255056,-0.9186904908784183,-0.7651889479305984,-0.9945579778374594,-0.8608646269929954,crypto
92213,2016-03-04,-0.064228,-0.064228,0.22,32139.0,30990.0,6817.8,RIOT PLATFORMS INC,RIOT,148170,2015-12-31,20.862,4.791,16.071,0.033,-2.955,9.4365,0.3045,11610646.0,206600.0,424.22997946611906,-2307.208121827411,6806.52,206258.18181818182,-0.35429659076451514,-0.5509047285399166,-0.3543115761138136,0.3963169356954959,-0.21579898993068736,crypto
15826,2016-03-07,0.020816,0.020816,12.26,2091946.0,31050.0,380673.0,BLOCK INC,XYZ,026367,2015-12-31,894.772,386.724,508.048,374.36,-48.289,4384.4824,13.09,107468307.0,1016.8634469494604,749.2855005826221,-7883.223922632484,380551.676,1016.5393631798269,-1.1883536533489216,-1.209893327486486,-1.1883807078239532,0.42326466173245636,-0.7908407567317262,crypto
15488,2016-03-07,-0.001537,-0.001537,38.98,5340266.0,1222676.0,47659910.48,PAYPAL HOLDINGS INC,PYPL,024616,2015-12-31,28881.0,15122.0,13759.0,2556.0,367.0,44308.8,36.2,550764927.0,18646.287355242566,3463.9080223853475,129863.51629427791,47661273.48,18646.820610328636,-0.7718377832845102,-0.9224777257366868,-0.7720042466785233,-1.0001017281395554,-0.8666053709598189,crypto
92213,2016-03-07,0.048182,0.048182,0.2306,119205.0,30990.0,7146.294,RIOT PLATFORMS INC,RIOT,148170,2015-12-31,20.862,4.791,16.071,0.033,-2.955,9.4365,0.3045,11610646.0,216554.36363636362,444.67015120403204,-2418.3736040609137,7135.014,216212.54545454544,-0.3486886875879597,-0.5460274961261219,-0.3487035898367262,0.38782540263358345,-0.2138985927293061,crypto
15488,2016-03-08,-0.021036,-0.021036,38.16,6012691.0,1222676.0,46657316.16,PAYPAL HOLDINGS INC,PYPL,024616,2015-12-31,28881.0,15122.0,13759.0,2556.0,367.0,44308.8,36.2,550764927.0,18254.036056338027,3391.039767424958,127131.65166212532,46658679.16,18254.5693114241,-0.864999240057577,-0.9742366021330213,-0.8651466629001546,-1.0758663156015331,-0.9450622051730715,crypto
15826,2016-03-08,-0.063622,-0.063622,11.48,1816657.0,31050.0,356454.0,BLOCK INC,XYZ,026367,2015-12-31,894.772,386.724,508.048,374.36,-48.289,4384.4824,13.09,107468307.0,952.1690351533283,701.6148080496331,-7381.681128207252,356332.676,951.8449513836947,-1.195086789176019,-1.216258616347037,-1.1951134023826484,0.4237090847120027,-0.7956874307984254,crypto
92213,2016-03-08,-0.045967,-0.045967,0.22,67985.0,30990.0,6817.8,RIOT PLATFORMS INC,RIOT,148170,2015-12-31,20.862,4.791,16.071,0.033,-2.955,9.4365,0.3045,11610646.0,206600.0,424.22997946611906,-2307.208121827411,6806.52,206258.18181818182,-0.35429659076451514,-0.5509047285399166,-0.3543115761138136,0.3963169356954959,-0.21579898993068736,crypto
15826,2016-03-09,0.047909,0.047909,12.03,5849484.0,31050.0,373531.5,BLOCK INC,XYZ,026367,2015-12-31,894.772,386.724,508.048,374.36,-48.289,4384.4824,13.09,107468307.0,997.7868896249599,735.2287579126382,-7735.333098635299,373410.176,997.4628058553263,-1.1903390651953734,-1.2117702716376741,-1.1903659895527994,0.4233957095341174,-0.7922699042129324,crypto
92213,2016-03-09,0.0,0.0,0.22,108257.0,30990.0,6817.8,RIOT PLATFORMS INC,RIOT,148170,2015-12-31,20.862,4.791,16.071,0.033,-2.955,9.4365,0.3045,11610646.0,206600.0,424.22997946611906,-2307.208121827411,6806.52,206258.18181818182,-0.35429659076451514,-0.5509047285399166,-0.3543115761138136,0.3963169356954959,-0.21579898993068736,crypto
15488,2016-03-09,0.010744,0.010744,38.57,4990510.0,1222676.0,47158613.32,PAYPAL HOLDINGS INC,PYPL,024616,2015-12-31,28881.0,15122.0,13759.0,2556.0,367.0,44308.8,36.2,550764927.0,18450.1617057903,3427.473894905153,128497.58397820164,47159976.32,18450.694960876368,-0.8184185116710432,-0.9483571639348539,-0.8185754547893389,-1.0379840218705436,-0.9058337880664449,crypto
92213,2016-03-10,-0.045455,-0.045455,0.21,67261.0,30990.0,6507.9,RIOT PLATFORMS INC,RIOT,148170,2015-12-31,20.862,4.791,16.071,0.033,-2.955,9.4365,0.3045,11610646.0,197209.09090909088,404.94679858129547,-2202.3350253807107,6496.62,196867.2727272727,-0.35958706545937885,-0.5555058911944398,-0.35960212920540535,0.4043278159425832,-0.21759181747916023,crypto
15826,2016-03-10,-0.060682,-0.060682,11.3,9802005.0,31050.0,350865.0,BLOCK INC,XYZ,026367,2015-12-31,894.772,386.724,508.048,374.36,-48.289,4384.4824,13.09,107468307.0,937.239555508067,690.6138790035587,-7265.940483339891,350743.676,936.9154717384336,-1.196640589751503,-1.2177275291610103,-1.1966671011269625,0.4238116438611288,-0.7968058940445868,crypto
15488,2016-03-10,-0.002074,-0.002074,38.49,7656223.0,1222676.0,47060799.24,PAYPAL HOLDINGS INC,PYPL,024616,2015-12-31,28881.0,15122.0,13759.0,2556.0,367.0,44308.8,36.2,550764927.0,18411.893286384977,3420.364796860237,128231.06059945504,47062162.24,18412.42654147105,-0.82750743428305,-0.9534068104125448,-0.8276625197865707,-1.045375688940005,-0.9134881133555426,crypto
15488,2016-03-11,0.025981,0.025981,39.49,9539513.0,1222676.0,48283475.24,PAYPAL HOLDINGS INC,PYPL,024616,2015-12-31,28881.0,15122.0,13759.0,2556.0,367.0,44308.8,36.2,550764927.0,18890.248528951488,3509.2285224216876,131562.60283378747,48284838.24,18890.78178403756,-0.7138959016329683,-0.8902862294414056,-0.7140742073211657,-0.9529798505717395,-0.8178090472418198,crypto
15826,2016-03-11,-0.017699,-0.017699,11.1,2337737.0,31050.0,344655.0,BLOCK INC,XYZ,026367,2015-12-31,894.772,386.724,508.048,374.36,-48.289,4384.4824,13.09,107468307.0,920.6512447911101,678.3906245079205,-7137.339766820601,344533.676,920.3271610214765,-1.198367034835374,-1.2193596545098697,-1.1983934330650896,0.42392559847126887,-0.7980486309847661,crypto
92213,2016-03-11,-0.035238,-0.035238,0.2026,109806.0,30990.0,6278.5740000000005,RIOT PLATFORMS INC,RIOT,148170,2015-12-31,20.862,4.791,16.071,0.033,-2.955,9.4365,0.3045,11610646.0,190259.81818181818,390.67724472652606,-2124.7289340101524,6267.294000000001,189918.00000000003,-0.3635020167335779,-0.5589107515587869,-0.3635171384931833,0.41025586732542774,-0.2189185098650301,crypto
15488,2016-03-14,-0.002786,-0.002786,39.38,5299665.0,1222676.0,48148980.88,PAYPAL HOLDINGS INC,PYPL,024616,2015-12-31,28881.0,15122.0,13759.0,2556.0,367.0,44308.8,36.2,550764927.0,18837.62945226917,3499.453512609928,131196.13318801092,48150343.88,18838.162707355244,-0.7263931702244775,-0.8972294933482309,-0.7265689216923602,-0.9631433927922484,-0.8283337445143293,crypto
92213,2016-03-14,0.100691,0.100691,0.223,698053.0,30990.0,6910.77,RIOT PLATFORMS INC,RIOT,148170,2015-12-31,20.862,4.791,16.071,0.033,-2.955,9.4365,0.3045,11610646.0,209417.27272727274,430.01493373156615,-2338.6700507614214,6899.490000000001,209075.45454545456,-0.35270944835605605,-0.5495243797435596,-0.352724410186336,0.39391367162136975,-0.21526114166614546,crypto
15826,2016-03-14,0.045946,0.045946,11.61,3553607.0,31050.0,360490.5,BLOCK INC,XYZ,026367,2015-12-31,894.772,386.724,508.048,374.36,-48.289,4384.4824,13.09,107468307.0,962.9514371193503,709.5599234717979,-7465.271593944791,360369.176,962.6273533497167,-1.1939645998715027,-1.2151977348702787,-1.193991286622866,0.4236350142154116,-0.7948796517873089,crypto
15826,2016-03-15,0.029285,0.029285,11.95,1764040.0,31050.0,371047.5,BLOCK INC,XYZ,026367,2015-12-31,894.772,386.724,508.048,374.36,-48.289,4384.4824,13.09,107468307.0,991.1515653381771,730.3394561143829,-7683.892812027584,370926.176,990.8274815685436,-1.1910296432289218,-1.212423121777218,-1.19105652232805,0.4234412913781735,-0.792766998989004,crypto
15488,2016-03-15,-0.002793,-0.002793,39.27,5013862.0,1222676.0,48014486.52,PAYPAL HOLDINGS INC,PYPL,024616,2015-12-31,28881.0,15122.0,13759.0,2556.0,367.0,44308.8,36.2,550764927.0,18785.010375586855,3489.6785027981687,130829.66354223434,48015849.52,18785.543630672928,-0.7388904388159865,-0.9041727572550561,-0.7390636360635549,-0.9733069350127579,-0.8388584417868388,crypto
92213,2016-03-15,-0.00852,-0.00852,0.2211,1077578.0,30990.0,6851.889,RIOT PLATFORMS INC,RIOT,148170,2015-12-31,20.862,4.791,16.071,0.033,-2.955,9.4365,0.3045,11610646.0,207633.0,426.3511293634497,-2318.7441624365483,6840.609,207291.18181818182,-0.35371463854808016,-0.550398600647919,-0.3537296152737385,0.39543573886831634,-0.2156017789003553,crypto
15488,2016-03-16,0.014515,0.014515,39.84,6363638.0,1222676.0,48711411.84,PAYPAL HOLDINGS INC,PYPL,024616,2015-12-31,28881.0,15122.0,13759.0,2556.0,367.0,44308.8,36.2,550764927.0,19057.672863849766,3540.3308263681956,132728.64261580384,48712774.84,19058.20611893584,-0.67413186520544,-0.8681940261015065,-0.674318297958274,-0.9206413071428462,-0.7843213741020167,crypto
92213,2016-03-16,0.279964,0.279964,0.283,1965895.0,30990.0,8770.17,RIOT PLATFORMS INC,RIOT,148170,2015-12-31,20.862,4.791,16.071,0.033,-2.955,9.4365,0.3045,11610646.0,265762.72727272724,545.7140190405077,-2967.9086294416243,8758.89,265420.90909090906,-0.32096660018687423,-0.5219174038164202,-0.3209810916367851,0.3458483901388462,-0.20450417637530832,crypto
15826,2016-03-16,-0.006695,-0.006695,11.87,976980.0,31050.0,368563.5,BLOCK INC,XYZ,026367,2015-12-31,894.772,386.724,508.048,374.36,-48.289,4384.4824,13.09,107468307.0,984.5162410513943,725.4501543161276,-7632.452525419868,368442.176,984.1921572817607,-1.1917202212624702,-1.2130759719167616,-1.1917470551033007,0.4234868732222295,-0.7932640937650758,crypto
15826,2016-03-17,0.00674,0.00674,11.95,1309502.0,31050.0,371047.5,BLOCK INC,XYZ,026367,2015-12-31,894.772,386.724,508.048,374.36,-48.289,4384.4824,13.09,107468307.0,991.1515653381771,730.3394561143829,-7683.892812027584,370926.176,990.8274815685436,-1.1910296432289218,-1.212423121777218,-1.19105652232805,0.4234412913781735,-0.792766998989004,crypto
15488,2016-03-17,0.002259,0.002259,39.93,9789562.0,1222676.0,48821452.68,PAYPAL HOLDINGS INC,PYPL,024616,2015-12-31,28881.0,15122.0,13759.0,2556.0,367.0,44308.8,36.2,550764927.0,19100.72483568075,3548.328561668726,133028.48141689374,48822815.68,19101.258090766823,-0.6639068272669331,-0.8625131738141042,-0.664095349836388,-0.9123256816897026,-0.775710258151782,crypto
92213,2016-03-17,-0.021201,-0.021201,0.277,571934.0,30990.0,8584.230000000001,RIOT PLATFORMS INC,RIOT,148170,2015-12-31,20.862,4.791,16.071,0.033,-2.955,9.4365,0.3045,11610646.0,260128.18181818185,534.1441105096136,-2904.9847715736046,8572.95,259786.36363636365,-0.32414088500379235,-0.524678101409134,-0.3241554234917402,0.35065491828709855,-0.205579872904392,crypto
15488,2016-03-18,-0.013023,-0.013023,39.41,15132391.0,1222676.0,48185661.16,PAYPAL HOLDINGS INC,PYPL,024616,2015-12-31,28881.0,15122.0,13759.0,2556.0,367.0,44308.8,36.2,550764927.0,18851.980109546166,3502.1194243767713,131296.07945504086,48187024.16,18852.513364632236,-0.7229848242449751,-0.8953358759190968,-0.7231612723183991,-0.9603715176412013,-0.8254633725309181,crypto
15826,2016-03-18,0.007531,0.007531,12.04,3161896.0,31050.0,373842.0,BLOCK INC,XYZ,026367,2015-12-31,894.772,386.724,508.048,374.36,-48.289,4384.4824,13.09,107468307.0,998.6163051608078,735.83992063742,-7741.763134461265,373720.676,998.2922213911742,-1.19025274294118,-1.2116886653702312,-1.190279672955893,0.42339001180361047,-0.7922077673659235,crypto
92213,2016-03-18,0.031408,0.031408,0.2857,1190554.0,30990.0,8853.843,RIOT PLATFORMS INC,RIOT,148170,2015-12-31,20.862,4.791,16.071,0.033,-2.955,9.4365,0.3045,11610646.0,268298.27272727276,550.9204778794101,-2996.2243654822337,8842.563,267956.45454545453,-0.31953817201926105,-0.5206750898996988,-0.3195526423020554,0.34368545247213267,-0.20402011293722064,crypto
15826,2016-03-21,0.112957,0.112957,13.4,5097705.0,31050.0,416070.0,BLOCK INC,XYZ,026367,2015-12-31,894.772,386.724,508.048,374.36,-48.289,4384.4824,13.09,107468307.0,1111.4168180361148,818.9580512077599,-8616.248006792437,415948.676,1111.0927342664813,-1.1785129163708563,-1.2005902129979886,-1.1785406157766298,0.4226151204546578,-0.7837571561727043,crypto
92213,2016-03-21,0.011551,0.011551,0.289,336523.0,30990.0,8956.109999999999,RIOT PLATFORMS INC,RIOT,148170,2015-12-31,20.862,4.791,16.071,0.033,-2.955,9.4365,0.3045,11610646.0,271397.2727272727,557.2839275714018,-3030.832487309644,8944.829999999998,271055.4545454545,-0.31779231536995606,-0.5191567062237061,-0.3178067597818301,0.34104186199059394,-0.20342847984622459,crypto
15488,2016-03-21,0.043898,0.043898,41.14,13432446.0,1222676.0,50300890.64,PAYPAL HOLDINGS INC,PYPL,024616,2015-12-31,28881.0,15122.0,13759.0,2556.0,367.0,44308.8,36.2,550764927.0,19679.53467918623,3655.8536695980815,137059.64752043597,50302253.64,19680.0679342723,-0.5264368727603346,-0.7861372708390252,-0.5266534917532479,-0.8005267172641016,-0.6599385881541773,crypto
15488,2016-03-22,0.004375,0.004375,41.32,10635034.0,1222676.0,50520972.32,PAYPAL HOLDINGS INC,PYPL,024616,2015-12-31,28881.0,15122.0,13759.0,2556.0,367.0,44308.8,36.2,550764927.0,19765.6386228482,3671.8491401991423,137659.32512261582,50522335.32,19766.171877934274,-0.5059867968833198,-0.7747755662642203,-0.506207595509475,-0.7838954663578137,-0.6427163562537073,crypto
92213,2016-03-22,0.068166,0.068166,0.3087,362915.0,30990.0,9566.613,RIOT PLATFORMS INC,RIOT,148170,2015-12-31,20.862,4.791,16.071,0.033,-2.955,9.4365,0.3045,11610646.0,289897.3636363636,595.2717939145043,-3237.4324873096443,9555.332999999999,289555.5454545454,-0.3073700802210747,-0.5100924157942953,-0.3073843701913942,0.325260427903832,-0.19989660957573308,crypto
15826,2016-03-22,-0.025373,-0.025373,13.06,2755926.0,31050.0,405513.0,BLOCK INC,XYZ,026367,2015-12-31,894.772,386.724,508.048,374.36,-48.289,4384.4824,13.09,107468307.0,1083.2166898172882,798.178518565175,-8397.626788709644,405391.676,1082.8926060476545,-1.1814478730134375,-1.2033648260910492,-1.1814753800714457,0.422808843291896,-0.7858698089710091,crypto
15826,2016-03-23,-0.035988,-0.035988,12.59,5390013.0,31050.0,390919.5,BLOCK INC,XYZ,026367,2015-12-31,894.772,386.724,508.048,374.36,-48.289,4384.4824,13.09,107468307.0,1044.2341596324393,769.4538705004252,-8095.415104889312,390798.176,1043.9100758628058,-1.1855050189605345,-1.2072003206608684,-1.1855322601260438,0.4230766366257252,-0.7887902407804304,crypto
92213,2016-03-23,-0.092971,-0.092971,0.28,197885.0,30990.0,8677.2,RIOT PLATFORMS INC,RIOT,148170,2015-12-31,20.862,4.791,16.071,0.033,-2.955,9.4365,0.3045,11610646.0,262945.45454545453,539.9290647750606,-2936.4467005076144,8665.92,262603.63636363635,-0.32255374259533326,-0.523297752612777,-0.32256825756426266,0.3482516542129724,-0.20504202463985016,crypto
15488,2016-03-23,-0.019361,-0.019361,40.52,8104680.0,1222676.0,49542831.52,PAYPAL HOLDINGS INC,PYPL,024616,2015-12-31,28881.0,15122.0,13759.0,2556.0,367.0,44308.8,36.2,550764927.0,19382.954428794994,3600.758159749982,134994.09133514986,49544194.52,19383.487683881067,-0.5968760230033845,-0.8252720310411317,-0.5970782454817986,-0.8578121370524265,-0.7192596091446853,crypto
15826,2016-03-24,0.023034,0.023034,12.88,1765588.0,31050.0,399924.0,BLOCK INC,XYZ,026367,2015-12-31,894.772,386.724,508.048,374.36,-48.289,4384.4824,13.09,107468307.0,1068.2872101720268,787.1775895191006,-8281.886143842283,399802.676,1067.9631264023933,-1.1830016735889213,-1.2048337389050225,-1.1830290788157598,0.42291140244102204,-0.7869882722171704,crypto
15488,2016-03-24,-0.039487,-0.039487,38.92,15040554.0,1222676.0,47586549.92,PAYPAL HOLDINGS INC,PYPL,024616,2015-12-31,28881.0,15122.0,13759.0,2556.0,367.0,44308.8,36.2,550764927.0,18617.586040688577,3458.576198851661,129663.62376021799,47587912.92,18618.11929577465,-0.7786544752435148,-0.9262649605949549,-0.7788195454264465,-1.0056454784416509,-0.8723461149266418,crypto
92213,2016-03-24,0.071786,0.071786,0.3001,473294.0,30990.0,9300.099,RIOT PLATFORMS INC,RIOT,148170,2015-12-31,20.862,4.791,16.071,0.033,-2.955,9.4365,0.3045,11610646.0,281821.1818181818,578.6882583535561,-3147.241624365482,9288.819,281479.3636363636,-0.31191988845865737,-0.5140494156771853,-0.3119342458501631,0.332149784916327,-0.2014384412674197,crypto
15826,2016-03-28,0.040373,0.040373,13.4,3367459.0,31050.0,416070.0,BLOCK INC,XYZ,026367,2015-12-31,894.772,386.724,508.048,374.36,-48.289,4384.4824,13.09,107468307.0,1111.4168180361148,818.9580512077599,-8616.248006792437,415948.676,1111.0927342664813,-1.1785129163708563,-1.2005902129979886,-1.1785406157766298,0.4226151204546578,-0.7837571561727043,crypto
15488,2016-03-28,-0.004625,-0.004625,38.74,6192899.0,1222676.0,47366468.24,PAYPAL HOLDINGS INC,PYPL,024616,2015-12-31,28881.0,15122.0,13759.0,2556.0,367.0,44308.8,36.2,550764927.0,18531.482097026605,3442.5807282506,129063.94615803815,47367831.24,18532.015352112678,-0.7991045511205296,-0.93762666516976,-0.7992654416702194,-1.0222767293479387,-0.8895683468271119,crypto
92213,2016-03-28,-0.000333,-0.000333,0.3,75197.0,30990.0,9297.0,RIOT PLATFORMS INC,RIOT,148170,2015-12-31,20.862,4.791,16.071,0.033,-2.955,9.4365,0.3045,11610646.0,281727.2727272727,578.4954265447078,-3146.192893401015,9285.72,281385.45454545453,-0.31197279320560606,-0.5140954273037306,-0.3119871513810791,0.33222989371879785,-0.20145636954290447,crypto
15826,2016-03-29,0.025373,0.025373,13.74,3605771.0,31050.0,426627.0,BLOCK INC,XYZ,026367,2015-12-31,894.772,386.724,508.048,374.36,-48.289,4384.4824,13.09,107468307.0,1139.6169462549417,839.7375838503449,-8834.86922487523,426505.676,1139.2928624853082,-1.1755779597282754,-1.1978155999049278,-1.1756058514818142,0.4224213976174197,-0.7816445033743994,crypto
92213,2016-03-29,0.0,0.0,0.3,152382.0,30990.0,9297.0,RIOT PLATFORMS INC,RIOT,148170,2015-12-31,20.862,4.791,16.071,0.033,-2.955,9.4365,0.3045,11610646.0,281727.2727272727,578.4954265447078,-3146.192893401015,9285.72,281385.45454545453,-0.31197279320560606,-0.5140954273037306,-0.3119871513810791,0.33222989371879785,-0.20145636954290447,crypto
15488,2016-03-29,0.020392,0.020392,39.53,5694000.0,1222676.0,48332382.28,PAYPAL HOLDINGS INC,PYPL,024616,2015-12-31,28881.0,15122.0,13759.0,2556.0,367.0,44308.8,36.2,550764927.0,18909.38273865415,3512.7830714441457,131695.86452316077,48333745.28,18909.91599374022,-0.7093514403269651,-0.8877614062025599,-0.7095306748225502,-0.949284017037009,-0.813981884597271,crypto
15488,2016-03-30,-0.012396,-0.012396,39.04,5246797.0,1222676.0,47733271.04,PAYPAL HOLDINGS INC,PYPL,024616,2015-12-31,28881.0,15122.0,13759.0,2556.0,367.0,44308.8,36.2,550764927.0,18674.988669796556,3469.239845919035,130063.40882833787,47734634.04,18675.52192488263,-0.7650210913255056,-0.9186904908784183,-0.7651889479305984,-0.9945579778374594,-0.8608646269929954,crypto
15826,2016-03-30,0.093159,0.093159,15.02,5110357.0,31050.0,466371.0,BLOCK INC,XYZ,026367,2015-12-31,894.772,386.724,508.048,374.36,-48.289,4384.4824,13.09,107468307.0,1245.782134843466,917.9664126224294,-9657.913810598688,466249.676,1245.4580510738326,-1.1645287111915004,-1.187369997672229,-1.1645573270778018,0.4216920881125231,-0.773690986957252,crypto
92213,2016-03-30,0.0,0.0,0.3,399641.0,30990.0,9297.0,RIOT PLATFORMS INC,RIOT,148170,2015-12-31,20.862,4.791,16.071,0.033,-2.955,9.4365,0.3045,11610646.0,281727.2727272727,578.4954265447078,-3146.192893401015,9285.72,281385.45454545453,-0.31197279320560606,-0.5140954273037306,-0.3119871513810791,0.33222989371879785,-0.20145636954290447,crypto
15488,2016-03-31,-0.011271,-0.011271,38.6,8086983.0,1208000.0,46628800.0,PAYPAL HOLDINGS INC,PYPL,024616,2016-03-31,29470.0,15872.0,13598.0,2544.0,365.0,46628.8,38.6,643043972.0,18328.930817610064,3429.092513604942,127750.13698630137,46631074.0,18329.82468553459,-0.84721139567246,-0.9472074467464746,-0.8472768243607041,-1.0587134578479034,-0.9251022811568855,crypto
92213,2016-03-31,0.125,0.125,2.7,81896.0,3874.0,10459.800000000001,RIOT PLATFORMS INC,RIOT,148170,2016-03-31,18.474,1.796,16.678,0.024,0.56,10.4679,2.7,2028997.0,435825.00000000006,627.1615301594916,18678.214285714286,10444.918000000001,435204.91666666674,-0.22516009820661292,-0.5024832010931818,-0.22532993608973292,1.9993181966222902,0.26158624030819067,crypto
15826,2016-03-31,0.01731,0.01731,15.28,5629318.0,31717.0,484635.75999999995,BLOCK INC,XYZ,026367,2016-03-31,945.069,500.185,444.884,379.269,-96.755,5122.9256,15.28,139193113.0,1277.8153764214844,1089.3530897941935,-5008.896284429745,484691.0609999999,1277.9611858601677,-1.161194819429617,-1.1644853771835852,-1.1611747524064981,0.4258116373193081,-0.7652608279250981,crypto
92213,2016-04-01,-0.025926,-0.025926,2.63,42314.0,3874.0,10188.619999999999,RIOT PLATFORMS INC,RIOT,148170,2016-03-31,18.474,1.796,16.678,0.024,0.56,10.4679,2.7,2028997.0,424525.83333333326,610.9017867849861,18193.964285714283,10173.738,423905.74999999994,-0.2315256113581475,-0.5063629408743808,-0.23169554356841826,1.9623280734058597,0.24818599440122827,crypto
15826,2016-04-01,-0.069372,-0.069372,14.22,4776702.0,31717.0,451015.74000000005,BLOCK INC,XYZ,026367,2016-03-31,945.069,500.185,444.884,379.269,-96.755,5122.9256,15.28,139193113.0,1189.1711160152822,1013.7827838267954,-4661.4204950648555,451071.041,1189.3169254539655,-1.1704205597839519,-1.1745759968327507,-1.1703998881350226,0.4261195397103827,-0.7723192262603357,crypto
15488,2016-04-01,0.020726,0.020726,39.4,6982014.0,1208000.0,47595200.0,PAYPAL HOLDINGS INC,PYPL,024616,2016-03-31,29470.0,15872.0,13598.0,2544.0,365.0,46628.8,38.6,643043972.0,18708.80503144654,3500.1617884983084,130397.80821917808,47597474.0,18709.69889937107,-0.7569895525571813,-0.8967263995911331,-0.7570734209919021,-0.9852838609590611,-0.8490183085248194,crypto
92213,2016-04-04,0.121635,0.121635,2.9499,102890.0,3874.0,11427.9126,RIOT PLATFORMS INC,RIOT,148170,2016-03-31,18.474,1.796,16.678,0.024,0.56,10.4679,2.7,2028997.0,476163.02499999997,685.2088140064756,20406.98678571428,11413.0306,475542.94166666665,-0.2024352162556348,-0.48863253007430146,-0.20260471739082653,2.131372936504945,0.30942511819604557,crypto
15826,2016-04-04,0.004219,0.004219,14.28,2242573.0,31717.0,452918.75999999995,BLOCK INC,XYZ,026367,2016-03-31,945.069,500.185,444.884,379.269,-96.755,5122.9256,15.28,139193113.0,1194.188715660916,1018.0603483155159,-4681.0889359723005,452974.0609999999,1194.3345250995992,-1.1698983480657823,-1.174004829682798,-1.1698777106409552,0.42610211127315206,-0.7719196942790959,crypto
15488,2016-04-04,-0.015482,-0.015482,38.79,5381340.0,1211931.0,47010803.49,PAYPAL HOLDINGS INC,PYPL,024616,2016-03-31,29470.0,15872.0,13598.0,2544.0,365.0,46628.8,38.6,643043972.0,18479.08942216981,3457.185136784821,128796.72189041096,47013077.49,18479.98329009434,-0.8115480482549633,-0.9272530425740874,-0.8116207658996523,-1.0296878346268448,-0.8950274228388869,crypto
15488,2016-04-05,-0.006187,-0.006187,38.55,5364753.0,1211931.0,46719940.05,PAYPAL HOLDINGS INC,PYPL,024616,2016-03-31,29470.0,15872.0,13598.0,2544.0,365.0,46628.8,38.6,643043972.0,18364.756308962264,3435.7949735255183,127999.83575342465,46722214.05,18365.650176886793,-0.8387026795170188,-0.9424466384250858,-0.8387698472361147,-1.0517883987295997,-0.9179268909769548,crypto
15826,2016-04-05,-0.001401,-0.001401,14.26,1886350.0,31717.0,452284.42,BLOCK INC,XYZ,026367,2016-03-31,945.069,500.185,444.884,379.269,-96.755,5122.9256,15.28,139193113.0,1192.5161824457048,1016.6344934859424,-4674.532789003152,452339.72099999996,1192.661991884388,-1.1700724186385054,-1.1741952187327822,-1.1700517698056445,0.426107920752229,-0.7720528716061758,crypto
92213,2016-04-05,0.023764,0.023764,3.02,206033.0,3874.0,11699.48,RIOT PLATFORMS INC,RIOT,148170,2016-03-31,18.474,1.796,16.678,0.024,0.56,10.4679,2.7,2028997.0,487478.3333333333,701.4917855858016,20891.92857142857,11684.598,486858.25,-0.19606060951388382,-0.4847472478077008,-0.19623001618717167,2.1684159027545418,0.32284450731144637,crypto
92213,2016-04-06,-0.013245,-0.013245,2.98,19820.0,3874.0,11544.52,RIOT PLATFORMS INC,RIOT,148170,2016-03-31,18.474,1.796,16.678,0.024,0.56,10.4679,2.7,2028997.0,481021.6666666667,692.2005036575129,20615.214285714286,11529.638,480401.5833333334,-0.19969804560047494,-0.48696424196838595,-0.19986750617499183,2.1472786894880103,0.3151872239360394,crypto
15826,2016-04-06,0.04979,0.04979,14.97,3038855.0,31717.0,474803.49000000005,BLOCK INC,XYZ,026367,2016-03-31,945.069,500.185,444.884,379.269,-96.755,5122.9256,15.28,139193113.0,1251.8911115857084,1067.2523399358035,-4907.276006407938,474858.791,1252.0369210243916,-1.163892913306828,-1.1674364074583412,-1.1638726694591799,0.4259016842449998,-0.7673250764948374,crypto
15488,2016-04-06,0.015824,0.015824,39.16,5526193.0,1211931.0,47459217.95999999,PAYPAL HOLDINGS INC,PYPL,024616,2016-03-31,29470.0,15872.0,13598.0,2544.0,365.0,46628.8,38.6,643043972.0,18655.35297169811,3490.161638476246,130025.25468493148,47461491.95999999,18656.24683962264,-0.7696846583926283,-0.9038295823037984,-0.7697659321726067,-0.9956161316350991,-0.8597240761260332,crypto
15826,2016-04-07,-0.010688,-0.010688,14.81,1759421.0,31717.0,469728.77,BLOCK INC,XYZ,026367,2016-03-31,945.069,500.185,444.884,379.269,-96.755,5122.9256,15.28,139193113.0,1238.5108458640175,1055.8455012992151,-4854.826830654747,469784.071,1238.6566553027008,-1.1652854778886146,-1.1689595198582152,-1.1652651427766931,0.42594816007761477,-0.7683904951114771,crypto
92213,2016-04-07,0.003356,0.003356,2.99,129481.0,3874.0,11583.26,RIOT PLATFORMS INC,RIOT,148170,2016-03-31,18.474,1.796,16.678,0.024,0.56,10.4679,2.7,2028997.0,482635.8333333333,694.523324139585,20684.392857142855,11568.378,482015.75,-0.19878868657882717,-0.48640999342821467,-0.1989581336780368,2.152562992804643,0.31710154477989105,crypto
15488,2016-04-07,-0.022472,-0.022472,38.28,7294453.0,1211931.0,46392718.68,PAYPAL HOLDINGS INC,PYPL,024616,2016-03-31,29470.0,15872.0,13598.0,2544.0,365.0,46628.8,38.6,643043972.0,18236.131556603774,3411.731039858803,127103.33884931507,46394992.68,18237.025424528303,-0.869251639686831,-0.9595394337574588,-0.8693125637396347,-1.076651533345198,-0.9436887926322806,crypto
92213,2016-04-08,-0.006689,-0.006689,2.97,16014.0,3874.0,11505.78,RIOT PLATFORMS INC,RIOT,148170,2016-03-31,18.474,1.796,16.678,0.024,0.56,10.4679,2.7,2028997.0,479407.5,689.8776831754407,20546.035714285714,11490.898000000001,478787.4166666667,-0.20060740462212273,-0.48751849050855717,-0.20077687867194688,2.1419943861713775,0.3132729030921877,crypto
15826,2016-04-08,0.021607,0.021607,15.13,1869545.0,31717.0,479878.21,BLOCK INC,XYZ,026367,2016-03-31,945.069,500.185,444.884,379.269,-96.755,5122.9256,15.28,139193113.0,1265.2713773073992,1078.659178572392,-4959.725182161129,479933.511,1265.4171867460825,-1.1625003487250418,-1.165913295058467,-1.1624801961416666,0.4258552084123847,-0.7662596578781977,crypto
15488,2016-04-08,0.003396,0.003396,38.41,7822305.0,1211931.0,46550269.70999999,PAYPAL HOLDINGS INC,PYPL,024616,2016-03-31,29470.0,15872.0,13598.0,2544.0,365.0,46628.8,38.6,643043972.0,18298.061992924526,3423.317378290925,127534.98550684929,46552543.70999999,18298.955860849055,-0.8545428810865516,-0.9513095693381683,-0.8546068113490515,-1.0646803944562069,-0.9312849140574946,crypto
92213,2016-04-11,0.023603,0.023603,3.0401,45348.0,3874.0,11777.347399999999,RIOT PLATFORMS INC,RIOT,148170,2016-03-31,18.474,1.796,16.678,0.024,0.56,10.4679,2.7,2028997.0,490722.8083333333,706.1606547547666,21030.977499999997,11762.4654,490102.725,-0.19423279788037176,-0.48363320824195655,-0.19440217746829205,2.179037352420974,0.3266922922075884,crypto
15826,2016-04-11,0.015202,0.015202,15.36,3104428.0,31717.0,487173.12,BLOCK INC,XYZ,026367,2016-03-31,945.069,500.185,444.884,379.269,-96.755,5122.9256,15.28,139193113.0,1284.50550928233,1095.0565091124877,-5035.120872306341,487228.421,1284.6513187210132,-1.1604985371387238,-1.163723820983648,-1.1604785157477415,0.4257883994030006,-0.7647281186167781,crypto
15488,2016-04-11,-0.009112,-0.009112,38.06,5428928.0,1211931.0,46126093.86,PAYPAL HOLDINGS INC,PYPL,024616,2016-03-31,29470.0,15872.0,13598.0,2544.0,365.0,46628.8,38.6,643043972.0,18131.326202830187,3392.123390204442,126372.85989041095,46128367.86,18132.220070754716,-0.8941433850103823,-0.973466896620874,-0.8941992216313923,-1.0969103837727232,-0.964679971758843,crypto
15488,2016-04-12,-0.006831,-0.006831,37.8,7677829.0,1211931.0,45810991.8,PAYPAL HOLDINGS INC,PYPL,024616,2016-03-31,29470.0,15872.0,13598.0,2544.0,365.0,46628.8,38.6,643043972.0,18007.46533018868,3368.9507133401967,125509.56657534245,45813265.8,18008.359198113205,-0.923560902210942,-0.989926625459456,-0.9236107264125604,-1.1208526615507075,-0.9894877289084165,crypto
92213,2016-04-12,-3.3e-05,-3.3e-05,3.04,181339.0,3874.0,11776.960000000001,RIOT PLATFORMS INC,RIOT,148170,2016-03-31,18.474,1.796,16.678,0.024,0.56,10.4679,2.7,2028997.0,490706.6666666667,706.1374265499461,21030.285714285714,11762.078000000001,490086.5833333334,-0.1942418914705882,-0.4836387507273582,-0.19441127119326157,2.1789845093878077,0.32667314899914995,crypto
15826,2016-04-12,0.007812,0.007812,15.48,2358904.0,31717.0,490979.16000000003,BLOCK INC,XYZ,026367,2016-03-31,945.069,500.185,444.884,379.269,-96.755,5122.9256,15.28,139193113.0,1294.5407085735983,1103.611638089929,-5074.457754121235,491034.461,1294.6865180122816,-1.159454113702384,-1.1625814866837425,-1.1594341607596066,0.42575354252853936,-0.7639290546542984,crypto
15488,2016-04-13,0.026191,0.026191,38.79,7082364.0,1211931.0,47010803.49,PAYPAL HOLDINGS INC,PYPL,024616,2016-03-31,29470.0,15872.0,13598.0,2544.0,365.0,46628.8,38.6,643043972.0,18479.08942216981,3457.185136784821,128796.72189041096,47013077.49,18479.98329009434,-0.8115480482549633,-0.9272530425740874,-0.8116207658996523,-1.0296878346268448,-0.8950274228388869,crypto
92213,2016-04-13,-0.016447,-0.016447,2.99,47522.0,3874.0,11583.26,RIOT PLATFORMS INC,RIOT,148170,2016-03-31,18.474,1.796,16.678,0.024,0.56,10.4679,2.7,2028997.0,482635.8333333333,694.523324139585,20684.392857142855,11568.378,482015.75,-0.19878868657882717,-0.48640999342821467,-0.1989581336780368,2.152562992804643,0.31710154477989105,crypto
15826,2016-04-13,-0.030362,-0.030362,15.01,2646765.0,31717.0,476072.17,BLOCK INC,XYZ,026367,2016-03-31,945.069,500.185,444.884,379.269,-96.755,5122.9256,15.28,139193113.0,1255.236178016131,1070.1040495949505,-4920.388300346235,476127.47099999996,1255.3819874548142,-1.1635447721613816,-1.1670556293583725,-1.1635245511298016,0.42589006528684603,-0.7670587218406775,crypto
92213,2016-04-14,0.004816,0.004816,3.0044,25909.0,3874.0,11639.0456,RIOT PLATFORMS INC,RIOT,148170,2016-03-31,18.474,1.796,16.678,0.024,0.56,10.4679,2.7,2028997.0,484960.2333333333,697.8681856337689,20784.01,11624.1636,484340.14999999997,-0.1974792095876544,-0.485611875530368,-0.19764863728242157,2.1601723895805947,0.31985816679503765,crypto
15826,2016-04-14,-0.012658,-0.012658,14.82,1754262.0,31717.0,470045.94,BLOCK INC,XYZ,026367,2016-03-31,945.069,500.185,444.884,379.269,-96.755,5122.9256,15.28,139193113.0,1239.347112471623,1056.5584287140018,-4858.104904139322,470101.241,1239.4929219103062,-1.1651984426022528,-1.1688643253332232,-1.1651781131943484,0.42594525533807637,-0.768323906447937,crypto
15488,2016-04-14,-0.003867,-0.003867,38.64,4590156.0,1211931.0,46829013.84,PAYPAL HOLDINGS INC,PYPL,024616,2016-03-31,29470.0,15872.0,13598.0,2544.0,365.0,46628.8,38.6,643043972.0,18407.631226415095,3443.8162847477574,128298.66805479453,46831287.84,18408.525094339624,-0.8285196927937477,-0.9367490399809609,-0.8285889417349411,-1.0435006871910661,-0.909339590425179,crypto
92213,2016-04-15,0.008521,0.008521,3.03,5763.0,3874.0,11738.22,RIOT PLATFORMS INC,RIOT,148170,2016-03-31,18.474,1.796,16.678,0.024,0.56,10.4679,2.7,2028997.0,489092.49999999994,703.8146060678738,20961.10714285714,11723.338,488472.4166666666,-0.19515125049223606,-0.48419299926752957,-0.19532064369021668,2.1737002060711745,0.32475882815529805,crypto
15488,2016-04-15,-0.001553,-0.001553,38.58,5239576.0,1211931.0,46756297.98,PAYPAL HOLDINGS INC,PYPL,024616,2016-03-31,29470.0,15872.0,13598.0,2544.0,365.0,46628.8,38.6,643043972.0,18379.047948113206,3438.468743932931,128099.44652054794,46758571.98,18379.941816037735,-0.835308350609262,-0.9405474389437112,-0.8353762120690571,-1.0490258282167553,-0.9150644574596964,crypto
15826,2016-04-15,-0.033063,-0.033063,14.33,2405130.0,31717.0,454504.61,BLOCK INC,XYZ,026367,2016-03-31,945.069,500.185,444.884,379.269,-96.755,5122.9256,15.28,139193113.0,1198.3700486989444,1021.6249853894498,-4697.479303395174,454559.91099999996,1198.515858137628,-1.1694631716339738,-1.1735288570578373,-1.1694425627292324,0.4260875875754599,-0.771586750961396,crypto
15488,2016-04-18,0.027475,0.027475,39.64,6433030.0,1211931.0,48040944.84,PAYPAL HOLDINGS INC,PYPL,024616,2016-03-31,29470.0,15872.0,13598.0,2544.0,365.0,46628.8,38.6,643043972.0,18884.01919811321,3532.9419649948522,131619.0269589041,48043218.84,18884.913066037738,-0.7153753958685165,-0.8734423906018012,-0.715467769499681,-0.9514150034295893,-0.813925139849897,crypto
92213,2016-04-18,-0.016502,-0.016502,2.98,2553.0,3874.0,11544.52,RIOT PLATFORMS INC,RIOT,148170,2016-03-31,18.474,1.796,16.678,0.024,0.56,10.4679,2.7,2028997.0,481021.6666666667,692.2005036575129,20615.214285714286,11529.638,480401.5833333334,-0.19969804560047494,-0.48696424196838595,-0.19986750617499183,2.1472786894880103,0.3151872239360394,crypto
15826,2016-04-18,0.012561,0.012561,14.51,1385002.0,31717.0,460213.67,BLOCK INC,XYZ,026367,2016-03-31,945.069,500.185,444.884,379.269,-96.755,5122.9256,15.28,139193113.0,1213.422847635847,1034.4576788556117,-4756.4846261175135,460268.97099999996,1213.5686570745302,-1.167896536479464,-1.1718153556079791,-1.1678760302470304,0.42603530226376796,-0.7703881550176763,crypto
15826,2016-04-19,-0.028946,-0.028946,14.09,2539169.0,31717.0,446892.52999999997,BLOCK INC,XYZ,026367,2016-03-31,945.069,500.185,444.884,379.269,-96.755,5122.9256,15.28,139193113.0,1178.299650116408,1004.5147274345671,-4618.805539765387,446947.83099999995,1178.4454595550912,-1.1715520185066535,-1.1758135256576483,-1.1715312727055023,0.42615730132438245,-0.7731848788863553,crypto
15488,2016-04-19,-0.010091,-0.010091,39.24,5915827.0,1211931.0,47556172.440000005,PAYPAL HOLDINGS INC,PYPL,024616,2016-03-31,29470.0,15872.0,13598.0,2544.0,365.0,46628.8,38.6,643043972.0,18693.464009433963,3497.2916928960144,130290.88339726029,47558446.440000005,18694.357877358492,-0.7606331146386089,-0.898765050353465,-0.7607162383937851,-0.9882492769341799,-0.8520909200800098,crypto
92213,2016-04-19,0.040268,0.040268,3.1,23684.0,3874.0,12009.4,RIOT PLATFORMS INC,RIOT,148170,2016-03-31,18.474,1.796,16.678,0.024,0.56,10.4679,2.7,2028997.0,500391.6666666666,720.0743494423791,21445.35714285714,11994.518,499771.5833333333,-0.18878573734070153,-0.4803132594863306,-0.18895503621153137,2.210690329287605,0.3381590740622603,crypto
92213,2016-04-20,-0.006452,-0.006452,3.08,15703.0,3874.0,11931.92,RIOT PLATFORMS INC,RIOT,148170,2016-03-31,18.474,1.796,16.678,0.024,0.56,10.4679,2.7,2028997.0,497163.3333333333,715.4287084782347,21306.999999999996,11917.038,496543.25,-0.1906044553839971,-0.48142175656667313,-0.19077378120544145,2.200121722654339,0.3343304323745568,crypto
15488,2016-04-20,0.021407,0.021407,40.08,7723520.0,1211931.0,48574194.48,PAYPAL HOLDINGS INC,PYPL,024616,2016-03-31,29470.0,15872.0,13598.0,2544.0,365.0,46628.8,38.6,643043972.0,19093.629905660375,3572.157264303574,133079.98487671232,48576468.48,19094.523773584904,-0.6655919052214155,-0.8455874648749709,-0.6656944537161675,-0.9108973025745398,-0.7719427815967734,crypto
15826,2016-04-20,-0.032647,-0.032647,13.63,4211917.0,31717.0,432302.71,BLOCK INC,XYZ,026367,2016-03-31,945.069,500.185,444.884,379.269,-96.755,5122.9256,15.28,139193113.0,1139.8313861665467,971.7200663543755,-4468.014159474963,432358.011,1139.97719560523,-1.1755556416792896,-1.1801924738072862,-1.1755346334933525,0.42629091934315066,-0.7762479574091944,crypto
92213,2016-04-21,-0.019481,-0.019481,3.02,15049.0,3874.0,11699.48,RIOT PLATFORMS INC,RIOT,148170,2016-03-31,18.474,1.796,16.678,0.024,0.56,10.4679,2.7,2028997.0,487478.3333333333,701.4917855858016,20891.92857142857,11684.598,486858.25,-0.19606060951388382,-0.4847472478077008,-0.19623001618717167,2.1684159027545418,0.32284450731144637,crypto
15488,2016-04-21,0.000499,0.000499,40.1,5539350.0,1211931.0,48598433.1,PAYPAL HOLDINGS INC,PYPL,024616,2016-03-31,29470.0,15872.0,13598.0,2544.0,365.0,46628.8,38.6,643043972.0,19103.15766509434,3573.939777908516,133146.39205479453,48600707.1,19104.05153301887,-0.6633290192829105,-0.8443213318873874,-0.6634320302714619,-0.9090555888993097,-0.7700344925852673,crypto
15826,2016-04-21,-0.028613,-0.028613,13.24,2085828.0,31717.0,419933.08,BLOCK INC,XYZ,026367,2016-03-31,945.069,500.185,444.884,379.269,-96.755,5122.9256,15.28,139193113.0,1107.2169884699251,943.9158971776912,-4340.1692935765595,419988.381,1107.3627979086084,-1.178950017847394,-1.1839050602819794,-1.1789287872047907,0.4264042041851498,-0.7788449152872535,crypto
15826,2016-04-22,0.007553,0.007553,13.34,1587097.0,31717.0,423104.77999999997,BLOCK INC,XYZ,026367,2016-03-31,945.069,500.185,444.884,379.269,-96.755,5122.9256,15.28,139193113.0,1115.5796545459818,951.045171325559,-4372.950028422304,423160.08099999995,1115.725463984665,-1.1780796649837775,-1.182953115032058,-1.178058491381345,0.42637515678976545,-0.7781790286518537,crypto
15488,2016-04-22,0.005237,0.005237,40.31,6433904.0,1212027.0,48856808.370000005,PAYPAL HOLDINGS INC,PYPL,024616,2016-03-31,29470.0,15872.0,13598.0,2544.0,365.0,46628.8,38.6,643043972.0,19204.720271226415,3592.940753787322,133854.26950684932,48859082.370000005,19205.614139150945,-0.6392074411839783,-0.8308247940266215,-0.639315382195786,-0.8894235608341756,-0.7496927945601404,crypto
92213,2016-04-22,0.016523,0.016523,3.0699,26785.0,3874.0,11892.7926,RIOT PLATFORMS INC,RIOT,148170,2016-03-31,18.474,1.796,16.678,0.024,0.56,10.4679,2.7,2028997.0,495533.025,713.0826597913419,21237.12964285714,11877.910600000001,494912.9416666667,-0.19152290799586133,-0.4819815475922461,-0.191692247427366,2.1947845763045395,0.3323969683222665,crypto
92213,2016-04-25,-0.052086,-0.052086,2.91,6363.0,3874.0,11273.34,RIOT PLATFORMS INC,RIOT,148170,2016-03-31,18.474,1.796,16.678,0.024,0.56,10.4679,2.7,2028997.0,469722.5,675.9407602830075,20130.964285714283,11258.458,469102.4166666667,-0.20606355875200943,-0.49084398174958493,-0.2062331136536771,2.11028856627158,0.30178697802907717,crypto
15826,2016-04-25,0.018741,0.018741,13.59,1956920.0,31717.0,431034.02999999997,BLOCK INC,XYZ,026367,2016-03-31,945.069,500.185,444.884,379.269,-96.755,5122.9256,15.28,139193113.0,1136.486319736124,968.8683566952283,-4454.901865536664,431089.33099999995,1136.6321291748072,-1.175903782824736,-1.180573251907255,-1.1758827518227306,0.42630253830130443,-0.7765143120633543,crypto
15488,2016-04-25,-0.012156,-0.012156,39.82,7934207.0,1212027.0,48262915.14,PAYPAL HOLDINGS INC,PYPL,024616,2016-03-31,29470.0,15872.0,13598.0,2544.0,365.0,46628.8,38.6,643043972.0,18971.271674528303,3549.2657111339904,132227.1647671233,48265189.14,18972.16554245283,-0.6946525382703671,-0.8618475094124538,-0.6947491472865258,-0.9345491200993995,-0.7964495787671866,crypto
15488,2016-04-26,-0.00226,-0.00226,39.73,5271169.0,1212027.0,48153832.70999999,PAYPAL HOLDINGS INC,PYPL,024616,2016-03-31,29470.0,15872.0,13598.0,2544.0,365.0,46628.8,38.6,643043972.0,18928.393360849055,3541.2437645241944,131928.30879452053,48156106.70999999,18929.28722877358,-0.7048363316127657,-0.8675455591771988,-0.7049308592419684,-0.9428374881277065,-0.8050375595399099,crypto
15826,2016-04-26,0.043414,0.043414,14.18,1702164.0,31717.0,449747.06,BLOCK INC,XYZ,026367,2016-03-31,945.069,500.185,444.884,379.269,-96.755,5122.9256,15.28,139193113.0,1185.8260495848592,1010.9310741676481,-4648.308201126557,449802.361,1185.9718590235425,-1.1707687009293988,-1.1749567749327192,-1.1707480064644011,0.42613115866853646,-0.7725855809144957,crypto
92213,2016-04-26,0.051546,0.051546,3.06,38467.0,3874.0,11854.44,RIOT PLATFORMS INC,RIOT,148170,2016-03-31,18.474,1.796,16.678,0.024,0.56,10.4679,2.7,2028997.0,493935.0,710.7830675140904,21168.642857142855,11839.558,493314.9166666667,-0.19242317342729265,-0.4825302536470157,-0.19259252619935152,2.1895531160210733,0.33050179068685337,crypto
15488,2016-04-27,0.007048,0.007048,40.01,12727635.0,1212027.0,48493200.269999996,PAYPAL HOLDINGS INC,PYPL,024616,2016-03-31,29470.0,15872.0,13598.0,2544.0,365.0,46628.8,38.6,643043972.0,19061.79255896226,3566.2009317546695,132858.08293150683,48495474.269999996,19062.68642688679,-0.6731534189919725,-0.8498182932424376,-0.6732544220472598,-0.9170514542618645,-0.7783193971358836,crypto
15826,2016-04-27,0.035966,0.035966,14.69,1671491.0,31717.0,465922.73,BLOCK INC,XYZ,026367,2016-03-31,945.069,500.185,444.884,379.269,-96.755,5122.9256,15.28,139193113.0,1228.4756465727492,1047.2903723217737,-4815.489948839853,465978.03099999996,1228.6214560114324,-1.1663299013249544,-1.1701018541581207,-1.1663094977648278,0.425983016952076,-0.7691895590739567,crypto
92213,2016-04-27,-0.013072,-0.013072,3.02,20388.0,3874.0,11699.48,RIOT PLATFORMS INC,RIOT,148170,2016-03-31,18.474,1.796,16.678,0.024,0.56,10.4679,2.7,2028997.0,487478.3333333333,701.4917855858016,20891.92857142857,11684.598,486858.25,-0.19606060951388382,-0.4847472478077008,-0.19623001618717167,2.1684159027545418,0.32284450731144637,crypto
15488,2016-04-28,0.0015,0.0015,40.07,17799949.0,1212027.0,48565921.89,PAYPAL HOLDINGS INC,PYPL,024616,2016-03-31,29470.0,15872.0,13598.0,2544.0,365.0,46628.8,38.6,643043972.0,19090.378101415095,3571.5488961612004,133057.32024657534,48568195.89,19091.27196933962,-0.6663642234303727,-0.846019593399274,-0.6664666140769651,-0.9115258755763262,-0.7725940766207345,crypto
15826,2016-04-28,0.044929,0.044929,15.35,3022049.0,51466.0,790003.1,BLOCK INC,XYZ,026367,2016-03-31,945.069,500.185,444.884,379.269,-96.755,5122.9256,15.28,139193113.0,2082.962488365777,1775.7507575008315,-8164.984755309803,790058.4010000001,2083.108297804461,-1.0773983258066517,-1.072833269861299,-1.0773837505403923,0.42301499013878624,-0.7011500890173892,crypto
92213,2016-04-28,-0.006623,-0.006623,3.0,4664.0,3874.0,11622.0,RIOT PLATFORMS INC,RIOT,148170,2016-03-31,18.474,1.796,16.678,0.024,0.56,10.4679,2.7,2028997.0,484250.0,696.8461446216572,20753.571428571428,11607.118,483629.9166666667,-0.19787932755717938,-0.48585574488804334,-0.19804876118108175,2.1578472961212762,0.31901586562374296,crypto
92213,2016-04-29,0.03,0.03,3.09,10006.0,3874.0,11970.66,RIOT PLATFORMS INC,RIOT,148170,2016-03-31,18.474,1.796,16.678,0.024,0.56,10.4679,2.7,2028997.0,498777.5,717.7515289603069,21376.17857142857,11955.778,498157.4166666667,-0.1896950963623493,-0.4808675080265018,-0.1898644087084864,2.2054060259709716,0.3362447532184085,crypto
15488,2016-04-29,-0.022211,-0.022211,39.18,10001401.0,1212027.0,47487217.86,PAYPAL HOLDINGS INC,PYPL,024616,2016-03-31,29470.0,15872.0,13598.0,2544.0,365.0,46628.8,38.6,643043972.0,18666.359221698112,3492.220757464333,130101.96673972602,47489491.86,18667.25308962264,-0.7670706242607533,-0.9023669744061936,-0.7671524323030013,-0.9934886260784679,-0.857519664262104,crypto
15826,2016-04-29,-0.029967,-0.029967,14.89,1819473.0,51466.0,766328.74,BLOCK INC,XYZ,026367,2016-03-31,945.069,500.185,444.884,379.269,-96.755,5122.9256,15.28,139193113.0,2020.541462655793,1722.5360768200248,-7920.301173065992,766384.0410000001,2020.6872720944766,-1.0838948566955404,-1.0799388266752872,-1.0838798556672171,0.42323180714398617,-0.7061204329735147,crypto
15488,2016-05-02,-0.004084,-0.004084,39.02,6777514.0,1212027.0,47293293.54000001,PAYPAL HOLDINGS INC,PYPL,024616,2016-03-31,29470.0,15872.0,13598.0,2544.0,365.0,46628.8,38.6,643043972.0,18590.13110849057,3477.959519046919,129570.66723287673,47295567.54000001,18591.024976415098,-0.785175145758349,-0.9124968406546284,-0.7852532535571196,-1.0082235025732342,-0.8727871856358328,crypto
15826,2016-05-02,-0.059772,-0.059772,14.0,2547075.0,51466.0,720524.0,BLOCK INC,XYZ,026367,2016-03-31,945.069,500.185,444.884,379.269,-96.755,5122.9256,15.28,139193113.0,1899.7703476951715,1619.5772381115078,-7446.891633507313,720579.3010000001,1899.916157133855,-1.0964642316762165,-1.0936865344240903,-1.0964484068908564,0.4236513009149164,-0.7157369680190617,crypto
92213,2016-05-02,-0.048544,-0.048544,2.94,26628.0,3874.0,11389.56,RIOT PLATFORMS INC,RIOT,148170,2016-03-31,18.474,1.796,16.678,0.024,0.56,10.4679,2.7,2028997.0,474564.99999999994,682.9092217292241,20338.499999999996,11374.678,473944.9166666666,-0.2033354816870661,-0.48918123612907105,-0.20350499616281204,2.1261414762214788,0.3075299405606324,crypto
15826,2016-05-03,-0.039286,-0.039286,13.45,2263505.0,51466.0,692217.7,BLOCK INC,XYZ,026367,2016-03-31,945.069,500.185,444.884,379.269,-96.755,5122.9256,15.28,139193113.0,1825.1365126071469,1555.9509894714126,-7154.335176476668,692273.001,1825.2823220458304,-1.1042318229564096,-1.102182308875598,-1.1042154891077123,0.42391053863852496,-0.7216797705752988,crypto
92213,2016-05-03,0.003401,0.003401,2.95,24783.0,3874.0,11428.300000000001,RIOT PLATFORMS INC,RIOT,148170,2016-03-31,18.474,1.796,16.678,0.024,0.56,10.4679,2.7,2028997.0,476179.1666666667,685.2320422112964,20407.678571428572,11413.418000000001,475559.0833333334,-0.2024261226654183,-0.4886269875888997,-0.20259562366585693,2.131425779538112,0.3094442614044843,crypto
15488,2016-05-03,-0.016914,-0.016914,38.36,9146618.0,1212027.0,46493355.72,PAYPAL HOLDINGS INC,PYPL,024616,2016-03-31,29470.0,15872.0,13598.0,2544.0,365.0,46628.8,38.6,643043972.0,18275.690141509433,3419.1319105750845,127379.05676712329,46495629.72,18276.584009433962,-0.8598562969359352,-0.9542825389294229,-0.8599191412303613,-1.0690048681141486,-0.935765711302467,crypto
92213,2016-05-04,-0.020373,-0.020373,2.8899,2637.0,3874.0,11195.4726,RIOT PLATFORMS INC,RIOT,148170,2016-03-31,18.474,1.796,16.678,0.024,0.56,10.4679,2.7,2028997.0,466478.02499999997,671.2718911140423,19991.915357142854,11180.5906,465857.94166666665,-0.20789137038552152,-0.4919580213153292,-0.20806095237255676,2.099667116605148,0.29793919313293515,crypto
15488,2016-05-04,-0.001303,-0.001303,38.31,8121665.0,1212027.0,46432754.370000005,PAYPAL HOLDINGS INC,PYPL,024616,2016-03-31,29470.0,15872.0,13598.0,2544.0,365.0,46628.8,38.6,643043972.0,18251.868856132078,3414.6752735696427,127213.02567123288,46435028.370000005,18252.762724056607,-0.8655139599039332,-0.9574481221320587,-0.8655756478722725,-1.0736095170187632,-0.9405368117317568,crypto
15826,2016-05-04,-0.004461,-0.004461,13.39,3135114.0,51466.0,689129.74,BLOCK INC,XYZ,026367,2016-03-31,945.069,500.185,444.884,379.269,-96.755,5122.9256,15.28,139193113.0,1816.9946396884532,1549.0099441652205,-7122.41992661878,689185.0410000001,1817.140449127137,-1.1050791965506124,-1.1031091206339443,-1.1050628071677329,0.42393881911746406,-0.7223280763087063,crypto
92213,2016-05-05,-0.003426,-0.003426,2.88,34960.0,3874.0,11157.119999999999,RIOT PLATFORMS INC,RIOT,148170,2016-03-31,18.474,1.796,16.678,0.024,0.56,10.4679,2.7,2028997.0,464879.99999999994,668.9722988367909,19923.42857142857,11142.238,464259.9166666666,-0.20879163581695284,-0.4925067273700988,-0.20896123114454226,2.0944356563216817,0.29604401549752196,crypto
15488,2016-05-05,0.016706,0.016706,38.95,7127463.0,1212027.0,47208451.650000006,PAYPAL HOLDINGS INC,PYPL,024616,2016-03-31,29470.0,15872.0,13598.0,2544.0,365.0,46628.8,38.6,643043972.0,18556.781308962265,3471.7202272393,129338.22369863016,47210725.650000006,18557.675176886794,-0.7930958739135479,-0.9169286571383188,-0.793172362855797,-1.0146700110396947,-0.8794667262368396,crypto
15826,2016-05-05,-0.025392,-0.025392,13.05,4973888.0,51466.0,671631.3,BLOCK INC,XYZ,026367,2016-03-31,945.069,500.185,444.884,379.269,-96.755,5122.9256,15.28,139193113.0,1770.8573598158564,1509.6773540967984,-6941.566844090746,671686.6010000001,1771.00316925454,-1.1098809802510954,-1.1083610539312396,-1.1098642761745163,0.42409907516478573,-0.7260018087980165,crypto
15488,2016-05-06,0.013607,0.013607,39.48,6566908.0,1212027.0,47850825.95999999,PAYPAL HOLDINGS INC,PYPL,024616,2016-03-31,29470.0,15872.0,13598.0,2544.0,365.0,46628.8,38.6,643043972.0,18809.286933962263,3518.9605794969843,131098.15331506848,47853099.95999999,18810.18080188679,-0.7331246464527601,-0.8833734751903785,-0.7332133924515293,-0.9658607326507798,-0.8288930616863619,crypto
15826,2016-05-06,-0.216858,-0.216858,10.22,13716846.0,51466.0,525982.52,BLOCK INC,XYZ,026367,2016-03-31,945.069,500.185,444.884,379.269,-96.755,5122.9256,15.28,139193113.0,1386.8323538174752,1182.2913838214006,-5436.2308924603385,526037.8210000001,1386.9781632561587,-1.1498487681109977,-1.152075675199906,-1.1498294446721562,0.4254329710880808,-0.7565802292237448,crypto
92213,2016-05-06,-0.024306,-0.024306,2.81,7925.0,3874.0,10885.94,RIOT PLATFORMS INC,RIOT,148170,2016-03-31,18.474,1.796,16.678,0.024,0.56,10.4679,2.7,2028997.0,453580.8333333334,652.7125554622856,19439.17857142857,10871.058,452960.75,-0.21515714896848728,-0.4963864671512977,-0.21532683862322752,2.0574455331052515,0.28264376959055976,crypto
92213,2016-05-09,0.007117,0.007117,2.83,25743.0,3874.0,10963.42,RIOT PLATFORMS INC,RIOT,148170,2016-03-31,18.474,1.796,16.678,0.024,0.56,10.4679,2.7,2028997.0,456809.1666666667,657.35819642643,19577.535714285714,10948.538,456189.0833333334,-0.21333843092519172,-0.4952779700709552,-0.2135080936293174,2.0680141397385174,0.2864724112782633,crypto
15488,2016-05-09,0.003546,0.003546,39.62,5860985.0,1212027.0,48020509.739999995,PAYPAL HOLDINGS INC,PYPL,024616,2016-03-31,29470.0,15872.0,13598.0,2544.0,365.0,46628.8,38.6,643043972.0,18875.986533018866,3531.439163112222,131563.04038356163,48022783.739999995,18876.880400943395,-0.7172831901423634,-0.8745098422229978,-0.7173751738541745,-0.9529677157178588,-0.8155339804843487,crypto
15826,2016-05-09,-0.036204,-0.036204,9.85,4881801.0,51466.0,506940.1,BLOCK INC,XYZ,026367,2016-03-31,945.069,500.185,444.884,379.269,-96.755,5122.9256,15.28,139193113.0,1336.6241374855313,1139.4882710998822,-5239.420185003359,506995.40099999995,1336.7699469242145,-1.1550742386085822,-1.1577910143763748,-1.15505457270895,0.42560736737487204,-0.7605781145797588,crypto
15826,2016-05-10,0.015228,0.015228,10.0,3068830.0,51466.0,514660.0,BLOCK INC,XYZ,026367,2016-03-31,945.069,500.185,444.884,379.269,-96.755,5122.9256,15.28,139193113.0,1356.9788197822654,1156.8408843653626,-5319.20830964808,514715.301,1357.1246292209487,-1.1529558046230748,-1.1554739849805091,-1.1529362775588985,0.4255366661775242,-0.7589573502462396,crypto
92213,2016-05-10,0.097915,0.097915,3.1071,70266.0,3874.0,12036.9054,RIOT PLATFORMS INC,RIOT,148170,2016-03-31,18.474,1.796,16.678,0.024,0.56,10.4679,2.7,2028997.0,501537.725,721.7235519846504,21494.473928571428,12022.0234,500917.64166666666,-0.18814009243533159,-0.47991974302280893,-0.1883093817386933,2.2144421846424143,0.3395182418613951,crypto
15488,2016-05-10,0.012368,0.012368,40.11,6589127.0,1212027.0,48614402.97,PAYPAL HOLDINGS INC,PYPL,024616,2016-03-31,29470.0,15872.0,13598.0,2544.0,365.0,46628.8,38.6,643043972.0,19109.43512971698,3575.114205765554,133190.14512328766,48616676.97,19110.328997641507,-0.6618380930559737,-0.8434871268371654,-0.6619414087634354,-0.9078421564526349,-0.7687771962773023,crypto
15826,2016-05-11,-0.032,-0.032,9.68,2430193.0,51466.0,498190.88,BLOCK INC,XYZ,026367,2016-03-31,945.069,500.185,444.884,379.269,-96.755,5122.9256,15.28,139193113.0,1313.5554975492328,1119.821976065671,-5148.993643739342,498246.181,1313.7013069879163,-1.1574751304588236,-1.1604169810250227,-1.157455307212342,0.4256874953985329,-0.7624149808244138,crypto
92213,2016-05-11,0.004152,0.004152,3.12,44124.0,3877.0,12096.24,RIOT PLATFORMS INC,RIOT,148170,2016-03-31,18.474,1.796,16.678,0.024,0.56,10.4679,2.7,2028997.0,504010.0,725.2812087780309,21600.42857142857,12081.358,503389.9166666667,-0.18674730839284673,-0.47907085000702043,-0.18691657705728315,2.2225356803463656,0.34245023622230386,crypto
15488,2016-05-11,-0.009973,-0.009973,39.71,5995713.0,1212027.0,48129592.17,PAYPAL HOLDINGS INC,PYPL,024616,2016-03-31,29470.0,15872.0,13598.0,2544.0,365.0,46628.8,38.6,643043972.0,18918.864846698114,3539.461109722018,131861.8963561644,48131866.17,18919.758714622643,-0.7070993967999648,-0.8688117924582528,-0.7071934618987319,-0.9446793476895518,-0.8069459997116253,crypto
92213,2016-05-12,-0.035256,-0.035256,3.01,23023.0,3877.0,11669.769999999999,RIOT PLATFORMS INC,RIOT,148170,2016-03-31,18.474,1.796,16.678,0.024,0.56,10.4679,2.7,2028997.0,486240.4166666666,699.7103969300874,20838.874999999996,11654.887999999999,485620.33333333326,-0.19675800384876135,-0.485172305219381,-0.19692742085636467,2.164363330438146,0.32137640012840973,crypto
15826,2016-05-12,-0.041322,-0.041322,9.28,2703646.0,51466.0,477604.48,BLOCK INC,XYZ,026367,2016-03-31,945.069,500.185,444.884,379.269,-96.755,5122.9256,15.28,139193113.0,1259.2763447579423,1073.5483406910564,-4936.225311353419,477659.78099999996,1259.4221541966256,-1.1631242877535095,-1.1665957260806645,-1.1631040942791462,0.4258760319247937,-0.7667370190471317,crypto
15488,2016-05-12,-0.005037,-0.005037,39.51,6323088.0,1212027.0,47887186.769999996,PAYPAL HOLDINGS INC,PYPL,024616,2016-03-31,29470.0,15872.0,13598.0,2544.0,365.0,46628.8,38.6,643043972.0,18823.579705188677,3521.63456170025,131197.77197260273,47889460.769999996,18824.473573113206,-0.7297300486719611,-0.8814741252687968,-0.7298194884663814,-0.9630979433080111,-0.8260304014287876,crypto
15826,2016-05-13,0.008621,0.008621,9.36,1968912.0,51466.0,481721.75999999995,BLOCK INC,XYZ,026367,2016-03-31,945.069,500.185,444.884,379.269,-96.755,5122.9256,15.28,139193113.0,1270.1321753162001,1082.8030677659792,-4978.778977830602,481777.0609999999,1270.2779847548836,-1.161994456294572,-1.1653599770695362,-1.1619743368657853,0.42583832461954146,-0.765872611402588,crypto
92213,2016-05-13,0.063123,0.063123,3.2,36780.0,3877.0,12406.400000000001,RIOT PLATFORMS INC,RIOT,148170,2016-03-31,18.474,1.796,16.678,0.024,0.56,10.4679,2.7,2028997.0,516933.3333333334,743.8781628492626,22154.285714285714,12391.518000000002,516313.25000000006,-0.179466802606727,-0.47463342803439457,-0.1796359633852239,2.26484284391598,0.35777666247240864,crypto
15488,2016-05-13,-0.000759,-0.000759,39.48,5885930.0,1212027.0,47850825.95999999,PAYPAL HOLDINGS INC,PYPL,024616,2016-03-31,29470.0,15872.0,13598.0,2544.0,365.0,46628.8,38.6,643043972.0,18809.286933962263,3518.9605794969843,131098.15331506848,47853099.95999999,18810.18080188679,-0.7331246464527601,-0.8833734751903785,-0.7332133924515293,-0.9658607326507798,-0.8288930616863619,crypto
15488,2016-05-16,-0.004559,-0.004559,39.3,10316036.0,1212027.0,47632661.099999994,PAYPAL HOLDINGS INC,PYPL,024616,2016-03-31,29470.0,15872.0,13598.0,2544.0,365.0,46628.8,38.6,643043972.0,18723.53030660377,3502.916686277393,130500.441369863,47634935.099999994,18724.4241745283,-0.7534922331375565,-0.8947695747198678,-0.7535768163624127,-0.982437468707393,-0.8460690232318075,crypto
92213,2016-05-16,0.121875,0.121875,3.59,197746.0,3877.0,13918.43,RIOT PLATFORMS INC,RIOT,148170,2016-03-31,18.474,1.796,16.678,0.024,0.56,10.4679,2.7,2028997.0,579934.5833333334,834.5383139465164,24854.339285714283,13903.548,579314.5,-0.14397433689939346,-0.45300099591784365,-0.1441429717339351,2.4710902663178484,0.43249299044166906,crypto
15826,2016-05-16,-0.021368,-0.021368,9.16,5488548.0,51466.0,471428.56,BLOCK INC,XYZ,026367,2016-03-31,945.069,500.185,444.884,379.269,-96.755,5122.9256,15.28,139193113.0,1242.992598920555,1059.6662500786722,-4872.394811637641,471483.861,1243.1384083592384,-1.1648190349419152,-1.1684493495973571,-1.1647987303991874,0.4259325928826719,-0.7680336305139469,crypto
15488,2016-05-17,-0.00598,-0.00598,39.065,10746107.0,1212027.0,47347834.754999995,PAYPAL HOLDINGS INC,PYPL,024616,2016-03-31,29470.0,15872.0,13598.0,2544.0,365.0,46628.8,38.6,643043972.0,18611.570265330185,3481.970492351816,129720.09521917807,47350108.754999995,18612.464133254714,-0.7800832490871514,-0.9096478157722565,-0.7801623975794001,-1.004079318559082,-0.8684931952494725,crypto
15826,2016-05-17,0.002183,0.002183,9.18,13089314.0,51466.0,472457.88,BLOCK INC,XYZ,026367,2016-03-31,945.069,500.185,444.884,379.269,-96.755,5122.9256,15.28,139193113.0,1245.7065565601197,1061.979931847403,-4883.033228256938,472513.181,1245.852365998803,-1.164536577077181,-1.1681404123445749,-1.164516291045847,0.4259231660563589,-0.767817528602811,crypto
92213,2016-05-17,0.233983,0.233983,4.43,443542.0,3877.0,17175.11,RIOT PLATFORMS INC,RIOT,148170,2016-03-31,18.474,1.796,16.678,0.024,0.56,10.4679,2.7,2028997.0,715629.5833333334,1029.8063316944479,30669.839285714283,17160.228,715009.5,-0.06752902614513655,-0.4064080652052724,-0.06769652817731303,2.9153154837987962,0.5934204660677685,crypto
92213,2016-05-18,-0.180587,-0.180587,3.63,1967373.0,3877.0,14073.51,RIOT PLATFORMS INC,RIOT,148170,2016-03-31,18.474,1.796,16.678,0.024,0.56,10.4679,2.7,2028997.0,586396.25,843.8367909821321,25131.267857142855,14058.628,585776.1666666666,-0.14033408400633363,-0.4507822849315307,-0.1405026648979055,2.4922438481026554,0.44015620356672136,crypto
15826,2016-05-18,0.023965,0.023965,9.4,5261521.0,51466.0,483780.4,BLOCK INC,XYZ,026367,2016-03-31,945.069,500.185,444.884,379.269,-96.755,5122.9256,15.28,139193113.0,1275.5600905953295,1087.4304313034409,-5000.055811069195,483835.701,1275.7059000340128,-1.1614295405651036,-1.164742102563972,-1.1614094581591048,0.4258194709669154,-0.7654404075803163,crypto
15488,2016-05-18,-0.002176,-0.002176,38.98,10393509.0,1212027.0,47244812.45999999,PAYPAL HOLDINGS INC,PYPL,024616,2016-03-31,29470.0,15872.0,13598.0,2544.0,365.0,46628.8,38.6,643043972.0,18571.074080188675,3474.3942094425647,129437.84235616437,47247086.45999999,18571.967948113204,-0.7897012761327497,-0.9150293072167377,-0.7897784588706509,-1.0119072216969267,-0.8766040659792662,crypto
92213,2016-05-19,0.093664,0.093664,3.97,169248.0,3877.0,15391.69,RIOT PLATFORMS INC,RIOT,148170,2016-03-31,18.474,1.796,16.678,0.024,0.56,10.4679,2.7,2028997.0,641320.4166666666,922.8738457848663,27485.160714285714,15376.808,640700.3333333334,-0.1093919344153249,-0.43192324154787093,-0.10956005679165366,2.672049293273515,0.5052935151296665,crypto
15826,2016-05-19,0.021277,0.021277,9.6,3792579.0,51466.0,494073.6,BLOCK INC,XYZ,026367,2016-03-31,945.069,500.185,444.884,379.269,-96.755,5122.9256,15.28,139193113.0,1302.6996669909747,1110.567248990748,-5106.439977262157,494128.90099999995,1302.845476429658,-1.1586049619177607,-1.161652730036151,-1.1585850646257028,0.425725202703785,-0.7632793884689574,crypto
15488,2016-05-19,-0.03412,-0.03412,37.65,17041329.0,1212027.0,45632816.55,PAYPAL HOLDINGS INC,PYPL,024616,2016-03-31,29470.0,15872.0,13598.0,2544.0,365.0,46628.8,38.6,643043972.0,17937.427889150942,3355.847665097808,125021.41520547944,45635090.55,17938.32175707547,-0.9401951110815193,-0.9992338204068533,-0.9402415355455142,-1.1343908825596776,-1.0035153373983912,crypto
15488,2016-05-20,-0.003187,-0.003187,37.53,12497204.0,1212027.0,45487373.31,PAYPAL HOLDINGS INC,PYPL,024616,2016-03-31,29470.0,15872.0,13598.0,2544.0,365.0,46628.8,38.6,643043972.0,17880.256804245284,3345.151736284748,124622.94057534247,45489647.31,17881.150672169813,-0.9537735022047161,-1.006831220093179,-0.9538171514861028,-1.1454420399307526,-1.0149659784286875,crypto
15826,2016-05-20,-0.021875,-0.021875,9.39,4165941.0,51466.0,483265.74000000005,BLOCK INC,XYZ,026367,2016-03-31,945.069,500.185,444.884,379.269,-96.755,5122.9256,15.28,139193113.0,1274.2031117755473,1086.2735904190756,-4994.736602759548,483321.041,1274.3489212142306,-1.1615707694974708,-1.164896571190363,-1.161550677835775,0.4258241843800719,-0.7655484585358842,crypto
92213,2016-05-20,-0.078086,-0.078086,3.66,124532.0,3877.0,14189.82,RIOT PLATFORMS INC,RIOT,148170,2016-03-31,18.474,1.796,16.678,0.024,0.56,10.4679,2.7,2028997.0,591242.5,850.810648758844,25338.964285714283,14174.938,590622.4166666666,-0.13760389433653872,-0.4491182516917961,-0.13777243477088327,2.5081090344412607,0.44590361341051066,crypto
15826,2016-05-23,0.007455,0.007455,9.46,4961252.0,51466.0,486868.36000000004,BLOCK INC,XYZ,026367,2016-03-31,945.069,500.185,444.884,379.269,-96.755,5122.9256,15.28,139193113.0,1283.7019635140232,1094.3714766096332,-5031.971060927084,486923.661,1283.8477729527065,-1.1605821669709007,-1.1638152908056256,-1.1605621400990842,0.4257911904879763,-0.7647921018469086,crypto
92213,2016-05-23,-0.032787,-0.032787,3.54,68335.0,3877.0,13724.58,RIOT PLATFORMS INC,RIOT,148170,2016-03-31,18.474,1.796,16.678,0.024,0.56,10.4679,2.7,2028997.0,571857.5,822.9152176519966,24508.17857142857,13709.698,571237.4166666666,-0.1485246530157183,-0.45577438465073483,-0.14869335527897215,2.4446482890868397,0.42291397403535363,crypto
15488,2016-05-23,0.014389,0.014389,38.07,9083796.0,1212027.0,46141867.89,PAYPAL HOLDINGS INC,PYPL,024616,2016-03-31,29470.0,15872.0,13598.0,2544.0,365.0,46628.8,38.6,643043972.0,18137.526686320754,3393.283415943521,126416.0764109589,46144141.89,18138.420554245284,-0.8926707421503285,-0.9726429215047113,-0.8927268797534517,-1.0957118317609138,-0.9634380937923513,crypto
92213,2016-05-24,-0.039548,-0.039548,3.4,43753.0,3877.0,13181.8,RIOT PLATFORMS INC,RIOT,148170,2016-03-31,18.474,1.796,16.678,0.024,0.56,10.4679,2.7,2028997.0,549241.6666666666,790.3705480273413,23538.92857142857,13166.918,548621.5833333333,-0.1612655381414278,-0.46353987310283,-0.16143442920507584,2.370610752840015,0.3960927280976703,crypto
15826,2016-05-24,0.071882,0.071882,10.14,7870678.0,51466.0,521865.24000000005,BLOCK INC,XYZ,026367,2016-03-31,945.069,500.185,444.884,379.269,-96.755,5122.9256,15.28,139193113.0,1375.9765232592172,1173.0366567464778,-5393.677225983154,521920.541,1376.1223326979004,-1.1509785995699346,-1.1533114242110345,-1.150959202085517,0.4254706783933329,-0.7574446368682883,crypto
15488,2016-05-24,0.022327,0.022327,38.92,7555190.0,1212027.0,47172090.84,PAYPAL HOLDINGS INC,PYPL,024616,2016-03-31,29470.0,15872.0,13598.0,2544.0,365.0,46628.8,38.6,643043972.0,18542.48853773585,3469.046245036035,129238.6050410959,47174364.84,18543.382405660377,-0.7964904716943467,-0.9188280070599002,-0.7965662668409448,-1.0174328003824638,-0.8823293864944138,crypto
15826,2016-05-25,-0.013807,-0.013807,10.0,4934898.0,51466.0,514660.0,BLOCK INC,XYZ,026367,2016-03-31,945.069,500.185,444.884,379.269,-96.755,5122.9256,15.28,139193113.0,1356.9788197822654,1156.8408843653626,-5319.20830964808,514715.301,1357.1246292209487,-1.1529558046230748,-1.1554739849805091,-1.1529362775588985,0.4255366661775242,-0.7589573502462396,crypto
15488,2016-05-25,-0.004111,-0.004111,38.76,6561609.0,1212027.0,46978166.519999996,PAYPAL HOLDINGS INC,PYPL,024616,2016-03-31,29470.0,15872.0,13598.0,2544.0,365.0,46628.8,38.6,643043972.0,18466.2604245283,3454.78500661862,128707.30553424657,46980440.519999996,18467.15429245283,-0.8145949931919442,-0.9289578733083357,-0.8146670880950639,-1.0321676768772314,-0.8975969078681438,crypto
92213,2016-05-25,0.020588,0.020588,3.47,138267.0,3877.0,13453.19,RIOT PLATFORMS INC,RIOT,148170,2016-03-31,18.474,1.796,16.678,0.024,0.56,10.4679,2.7,2028997.0,560549.5833333334,806.642882839669,24023.55357142857,13438.308,559929.5,-0.154895095578573,-0.4596571288767824,-0.15506389224202397,2.407629520963427,0.4095033510665119,crypto
15488,2016-05-26,-0.017802,-0.017802,38.07,5894744.0,1212027.0,46141867.89,PAYPAL HOLDINGS INC,PYPL,024616,2016-03-31,29470.0,15872.0,13598.0,2544.0,365.0,46628.8,38.6,643043972.0,18137.526686320754,3393.283415943521,126416.0764109589,46144141.89,18138.420554245284,-0.8926707421503285,-0.9726429215047113,-0.8927268797534517,-1.0957118317609138,-0.9634380937923513,crypto
15826,2016-05-26,-0.025,-0.025,9.75,2578433.0,51466.0,501793.5,BLOCK INC,XYZ,026367,2016-03-31,945.069,500.185,444.884,379.269,-96.755,5122.9256,15.28,139193113.0,1323.0543492877086,1127.9198622562285,-5186.228101906879,501848.801,1323.200158726392,-1.1564865279322536,-1.1593357006402853,-1.1564667694756512,0.4256545015064372,-0.7616586241354383,crypto
92213,2016-05-26,-0.008646,-0.008646,3.44,25462.0,3877.0,13336.88,RIOT PLATFORMS INC,RIOT,148170,2016-03-31,18.474,1.796,16.678,0.024,0.56,10.4679,2.7,2028997.0,555703.3333333333,799.6690250629571,23815.857142857138,13321.998,555083.25,-0.15762528524836797,-0.4613211621165171,-0.15779412236904616,2.391764334624822,0.4037559412227227,crypto
15826,2016-05-27,-0.012308,-0.012308,9.63,2404682.0,51466.0,495617.58,BLOCK INC,XYZ,026367,2016-03-31,945.069,500.185,444.884,379.269,-96.755,5122.9256,15.28,139193113.0,1306.7706034503215,1114.0377716438443,-5122.397602191101,495672.881,1306.916412889005,-1.1581812751206593,-1.1611893241569777,-1.1581614055956924,0.42571106246431545,-0.7629552356022535,crypto
92213,2016-05-27,-0.017442,-0.017442,3.38,31794.0,3877.0,13104.26,RIOT PLATFORMS INC,RIOT,148170,2016-03-31,18.474,1.796,16.678,0.024,0.56,10.4679,2.7,2028997.0,546010.8333333334,785.7213095095335,23400.464285714283,13089.378,545390.75,-0.16308566458795767,-0.46464922859598645,-0.16325458262309062,2.3600339619476114,0.39226112153514414,crypto
15488,2016-05-27,0.000525,0.000525,38.09,5863610.0,1212027.0,46166108.43000001,PAYPAL HOLDINGS INC,PYPL,024616,2016-03-31,29470.0,15872.0,13598.0,2544.0,365.0,46628.8,38.6,643043972.0,18147.0552004717,3395.066070745698,126482.4888493151,46168382.43000001,18147.94906839623,-0.8904076769631286,-0.9713766882236566,-0.8904642770966864,-1.0938699721990672,-0.9615296536206347,crypto
92213,2016-05-31,-0.011834,-0.011834,3.34,19473.0,3877.0,12949.18,RIOT PLATFORMS INC,RIOT,148170,2016-03-31,18.474,1.796,16.678,0.024,0.56,10.4679,2.7,2028997.0,539549.1666666666,776.4228324739178,23123.535714285714,12934.298,538929.0833333334,-0.16672591748101756,-0.46686793958229933,-0.1668948894591202,2.3388803801628044,0.38459790841009184,crypto
15488,2016-05-31,-0.007876,-0.007876,37.79,12231362.0,1212027.0,45802500.33,PAYPAL HOLDINGS INC,PYPL,024616,2016-03-31,29470.0,15872.0,13598.0,2544.0,365.0,46628.8,38.6,643043972.0,18004.127488207545,3368.326248713046,125486.3022739726,45804774.33,18005.021356132074,-0.9243536547711226,-0.9903701874394725,-0.9244033169481602,-1.1214978656267562,-0.9901562561963779,crypto
15826,2016-05-31,-0.010384,-0.010384,9.53,3815677.0,51466.0,490470.98,BLOCK INC,XYZ,026367,2016-03-31,945.069,500.185,444.884,379.269,-96.755,5122.9256,15.28,139193113.0,1293.2008152524988,1102.4693628001905,-5069.20551909462,490526.28099999996,1293.3466246911821,-1.1595935644443307,-1.1627340104208883,-1.1595736023623933,0.42575819659588066,-0.7640357451579329,crypto
92213,2016-06-01,0.023952,0.023952,3.42,57187.0,3877.0,13259.34,RIOT PLATFORMS INC,RIOT,148170,2016-03-31,18.474,1.796,16.678,0.024,0.56,10.4679,2.7,2028997.0,552472.5,795.0197865451493,23677.392857142855,13244.458,551852.4166666666,-0.15944541169489784,-0.4624305176096736,-0.159614275787061,2.3811875437324184,0.3999243346601965,crypto
15488,2016-06-01,0.01376,0.01376,38.31,5458457.0,1212027.0,46432754.370000005,PAYPAL HOLDINGS INC,PYPL,024616,2016-03-31,29470.0,15872.0,13598.0,2544.0,365.0,46628.8,38.6,643043972.0,18251.868856132078,3414.6752735696427,127213.02567123288,46435028.370000005,18252.762724056607,-0.8655139599039332,-0.9574481221320587,-0.8655756478722725,-1.0736095170187632,-0.9405368117317568,crypto
15826,2016-06-01,0.007345,0.007345,9.6,2171736.0,51466.0,494073.6,BLOCK INC,XYZ,026367,2016-03-31,945.069,500.185,444.884,379.269,-96.755,5122.9256,15.28,139193113.0,1302.6996669909747,1110.567248990748,-5106.439977262157,494128.90099999995,1302.845476429658,-1.1586049619177607,-1.161652730036151,-1.1585850646257028,0.425725202703785,-0.7632793884689574,crypto
92213,2016-06-02,0.078947,0.078947,3.69,37953.0,3877.0,14306.13,RIOT PLATFORMS INC,RIOT,148170,2016-03-31,18.474,1.796,16.678,0.024,0.56,10.4679,2.7,2028997.0,596088.75,857.7845065355557,25546.66071428571,14291.248,595468.6666666666,-0.13487370466674384,-0.4474542184520614,-0.13504220464386105,2.523974220779866,0.4516510232542999,crypto
15826,2016-06-02,0.005208,0.005208,9.65,2332657.0,51466.0,496646.9,BLOCK INC,XYZ,026367,2016-03-31,945.069,500.185,444.884,379.269,-96.755,5122.9256,15.28,139193113.0,1309.484561089886,1116.351453412575,-5133.036018810398,496702.201,1309.6303705285695,-1.157898817255925,-1.1608803869041957,-1.157878966242352,0.4257016356380024,-0.7627391336911176,crypto
15488,2016-06-02,0.006526,0.006526,38.56,4659221.0,1212027.0,46735761.120000005,PAYPAL HOLDINGS INC,PYPL,024616,2016-03-31,29470.0,15872.0,13598.0,2544.0,365.0,46628.8,38.6,643043972.0,18370.97528301887,3436.958458596853,128043.18115068495,46738035.120000005,18371.8691509434,-0.8372256450639388,-0.941620206118879,-0.8372931146627117,-1.0505862724956894,-0.9166813095853047,crypto
92213,2016-06-03,-0.029539,-0.029539,3.581,12419.0,3877.0,13883.537,RIOT PLATFORMS INC,RIOT,148170,2016-03-31,18.474,1.796,16.678,0.024,0.56,10.4679,2.7,2028997.0,578480.7083333334,832.4461566135028,24792.030357142856,13868.655,577860.625,-0.1447933938003319,-0.45350020588976403,-0.14496204077204175,2.466330710416267,0.4307687674885323,crypto
15488,2016-06-03,-0.005965,-0.005965,38.33,4986042.0,1212027.0,46456994.91,PAYPAL HOLDINGS INC,PYPL,024616,2016-03-31,29470.0,15872.0,13598.0,2544.0,365.0,46628.8,38.6,643043972.0,18261.39737028302,3416.457928371819,127279.43810958903,46459268.91,18262.291238207545,-0.8632508947167342,-0.9561818888510047,-0.863313045215509,-1.071767657456918,-0.9386283715600414,crypto
15826,2016-06-03,-0.019689,-0.019689,9.46,3083024.0,51466.0,486868.36000000004,BLOCK INC,XYZ,026367,2016-03-31,945.069,500.185,444.884,379.269,-96.755,5122.9256,15.28,139193113.0,1283.7019635140232,1094.3714766096332,-5031.971060927084,486923.661,1283.8477729527065,-1.1605821669709007,-1.1638152908056256,-1.1605621400990842,0.4257911904879763,-0.7647921018469086,crypto
15488,2016-06-06,-0.006001,-0.006001,38.1,5065932.0,1212027.0,46178228.7,PAYPAL HOLDINGS INC,PYPL,024616,2016-03-31,29470.0,15872.0,13598.0,2544.0,365.0,46628.8,38.6,643043972.0,18151.81945754717,3395.9573981467865,126515.69506849317,46180502.7,18152.7133254717,-0.8892761443695286,-0.9707435715831295,-0.8893329757683038,-1.0929490424181447,-0.9605754335347767,crypto
92213,2016-06-06,0.044401,0.044401,3.74,13763.0,3877.0,14499.980000000001,RIOT PLATFORMS INC,RIOT,148170,2016-03-31,18.474,1.796,16.678,0.024,0.56,10.4679,2.7,2028997.0,604165.8333333334,869.4076028300756,25892.821428571428,14485.098000000002,603545.7500000001,-0.130323388550419,-0.4446808297191702,-0.13049182109882396,2.550416198010875,0.4612300396606155,crypto
15826,2016-06-06,0.005285,0.005285,9.51,1865826.0,51466.0,489441.66,BLOCK INC,XYZ,026367,2016-03-31,945.069,500.185,444.884,379.269,-96.755,5122.9256,15.28,139193113.0,1290.4868576129343,1100.1556810314598,-5058.567102475325,489496.96099999995,1290.6326670516175,-1.1598760223090652,-1.1630429476736706,-1.1598560417157338,0.4257676234221937,-0.7642518470690689,crypto
92213,2016-06-07,-0.034759,-0.034759,3.61,42227.0,3877.0,13995.97,RIOT PLATFORMS INC,RIOT,148170,2016-03-31,18.474,1.796,16.678,0.024,0.56,10.4679,2.7,2028997.0,583165.4166666666,839.1875524643242,24992.80357142857,13981.088,582545.3333333333,-0.14215421045286356,-0.4518916404246872,-0.14232281831592034,2.481667057210252,0.43632459700419524,crypto
15488,2016-06-07,-0.013911,-0.013911,37.57,6324422.0,1212027.0,45535854.39,PAYPAL HOLDINGS INC,PYPL,024616,2016-03-31,29470.0,15872.0,13598.0,2544.0,365.0,46628.8,38.6,643043972.0,17899.31383254717,3348.7170458891014,124755.7654520548,45538128.39,17900.2077004717,-0.9492473718303172,-1.0042987535310703,-0.9492919461725733,-1.1417583208070607,-1.0111490980852553,crypto
15826,2016-06-07,0.006309,0.006309,9.57,2524713.0,51466.0,492529.62,BLOCK INC,XYZ,026367,2016-03-31,945.069,500.185,444.884,379.269,-96.755,5122.9256,15.28,139193113.0,1298.628730531628,1107.096726337652,-5090.482352333213,492584.921,1298.7745399703113,-1.1590286487148622,-1.1621161359153243,-1.1590087236557132,0.4257393429432546,-0.7636035413356612,crypto
15488,2016-06-08,-0.000532,-0.000532,37.55,8667370.0,1212027.0,45511613.849999994,PAYPAL HOLDINGS INC,PYPL,024616,2016-03-31,29470.0,15872.0,13598.0,2544.0,365.0,46628.8,38.6,643043972.0,17889.785318396225,3346.9343910869243,124689.35301369861,45513887.849999994,17890.67918632075,-0.9515104370175171,-1.005564986812125,-0.9515545488293393,-1.1436001803689073,-1.0130575382569722,crypto
92213,2016-06-08,0.027701,0.027701,3.71,36260.0,3877.0,14383.67,RIOT PLATFORMS INC,RIOT,148170,2016-03-31,18.474,1.796,16.678,0.024,0.56,10.4679,2.7,2028997.0,599319.5833333334,862.4337450533636,25685.124999999996,14368.788,598699.5,-0.13305357822021388,-0.44634486295890496,-0.13322205122584624,2.5345510116722694,0.4554826298168261,crypto
15826,2016-06-08,-0.00209,-0.00209,9.55,2951566.0,51466.0,491500.30000000005,BLOCK INC,XYZ,026367,2016-03-31,945.069,500.185,444.884,379.269,-96.755,5122.9256,15.28,139193113.0,1295.9147728920634,1104.7830445689215,-5079.843935713918,491555.601,1296.060582330747,-1.1593111065795965,-1.1624250731681063,-1.1592911630090532,0.4257487697695676,-0.7638196432467971,crypto
92213,2016-06-09,-0.018868,-0.018868,3.64,5426.0,3877.0,14112.28,RIOT PLATFORMS INC,RIOT,148170,2016-03-31,18.474,1.796,16.678,0.024,0.56,10.4679,2.7,2028997.0,588011.6666666666,846.161410241036,25200.5,14097.398000000001,587391.5833333334,-0.13942402078306868,-0.4502276071849525,-0.13959258818889805,2.497532243548857,0.4420720068479845,crypto
15826,2016-06-09,-0.02199,-0.02199,9.34,2496523.0,51466.0,480692.44,BLOCK INC,XYZ,026367,2016-03-31,945.069,500.185,444.884,379.269,-96.755,5122.9256,15.28,139193113.0,1267.4182176766358,1080.4893859972487,-4968.140561211308,480747.741,1267.564027115319,-1.1622769141593066,-1.1656689143223182,-1.1622567762191254,0.4258477514458545,-0.766088713313724,crypto
15488,2016-06-09,-0.011185,-0.011185,37.13,10206706.0,1212027.0,45002562.510000005,PAYPAL HOLDINGS INC,PYPL,024616,2016-03-31,29470.0,15872.0,13598.0,2544.0,365.0,46628.8,38.6,643043972.0,17689.686521226417,3309.4986402412123,123294.6918082192,45004836.510000005,17690.580389150946,-0.9990348059487071,-1.0321558857142663,-0.9990692046214001,-1.1822792311676695,-1.0531347818630108,crypto
15826,2016-06-10,-0.021413,-0.021413,9.14,3925615.0,51466.0,470399.24000000005,BLOCK INC,XYZ,026367,2016-03-31,945.069,500.185,444.884,379.269,-96.755,5122.9256,15.28,139193113.0,1240.2786412809905,1057.3525683099415,-4861.756395018346,470454.541,1240.424450719674,-1.1651014928066494,-1.1687582868501392,-1.1650811697525274,0.4259420197089849,-0.7682497324250828,crypto
92213,2016-06-10,-0.038462,-0.038462,3.5,16329.0,3877.0,13569.5,RIOT PLATFORMS INC,RIOT,148170,2016-03-31,18.474,1.796,16.678,0.024,0.56,10.4679,2.7,2028997.0,565395.8333333334,813.6167406163809,24231.249999999996,13554.618,564775.75,-0.15216490590877813,-0.4579930956370477,-0.15233366211500174,2.4234947073020323,0.4152507609103012,crypto
15488,2016-06-10,-0.009696,-0.009696,36.77,7741351.0,1212027.0,44566232.79000001,PAYPAL HOLDINGS INC,PYPL,024616,2016-03-31,29470.0,15872.0,13598.0,2544.0,365.0,46628.8,38.6,643043972.0,17518.173266509435,3277.41085380203,122099.26791780823,44568506.79000001,17519.067134433964,-1.039769979318299,-1.054948084773245,-1.039796052443168,-1.2154327032808954,-1.0874867049539019,crypto
15826,2016-06-13,-0.02407,-0.02407,8.92,3509083.0,51466.0,459076.72,BLOCK INC,XYZ,026367,2016-03-31,945.069,500.185,444.884,379.269,-96.755,5122.9256,15.28,139193113.0,1210.4251072457805,1031.9020688539033,-4744.733812206087,459132.02099999995,1210.570916684464,-1.1682085293187265,-1.1721565966307421,-1.1681880026392697,0.42604571479842834,-0.7706268534475775,crypto
15488,2016-06-13,-0.006255,-0.006255,36.54,8206189.0,1212027.0,44287466.58,PAYPAL HOLDINGS INC,PYPL,024616,2016-03-31,29470.0,15872.0,13598.0,2544.0,365.0,46628.8,38.6,643043972.0,17408.595353773584,3256.9103235769967,121335.52487671233,44289740.58,17409.489221698113,-1.0657952289710946,-1.0695097675053706,-1.0658159829959644,-1.2366140882421235,-1.1094337669286383,crypto
92213,2016-06-13,-0.054286,-0.054286,3.31,38018.0,3877.0,12832.87,RIOT PLATFORMS INC,RIOT,148170,2016-03-31,18.474,1.796,16.678,0.024,0.56,10.4679,2.7,2028997.0,534702.9166666667,769.4489746972059,22915.839285714286,12817.988000000001,534082.8333333334,-0.16945610715081239,-0.46853197282203407,-0.16962511958614243,2.323015193824199,0.3788504985663026,crypto
15488,2016-06-14,0.016968,0.016968,37.16,10281933.0,1212027.0,45038923.31999999,PAYPAL HOLDINGS INC,PYPL,024616,2016-03-31,29470.0,15872.0,13598.0,2544.0,365.0,46628.8,38.6,643043972.0,17703.979292452826,3312.1726224444765,123394.3104657534,45041197.31999999,17704.873160377356,-0.995640208167909,-1.0302565357926856,-0.9956753006362541,-1.179516441824902,-1.0502721216054378,crypto
92213,2016-06-14,-0.002991,-0.002991,3.3001,4991.0,3877.0,12794.4877,RIOT PLATFORMS INC,RIOT,148170,2016-03-31,18.474,1.796,16.678,0.024,0.56,10.4679,2.7,2028997.0,533103.6541666667,767.1476016308909,22847.299464285712,12779.6057,532483.5708333333,-0.17035706974184475,-0.46908110379114654,-0.1705260955280598,2.3177796823324592,0.37695385331785203,crypto
15826,2016-06-14,-0.003363,-0.003363,8.89,3510516.0,51466.0,457532.74000000005,BLOCK INC,XYZ,026367,2016-03-31,945.069,500.185,444.884,379.269,-96.755,5122.9256,15.28,139193113.0,1206.354170786434,1028.4315462008076,-4728.776187277144,457588.041,1206.4999802251173,-1.168632216115828,-1.1726200025099154,-1.16861166166928,0.4260598550378979,-0.7709510063142814,crypto
15488,2016-06-15,-0.008611,-0.008611,36.84,7092048.0,1212027.0,44651074.68000001,PAYPAL HOLDINGS INC,PYPL,024616,2016-03-31,29470.0,15872.0,13598.0,2544.0,365.0,46628.8,38.6,643043972.0,17551.52306603774,3283.650145609649,122331.71145205482,44653348.68000001,17552.416933962268,-1.0318492511631003,-1.0505162682895548,-1.0318769431444905,-1.2089861948144345,-1.080807164352895,crypto
92213,2016-06-15,0.024211,0.024211,3.38,6868.0,3877.0,13104.26,RIOT PLATFORMS INC,RIOT,148170,2016-03-31,18.474,1.796,16.678,0.024,0.56,10.4679,2.7,2028997.0,546010.8333333334,785.7213095095335,23400.464285714283,13089.378,545390.75,-0.16308566458795767,-0.46464922859598645,-0.16325458262309062,2.3600339619476114,0.39226112153514414,crypto
15826,2016-06-15,0.019123,0.019123,9.06,3241748.0,51466.0,466281.96,BLOCK INC,XYZ,026367,2016-03-31,945.069,500.185,444.884,379.269,-96.755,5122.9256,15.28,139193113.0,1229.4228107227325,1048.0978412350187,-4819.202728541161,466337.261,1229.5686201614158,-1.1662313242655866,-1.1699940358612675,-1.1662109271658885,0.4259797270142371,-0.7691141400696264,crypto
15826,2016-06-16,-0.001104,-0.001104,9.05,2876282.0,51466.0,465767.30000000005,BLOCK INC,XYZ,026367,2016-03-31,945.069,500.185,444.884,379.269,-96.755,5122.9256,15.28,139193113.0,1228.0658319029503,1046.9410003506532,-4813.883520231513,465822.601,1228.2116413416336,-1.1663725531979539,-1.1701485044876587,-1.1663521468425584,0.4259844404273936,-0.7692221910251944,crypto
15488,2016-06-16,0.003529,0.003529,36.97,6106029.0,1212027.0,44808638.19,PAYPAL HOLDINGS INC,PYPL,024616,2016-03-31,29470.0,15872.0,13598.0,2544.0,365.0,46628.8,38.6,643043972.0,17613.45840801887,3295.2374018237974,122763.39230136985,44810912.19,17614.352275943394,-1.0171393274463036,-1.0422857519627018,-1.01717002587552,-1.1970141076624374,-1.0684023032367407,crypto
92213,2016-06-16,-0.035503,-0.035503,3.26,134111.0,3877.0,12639.019999999999,RIOT PLATFORMS INC,RIOT,148170,2016-03-31,18.474,1.796,16.678,0.024,0.56,10.4679,2.7,2028997.0,526625.8333333333,757.825878402686,22569.678571428565,12624.137999999999,526005.75,-0.1740064232671373,-0.4713053615549252,-0.17417550313117947,2.29657321659319,0.369271482159987,crypto
15826,2016-06-17,-0.001105,-0.001105,9.04,4075171.0,51466.0,465252.63999999996,BLOCK INC,XYZ,026367,2016-03-31,945.069,500.185,444.884,379.269,-96.755,5122.9256,15.28,139193113.0,1226.7088530831677,1045.7841594662877,-4808.564311921864,465307.94099999993,1226.854662521851,-1.1665137821303209,-1.1703029731140497,-1.1664933665192285,0.4259891538405501,-0.7693302419807623,crypto
15488,2016-06-17,0.0,0.0,36.97,7947873.0,1212027.0,44808638.19,PAYPAL HOLDINGS INC,PYPL,024616,2016-03-31,29470.0,15872.0,13598.0,2544.0,365.0,46628.8,38.6,643043972.0,17613.45840801887,3295.2374018237974,122763.39230136985,44810912.19,17614.352275943394,-1.0171393274463036,-1.0422857519627018,-1.01717002587552,-1.1970141076624374,-1.0684023032367407,crypto
92213,2016-06-17,0.076718,0.076718,3.5101,12214.0,3877.0,13608.6577,RIOT PLATFORMS INC,RIOT,148170,2016-03-31,18.474,1.796,16.678,0.024,0.56,10.4679,2.7,2028997.0,567027.4041666667,815.9646060678738,24301.174464285712,13593.7757,566407.3208333333,-0.15124574205328054,-0.45743287111300374,-0.15141448463890428,2.4288359867026963,0.41718572222437694,crypto
15488,2016-06-20,-0.002975,-0.002975,36.86,7789608.0,1212027.0,44675315.22,PAYPAL HOLDINGS INC,PYPL,024616,2016-03-31,29470.0,15872.0,13598.0,2544.0,365.0,46628.8,38.6,643043972.0,17561.05158018868,3285.432800411825,122398.12389041095,44677589.22,17561.94544811321,-1.0295861859759015,-1.0492500350085008,-1.0296143404877263,-1.2071443352525897,-1.0788987241811796,crypto
15826,2016-06-20,0.017699,0.017699,9.2,4263201.0,51466.0,473487.19999999995,BLOCK INC,XYZ,026367,2016-03-31,945.069,500.185,444.884,379.269,-96.755,5122.9256,15.28,139193113.0,1248.420514199684,1064.2936136161336,-4893.671644876234,473542.50099999993,1248.5663236383673,-1.1642541192124465,-1.1678314750917929,-1.1642338516925068,0.4259137392300458,-0.7676014266916751,crypto
92213,2016-06-20,0.022763,0.022763,3.59,16397.0,3877.0,13918.43,RIOT PLATFORMS INC,RIOT,148170,2016-03-31,18.474,1.796,16.678,0.024,0.56,10.4679,2.7,2028997.0,579934.5833333334,834.5383139465164,24854.339285714283,13903.548,579314.5,-0.14397433689939346,-0.45300099591784365,-0.1441429717339351,2.4710902663178484,0.43249299044166906,crypto
92213,2016-06-21,0.005571,0.005571,3.61,4146.0,3877.0,13995.97,RIOT PLATFORMS INC,RIOT,148170,2016-03-31,18.474,1.796,16.678,0.024,0.56,10.4679,2.7,2028997.0,583165.4166666666,839.1875524643242,24992.80357142857,13981.088,582545.3333333333,-0.14215421045286356,-0.4518916404246872,-0.14232281831592034,2.481667057210252,0.43632459700419524,crypto
15826,2016-06-21,0.016304,0.016304,9.35,2594613.0,51466.0,481207.1,BLOCK INC,XYZ,026367,2016-03-31,945.069,500.185,444.884,379.269,-96.755,5122.9256,15.28,139193113.0,1268.775196496418,1081.646226881614,-4973.459769520955,481262.40099999995,1268.9210059351012,-1.1621356852269393,-1.1655144456959272,-1.1621155565424555,0.425843038032698,-0.765980662358156,crypto
15488,2016-06-21,-0.018991,-0.018991,36.16,12816091.0,1212027.0,43826896.31999999,PAYPAL HOLDINGS INC,PYPL,024616,2016-03-31,29470.0,15872.0,13598.0,2544.0,365.0,46628.8,38.6,643043972.0,17227.553584905658,3223.0398823356372,120073.68854794519,43829170.31999999,17228.447452830187,-1.1087934675278865,-1.0935681998454039,-1.1088054334744972,-1.2716094199171954,-1.1456941301912458,crypto
92213,2016-06-22,-0.024931,-0.024931,3.52,7305.0,3877.0,13647.04,RIOT PLATFORMS INC,RIOT,148170,2016-03-31,18.474,1.796,16.678,0.024,0.56,10.4679,2.7,2028997.0,568626.6666666667,818.2659791341888,24369.714285714286,13632.158000000001,568006.5833333334,-0.15034477946224817,-0.4568837401438912,-0.1505135086969869,2.4340714981944362,0.41908236747282746,crypto
15488,2016-06-22,-0.004425,-0.004425,36.0,9381471.0,1212027.0,43632972.0,PAYPAL HOLDINGS INC,PYPL,024616,2016-03-31,29470.0,15872.0,13598.0,2544.0,365.0,46628.8,38.6,643043972.0,17151.325471698114,3208.778643918223,119542.38904109588,43635246.0,17152.219339622643,-1.1268979890254822,-1.1036980660938387,-1.1269062547286155,-1.2863442964119622,-1.1609616515649748,crypto
15826,2016-06-22,-0.060963,-0.060963,8.78,6097961.0,51466.0,451871.48,BLOCK INC,XYZ,026367,2016-03-31,945.069,500.185,444.884,379.269,-96.755,5122.9256,15.28,139193113.0,1191.427403768829,1015.7062964727884,-4670.264895871014,451926.78099999996,1191.5732132075123,-1.1701857343718667,-1.174319157400217,-1.1701650781126514,0.42611170258261966,-0.7721395668255289,crypto
92213,2016-06-23,0.022727,0.022727,3.6,32427.0,3877.0,13957.2,RIOT PLATFORMS INC,RIOT,148170,2016-03-31,18.474,1.796,16.678,0.024,0.56,10.4679,2.7,2028997.0,581550.0,836.8629332054203,24923.571428571428,13942.318000000001,580929.9166666667,-0.1430642736761285,-0.45244631817126546,-0.14323289502492764,2.47637866176405,0.4344087937229322,crypto
15488,2016-06-23,0.018333,0.018333,36.66,4808720.0,1212027.0,44432909.81999999,PAYPAL HOLDINGS INC,PYPL,024616,2016-03-31,29470.0,15872.0,13598.0,2544.0,365.0,46628.8,38.6,643043972.0,17465.766438679242,3267.606252390057,121733.9995068493,44435183.81999999,17466.66030660377,-1.0522168378478978,-1.0619123678190447,-1.0522403670553757,-1.2255629308710485,-1.0979831258983417,crypto
15826,2016-06-23,0.039863,0.039863,9.13,3792859.0,51466.0,469884.58,BLOCK INC,XYZ,026367,2016-03-31,945.069,500.185,444.884,379.269,-96.755,5122.9256,15.28,139193113.0,1238.9216624612084,1056.195727425576,-4856.4371867086975,469939.881,1239.0674718998916,-1.1652427217390164,-1.1689127554765302,-1.1652223894291978,0.42594673312214143,-0.7683577833806507,crypto
15826,2016-06-24,-0.03943,-0.03943,8.77,4909534.0,51466.0,451356.82,BLOCK INC,XYZ,026367,2016-03-31,945.069,500.185,444.884,379.269,-96.755,5122.9256,15.28,139193113.0,1190.0704249490468,1014.549455588423,-4664.945687561367,451412.121,1190.21623438773,-1.170326963304234,-1.1744736260266078,-1.1703062977893215,0.42611641599577615,-0.7722476177810967,crypto
15488,2016-06-24,-0.043099,-0.043099,35.08,17647191.0,1212027.0,42517907.16,PAYPAL HOLDINGS INC,PYPL,024616,2016-03-31,29470.0,15872.0,13598.0,2544.0,365.0,46628.8,38.6,643043972.0,16713.013820754717,3126.7765230180908,116487.41687671232,42520181.16,16713.907688679243,-1.2309989876366618,-1.1619447970223398,-1.2309859769398006,-1.3710698362568727,-1.2487498994639188,crypto
92213,2016-06-24,-0.033333,-0.033333,3.48,3721.0,3877.0,13491.96,RIOT PLATFORMS INC,RIOT,148170,2016-03-31,18.474,1.796,16.678,0.024,0.56,10.4679,2.7,2028997.0,562165.0,808.9675020985728,24092.78571428571,13477.078,561544.9166666666,-0.15398503235530805,-0.4591024511302042,-0.15415381553301657,2.412917916409629,0.411419154347775,crypto
15826,2016-06-27,-0.017104,-0.017104,8.62,3957044.0,51466.0,443636.92,BLOCK INC,XYZ,026367,2016-03-31,945.069,500.185,444.884,379.269,-96.755,5122.9256,15.28,139193113.0,1169.7157426523127,997.1968423229425,-4585.1575629166455,443692.22099999996,1169.861552090996,-1.172445397289741,-1.1767906554224736,-1.172424592939373,0.42618711719312397,-0.773868382114616,crypto
92213,2016-06-27,-0.077586,-0.077586,3.21,23257.0,3877.0,12445.17,RIOT PLATFORMS INC,RIOT,148170,2016-03-31,18.474,1.796,16.678,0.024,0.56,10.4679,2.7,2028997.0,518548.75,746.2027821081664,22223.517857142855,12430.288,517928.6666666667,-0.17855673938346206,-0.4740787502878163,-0.1787258866762165,2.2701312393621813,0.35969246575367164,crypto
15488,2016-06-27,-0.025086,-0.025086,34.2,11219538.0,1212027.0,41451323.400000006,PAYPAL HOLDINGS INC,PYPL,024616,2016-03-31,29470.0,15872.0,13598.0,2544.0,365.0,46628.8,38.6,643043972.0,16293.75919811321,3048.3397117223126,113565.26958904111,41453597.400000006,16294.653066037738,-1.3305738558734415,-1.2176590613887315,-1.3305404938374539,-1.4521116569780905,-1.3327212670194293,crypto
15488,2016-06-28,0.030409,0.030409,35.24,12433155.0,1212027.0,42711831.480000004,PAYPAL HOLDINGS INC,PYPL,024616,2016-03-31,29470.0,15872.0,13598.0,2544.0,365.0,46628.8,38.6,643043972.0,16789.241933962265,3141.0377614355057,117018.71638356165,42714105.480000004,16790.135801886794,-1.2128944661390653,-1.1518149307739043,-1.2128851556856806,-1.356334959762105,-1.233482378090189,crypto
15826,2016-06-28,0.032483,0.032483,8.9,2374117.0,51466.0,458047.4,BLOCK INC,XYZ,026367,2016-03-31,945.069,500.185,444.884,379.269,-96.755,5122.9256,15.28,139193113.0,1207.7111496062162,1029.5883870851728,-4734.095395586792,458102.701,1207.8569590448994,-1.1684909871834608,-1.1724655338835244,-1.1684704419926102,0.4260551416247414,-0.7708429553587135,crypto
92213,2016-06-28,0.003146,0.003146,3.2201,4487.0,3877.0,12484.3277,RIOT PLATFORMS INC,RIOT,148170,2016-03-31,18.474,1.796,16.678,0.024,0.56,10.4679,2.7,2028997.0,520180.3208333333,748.5506475596594,22293.44232142857,12469.4457,519560.2375,-0.17763757552796447,-0.47351852576377235,-0.17780670920011904,2.2754725187628453,0.36162742706774736,crypto
15488,2016-06-29,0.01504,0.01504,35.77,9520385.0,1212027.0,43354205.79000001,PAYPAL HOLDINGS INC,PYPL,024616,2016-03-31,29470.0,15872.0,13598.0,2544.0,365.0,46628.8,38.6,643043972.0,17041.747558962266,3188.278113693191,118778.64600000002,43356479.79000001,17042.641426886796,-1.1529232386782766,-1.1182597488259634,-1.1529261852814112,-1.307525681373189,-1.18290871353971,crypto
15826,2016-06-29,0.044944,0.044944,9.3,3367198.0,51466.0,478633.80000000005,BLOCK INC,XYZ,026367,2016-03-31,945.069,500.185,444.884,379.269,-96.755,5122.9256,15.28,139193113.0,1261.9903023975069,1075.8620224597873,-4946.863727972715,478689.101,1262.1361118361901,-1.162841829888775,-1.1662867888278825,-1.1628216549258057,0.42586660509848057,-0.7665209171359957,crypto
92213,2016-06-29,0.062079,0.062079,3.42,4656.0,3877.0,13259.34,RIOT PLATFORMS INC,RIOT,148170,2016-03-31,18.474,1.796,16.678,0.024,0.56,10.4679,2.7,2028997.0,552472.5,795.0197865451493,23677.392857142855,13244.458,551852.4166666666,-0.15944541169489784,-0.4624305176096736,-0.159614275787061,2.3811875437324184,0.3999243346601965,crypto
92213,2016-06-30,0.026316,0.026316,3.51,14593.0,3877.0,13608.269999999999,RIOT PLATFORMS INC,RIOT,148170,2016-06-30,17.59,1.571,16.019,0.024,-0.836,13.6083,3.51,5474085.0,567011.2499999999,849.5080841500718,-16277.834928229664,13593.821999999998,566409.2499999999,-0.15125484268551323,-0.44942905682652895,-0.15141339780497018,-0.6708492119133432,-0.3557366273075889,crypto
15488,2016-06-30,0.020688,0.020688,36.51,9152990.0,1207000.0,44067570.0,PAYPAL HOLDINGS INC,PYPL,024616,2016-06-30,30631.0,16814.0,13817.0,2650.0,323.0,44067.57,36.51,517682665.0,16629.271698113207,3189.373235868857,136432.1052631579,44070567.0,16630.402641509434,-1.250888120344035,-1.117481875205139,-1.2508147496725335,-0.8179307568632996,-1.1092788755212517,crypto
15826,2016-06-30,-0.026882,-0.026882,9.05,3589076.0,108642.0,983210.1000000001,BLOCK INC,XYZ,026367,2016-06-30,933.292,461.833,471.459,438.533,-27.345,3085.7152,9.05,223067509.0,2242.0435862295426,2085.462574688361,-35955.75425123423,983200.474,2242.021635771994,-1.0608418009121088,-1.0314786119955561,-1.060845769343351,0.3983892618449153,-0.6886942301015252,crypto
15488,2016-07-01,-0.004382,-0.004382,36.35,7260381.0,1207000.0,43874450.0,PAYPAL HOLDINGS INC,PYPL,024616,2016-06-30,30631.0,16814.0,13817.0,2650.0,323.0,44067.57,36.51,517682665.0,16556.396226415094,3175.3962509951507,135834.2105263158,43877447.0,16557.52716981132,-1.268196374326574,-1.1274098339968632,-1.2681194661545694,-0.8345125623998485,-1.1245595592194637,crypto
15826,2016-07-01,0.024309,0.024309,9.27,4211334.0,108642.0,1007111.34,BLOCK INC,XYZ,026367,2016-06-30,933.292,461.833,471.459,438.533,-27.345,3085.7152,9.05,223067509.0,2296.5463032428574,2136.1589024708405,-36829.81678551838,1007101.7139999999,2296.524352785309,-1.0551693759466738,-1.0247093214029903,-1.0551737161306876,0.39761474473468233,-0.6843594171864174,crypto
92213,2016-07-01,-0.005698,-0.005698,3.49,35894.0,3877.0,13530.730000000001,RIOT PLATFORMS INC,RIOT,148170,2016-06-30,17.59,1.571,16.019,0.024,-0.836,13.6083,3.51,5474085.0,563780.4166666667,844.6675822460829,-16185.08373205742,13516.282000000001,563178.4166666667,-0.15307496913204305,-0.4505840497046651,-0.15323355122298488,-0.6637642802150828,-0.35516421256869396,crypto
15826,2016-07-05,-0.035599,-0.035599,8.94,3407616.0,108642.0,971259.48,BLOCK INC,XYZ,026367,2016-06-30,933.292,461.833,471.459,438.533,-27.345,3085.7152,9.05,223067509.0,2214.792227722885,2060.1144107971213,-35518.72298409216,971249.8539999999,2214.7702772653365,-1.063678013394826,-1.034863257291839,-1.063681795949683,0.3987765204000318,-0.6908616365590791,crypto
92213,2016-07-05,0.0,0.0,3.49,1410.0,3877.0,13530.730000000001,RIOT PLATFORMS INC,RIOT,148170,2016-06-30,17.59,1.571,16.019,0.024,-0.836,13.6083,3.51,5474085.0,563780.4166666667,844.6675822460829,-16185.08373205742,13516.282000000001,563178.4166666667,-0.15307496913204305,-0.4505840497046651,-0.15323355122298488,-0.6637642802150828,-0.35516421256869396,crypto
15488,2016-07-05,-0.006327,-0.006327,36.12,5321119.0,1207000.0,43596840.0,PAYPAL HOLDINGS INC,PYPL,024616,2016-06-30,30631.0,16814.0,13817.0,2650.0,323.0,44067.57,36.51,517682665.0,16451.637735849057,3155.3043352391983,134974.73684210525,43599837.0,16452.768679245284,-1.2930769894264738,-1.1416812747599665,-1.292994996097496,-0.8583489078586377,-1.1465255420356435,crypto
92213,2016-07-06,-0.014327,-0.014327,3.44,2487.0,3877.0,13336.88,RIOT PLATFORMS INC,RIOT,148170,2016-06-30,17.59,1.571,16.019,0.024,-0.836,13.6083,3.51,5474085.0,555703.3333333333,832.5663274861103,-15953.205741626794,13322.431999999999,555101.3333333333,-0.15762528524836797,-0.4534715319000055,-0.157783934768022,-0.6460519509694307,-0.3537331757214565,crypto
15488,2016-07-06,-0.00526,-0.00526,35.93,7821280.0,1207000.0,43367510.0,PAYPAL HOLDINGS INC,PYPL,024616,2016-06-30,30631.0,16814.0,13817.0,2650.0,323.0,44067.57,36.51,517682665.0,16365.098113207547,3138.7066657016717,134264.73684210525,43370507.0,16366.229056603774,-1.3136305410307392,-1.1534707258251393,-1.3135443469199142,-0.8780398019332895,-1.1646713539272706,crypto
15826,2016-07-06,0.006711,0.006711,9.0,1182463.0,108642.0,977778.0,BLOCK INC,XYZ,026367,2016-06-30,933.292,461.833,471.459,438.533,-27.345,3085.7152,9.05,223067509.0,2229.656605090153,2073.9406820105246,-35757.10367526056,977768.374,2229.6346546326045,-1.062130988404253,-1.0330170871302302,-1.0621348723462294,0.3985652884608773,-0.6896794148549588,crypto
92213,2016-07-07,0.012122,0.012122,3.4817,967.0,3877.0,13498.5509,RIOT PLATFORMS INC,RIOT,148170,2016-06-30,17.59,1.571,16.019,0.024,-0.836,13.6083,3.51,5474085.0,562439.6208333333,842.6587739559275,-16146.591985645933,13484.1029,561837.6208333333,-0.15383032160735302,-0.4510633717490916,-0.15398891489146105,-0.6608240335603042,-0.35492666045205246,crypto
15488,2016-07-07,0.010854,0.010854,36.32,7326735.0,1207000.0,43838240.0,PAYPAL HOLDINGS INC,PYPL,024616,2016-06-30,30631.0,16814.0,13817.0,2650.0,323.0,44067.57,36.51,517682665.0,16542.732075471697,3172.775566331331,135722.1052631579,43841237.0,16543.863018867924,-1.2714416719483004,-1.1292713262703113,-1.2713641004949514,-0.8376216509379514,-1.1274246874128786,crypto
15826,2016-07-07,0.008889,0.008889,9.08,2740468.0,108642.0,986469.36,BLOCK INC,XYZ,026367,2016-06-30,933.292,461.833,471.459,438.533,-27.345,3085.7152,9.05,223067509.0,2249.4757749131763,2092.3757102950626,-36074.94459681843,986459.7339999999,2249.453824455628,-1.060068288416822,-1.030555526914752,-1.0600723075416243,0.3982836458753381,-0.688103119249465,crypto
92213,2016-07-08,0.002384,0.002384,3.49,8099.0,3877.0,13530.730000000001,RIOT PLATFORMS INC,RIOT,148170,2016-06-30,17.59,1.571,16.019,0.024,-0.836,13.6083,3.51,5474085.0,563780.4166666667,844.6675822460829,-16185.08373205742,13516.282000000001,563178.4166666667,-0.15307496913204305,-0.4505840497046651,-0.15323355122298488,-0.6637642802150828,-0.35516421256869396,crypto
15488,2016-07-08,0.028634,0.028634,37.36,6828882.0,1207000.0,45093520.0,PAYPAL HOLDINGS INC,PYPL,024616,2016-06-30,30631.0,16814.0,13817.0,2650.0,323.0,44067.57,36.51,517682665.0,17016.422641509434,3263.6259680104217,139608.42105263157,45096517.0,17017.55358490566,-1.1589380210617957,-1.0647395941241042,-1.1588834433617166,-0.729839914950384,-1.0281002433745001,crypto
15826,2016-07-08,0.024229,0.024229,9.3,3183849.0,108642.0,1010370.6000000001,BLOCK INC,XYZ,026367,2016-06-30,933.292,461.833,471.459,438.533,-27.345,3085.7152,9.05,223067509.0,2303.978491926491,2143.0720380775424,-36949.00713110258,1010360.974,2303.956541468943,-1.0543958634513872,-1.0237862363221861,-1.0544002543289606,0.39750912876510514,-0.6837683063343571,crypto
15488,2016-07-11,0.021146,0.021146,38.15,10096189.0,1207000.0,46047050.0,PAYPAL HOLDINGS INC,PYPL,024616,2016-06-30,30631.0,16814.0,13817.0,2650.0,323.0,44067.57,36.51,517682665.0,17376.245283018867,3332.637330824347,142560.52631578947,46050047.0,17377.376226415094,-1.0734785170230092,-1.0157202975899657,-1.073441405731664,-0.6479672501136741,-0.9526518676145782,crypto
15826,2016-07-11,-0.006452,-0.006452,9.24,2607130.0,108642.0,1003852.0800000001,BLOCK INC,XYZ,026367,2016-06-30,933.292,461.833,471.459,438.533,-27.345,3085.7152,9.05,223067509.0,2289.1141145592237,2129.245766864139,-36710.62643993418,1003842.454,2289.0921641016753,-1.0559428884419604,-1.0256324064837947,-1.0559471779324143,0.39772036070425953,-0.6849505280384774,crypto
92213,2016-07-11,-0.011461,-0.011461,3.45,2540.0,3877.0,13375.650000000001,RIOT PLATFORMS INC,RIOT,148170,2016-06-30,17.59,1.571,16.019,0.024,-0.836,13.6083,3.51,5474085.0,557318.75,834.986578438105,-15999.58133971292,13361.202000000001,556716.75,-0.15671522202510296,-0.4528940354609374,-0.15687385805901455,-0.6495944168185611,-0.354019383090904,crypto
15488,2016-07-12,0.016776,0.016776,38.79,10006323.0,1207000.0,46819530.0,PAYPAL HOLDINGS INC,PYPL,024616,2016-06-30,30631.0,16814.0,13817.0,2650.0,323.0,44067.57,36.51,517682665.0,17667.747169811322,3388.5452703191722,144952.1052631579,46822527.0,17668.878113207546,-1.0042455010928522,-0.9760084624230688,-1.0042225398035198,-0.5816400279674786,-0.8915291328217299,crypto
92213,2016-07-12,-0.017391,-0.017391,3.39,66536.0,3877.0,13143.03,RIOT PLATFORMS INC,RIOT,148170,2016-06-30,17.59,1.571,16.019,0.024,-0.836,13.6083,3.51,5474085.0,547626.25,820.4650727261378,-15721.327751196173,13128.582,547024.25,-0.16217560136469272,-0.45635901409534596,-0.16233431831305897,-0.628339621723779,-0.35230213887421913,crypto
15826,2016-07-12,0.017316,0.017316,9.4,1613174.0,108642.0,1021234.8,BLOCK INC,XYZ,026367,2016-06-30,933.292,461.833,471.459,438.533,-27.345,3085.7152,9.05,223067509.0,2328.7524542052706,2166.1158234332147,-37346.30828304992,1021225.174,2328.7305037477227,-1.0518174884670988,-1.020709286052838,-1.0518220483232044,0.397157075533181,-0.68179793682749,crypto
15488,2016-07-13,0.012632,0.012632,39.28,12458481.0,1207000.0,47410960.0,PAYPAL HOLDINGS INC,PYPL,024616,2016-06-30,30631.0,16814.0,13817.0,2650.0,323.0,44067.57,36.51,517682665.0,17890.928301886794,3431.3497864948977,146783.15789473685,47413957.0,17892.05924528302,-0.9512389732713261,-0.9456040886234136,-0.9512268455772835,-0.5308582485117973,-0.8447320389959552,crypto
15826,2016-07-13,-0.011702,-0.011702,9.29,1831207.0,108642.0,1009284.1799999999,BLOCK INC,XYZ,026367,2016-06-30,933.292,461.833,471.459,438.533,-27.345,3085.7152,9.05,223067509.0,2301.501095698613,2140.767659541975,-36909.27701590784,1009274.5539999999,2301.4791452410645,-1.054653700949816,-1.0240939313491209,-1.0546580749295362,0.3975443340882975,-0.6839653432850439,crypto
92213,2016-07-13,0.073451,0.073451,3.639,19118.0,3877.0,14108.402999999998,RIOT PLATFORMS INC,RIOT,148170,2016-06-30,17.59,1.571,16.019,0.024,-0.836,13.6083,3.51,5474085.0,587850.1249999999,880.729321430801,-16876.08014354067,14093.954999999998,587248.1249999999,-0.1395150271053952,-0.44197935276255057,-0.13967340825877464,-0.7165470213671248,-0.3594287023734613,crypto
15488,2016-07-14,0.017312,0.017312,39.96,9683504.0,1207000.0,48231720.0,PAYPAL HOLDINGS INC,PYPL,024616,2016-06-30,30631.0,16814.0,13817.0,2650.0,323.0,44067.57,36.51,517682665.0,18200.649056603772,3490.7519722081493,149324.2105263158,48234717.0,18201.78,-0.8776788938455355,-0.9034102637585859,-0.877681800528631,-0.46038557498146515,-0.7797891332785544,crypto
92213,2016-07-14,-0.057433,-0.057433,3.43,18516.0,3877.0,13298.11,RIOT PLATFORMS INC,RIOT,148170,2016-06-30,17.59,1.571,16.019,0.024,-0.836,13.6083,3.51,5474085.0,554087.9166666666,830.1460765341159,-15906.830143540672,13283.662,553485.9166666666,-0.1585353484716329,-0.4540490283390736,-0.15869401147702938,-0.6425094851203004,-0.35344696835200906,crypto
15826,2016-07-14,0.008611,0.008611,9.37,1850181.0,108642.0,1017975.5399999999,BLOCK INC,XYZ,026367,2016-06-30,933.292,461.833,471.459,438.533,-27.345,3085.7152,9.05,223067509.0,2321.3202655216364,2159.202687826513,-37227.117937465715,1017965.9139999999,2321.2983150640885,-1.0525910009623853,-1.0216323711336424,-1.0525955101249314,0.3972626915027582,-0.6823890476795502,crypto
15826,2016-07-15,-0.021345,-0.021345,9.17,2338489.0,108642.0,996247.14,BLOCK INC,XYZ,026367,2016-06-30,933.292,461.833,471.459,438.533,-27.345,3085.7152,9.05,223067509.0,2271.772340964078,2113.1151171151682,-36432.51563357104,996237.514,2271.7503905065296,-1.0577477509309623,-1.0277862716723385,-1.0577519221364438,0.3979667979666064,-0.6863297866932845,crypto
15488,2016-07-15,-0.021772,-0.021772,39.09,8140573.0,1207000.0,47181630.00000001,PAYPAL HOLDINGS INC,PYPL,024616,2016-06-30,30631.0,16814.0,13817.0,2650.0,323.0,44067.57,36.51,517682665.0,17804.388679245287,3414.752116957372,146073.15789473685,47184627.00000001,17805.519622641514,-0.9717925248755906,-0.9573935396885856,-0.9717761963997008,-0.550549142586449,-0.8628778508875815,crypto
92213,2016-07-15,0.061225,0.061225,3.64,21293.0,3877.0,14112.28,RIOT PLATFORMS INC,RIOT,148170,2016-06-30,17.59,1.571,16.019,0.024,-0.836,13.6083,3.51,5474085.0,588011.6666666666,880.9713465260005,-16880.717703349284,14097.832,587409.6666666666,-0.13942402078306868,-0.44192160311864376,-0.13958240058787386,-0.7169012679520381,-0.3594573231104061,crypto
15488,2016-07-18,-0.004349,-0.004349,38.92,7877439.0,1207000.0,46976440.0,PAYPAL HOLDINGS INC,PYPL,024616,2016-06-30,30631.0,16814.0,13817.0,2650.0,323.0,44067.57,36.51,517682665.0,17726.958490566038,3399.9015705290585,145437.8947368421,46979437.0,17728.089433962265,-0.9901825447320394,-0.967941995904793,-0.9901624576618651,-0.5681673109690325,-0.8791135773169325,crypto
15826,2016-07-18,0.010905,0.010905,9.27,1543732.0,108642.0,1007111.34,BLOCK INC,XYZ,026367,2016-06-30,933.292,461.833,471.459,438.533,-27.345,3085.7152,9.05,223067509.0,2296.5463032428574,2136.1589024708405,-36829.81678551838,1007101.7139999999,2296.524352785309,-1.0551693759466738,-1.0247093214029903,-1.0551737161306876,0.39761474473468233,-0.6843594171864174,crypto
92213,2016-07-18,-0.028572,-0.028572,3.536,32359.0,3877.0,13709.072,RIOT PLATFORMS INC,RIOT,148170,2016-06-30,17.59,1.571,16.019,0.024,-0.836,13.6083,3.51,5474085.0,571211.3333333334,855.8007366252576,-16398.41148325359,13694.624,570609.3333333333,-0.14888867830502425,-0.4479275660849518,-0.1490471983615509,-0.6800596231210821,-0.3564807664681523,crypto
92213,2016-07-19,-0.021493,-0.021493,3.46,56462.0,3877.0,13414.42,RIOT PLATFORMS INC,RIOT,148170,2016-06-30,17.59,1.571,16.019,0.024,-0.836,13.6083,3.51,5474085.0,558934.1666666666,837.4068293900993,-16045.956937799045,13399.972,558332.1666666666,-0.155805158801838,-0.45231653902186936,-0.15596378135000716,-0.6531368826676914,-0.3543055904603515,crypto
15488,2016-07-19,0.011562,0.011562,39.37,8120130.0,1207000.0,47519590.0,PAYPAL HOLDINGS INC,PYPL,024616,2016-06-30,30631.0,16814.0,13817.0,2650.0,323.0,44067.57,36.51,517682665.0,17931.920754716983,3439.2118404863572,147119.47368421053,47522587.0,17933.051698113206,-0.9415030804061477,-0.9400196118030689,-0.941492942556139,-0.5215309828974888,-0.8361366544157112,crypto
15826,2016-07-19,0.00863,0.00863,9.35,1484575.0,108642.0,1015802.7,BLOCK INC,XYZ,026367,2016-06-30,933.292,461.833,471.459,438.533,-27.345,3085.7152,9.05,223067509.0,2316.365473065881,2154.5939307553786,-37147.65770707625,1015793.0739999999,2316.3435226083325,-1.053106675959243,-1.022247761187512,-1.0531111513260825,0.3973331021491431,-0.6827831215809236,crypto
15826,2016-07-20,0.024599,0.024599,9.58,2608188.0,108642.0,1040790.36,BLOCK INC,XYZ,026367,2016-06-30,933.292,461.833,471.459,438.533,-27.345,3085.7152,9.05,223067509.0,2373.3455863070735,2207.594637073425,-38061.45035655513,1040780.7339999999,2373.3236358495255,-1.0471764134953794,-1.0151707755680115,-1.0471812775128433,0.3965233797157177,-0.6782512717151291,crypto
92213,2016-07-20,0.0,0.0,3.46,2366.0,3877.0,13414.42,RIOT PLATFORMS INC,RIOT,148170,2016-06-30,17.59,1.571,16.019,0.024,-0.836,13.6083,3.51,5474085.0,558934.1666666666,837.4068293900993,-16045.956937799045,13399.972,558332.1666666666,-0.155805158801838,-0.45231653902186936,-0.15596378135000716,-0.6531368826676914,-0.3543055904603515,crypto
15488,2016-07-20,0.017272,0.017272,40.05,11189094.0,1206918.0,48337065.9,PAYPAL HOLDINGS INC,PYPL,024616,2016-06-30,30631.0,16814.0,13817.0,2650.0,323.0,44067.57,36.51,517682665.0,18240.402226415095,3498.376340739668,149650.35882352942,48340062.9,18241.53316981132,-0.8682373362998681,-0.897994616730432,-0.8682421726700721,-0.4513402910757446,-0.7714536041940292,crypto
92213,2016-07-21,0.026012,0.026012,3.55,3638.0,3877.0,13763.349999999999,RIOT PLATFORMS INC,RIOT,148170,2016-06-30,17.59,1.571,16.019,0.024,-0.836,13.6083,3.51,5474085.0,573472.9166666666,859.1890879580499,-16463.337320574163,13748.901999999998,572870.9166666666,-0.14761458979245334,-0.44711907107025656,-0.1477730909689405,-0.6850190753098646,-0.35688145678537875,crypto
15488,2016-07-21,0.001998,0.001998,40.13,13363317.0,1206918.0,48433619.34,PAYPAL HOLDINGS INC,PYPL,024616,2016-06-30,30631.0,16814.0,13817.0,2650.0,323.0,44067.57,36.51,517682665.0,18276.837486792454,3505.364358399074,149949.28588235294,48436616.34,18277.96843018868,-0.8595837972443179,-0.8930309745726064,-0.8595904022446089,-0.4430499515668133,-0.7638137814070867,crypto
15826,2016-07-21,-0.012526,-0.012526,9.46,2687911.0,108642.0,1027753.3200000001,BLOCK INC,XYZ,026367,2016-06-30,933.292,461.833,471.459,438.533,-27.345,3085.7152,9.05,223067509.0,2343.6168315725386,2179.9420946466184,-37584.68897421833,1027743.694,2343.59488111499,-1.0502704634765256,-1.0188631158912291,-1.0502751247197506,0.39694584359402657,-0.6806157151233697,crypto
15826,2016-07-22,0.028541,0.028541,9.73,1741883.0,108642.0,1057086.6600000001,BLOCK INC,XYZ,026367,2016-06-30,933.292,461.833,471.459,438.533,-27.345,3085.7152,9.05,223067509.0,2410.506529725243,2242.1603151069344,-38657.40208447615,1057077.0340000002,2410.484579267695,-1.0433088510189465,-1.0105553501639895,-1.0433139685042088,0.3959952998678316,-0.6752957174548283,crypto
15488,2016-07-22,-0.067531,-0.067531,37.42,36397318.0,1206918.0,45162871.56,PAYPAL HOLDINGS INC,PYPL,024616,2016-06-30,30631.0,16814.0,13817.0,2650.0,323.0,44067.57,36.51,517682665.0,17042.593041509434,3268.645260186727,139823.1317647059,45165868.56,17043.72398490566,-1.1527224327510808,-1.0611743526689372,-1.1526691254071448,-0.7238852024318647,-1.022612778314757,crypto
92213,2016-07-22,0.011268,0.011268,3.59,128237.0,3877.0,13918.43,RIOT PLATFORMS INC,RIOT,148170,2016-06-30,17.59,1.571,16.019,0.024,-0.836,13.6083,3.51,5474085.0,579934.5833333334,868.8700917660279,-16648.83971291866,13903.982,579332.5833333334,-0.14397433689939346,-0.44480908531398416,-0.14413278413291084,-0.699188938706386,-0.35802628626316857,crypto
15488,2016-07-25,0.009621,0.009621,37.78,16904133.0,1206918.0,45597362.04,PAYPAL HOLDINGS INC,PYPL,024616,2016-06-30,30631.0,16814.0,13817.0,2650.0,323.0,44067.57,36.51,517682665.0,17206.551713207547,3300.091339654049,141168.30352941176,45600359.04,17207.682656603774,-1.1137815070011048,-1.0388379629587239,-1.1137361584925645,-0.6865786746416741,-0.9882335757735168,crypto
92213,2016-07-25,-0.011142,-0.011142,3.55,7901.0,3877.0,13763.349999999999,RIOT PLATFORMS INC,RIOT,148170,2016-06-30,17.59,1.571,16.019,0.024,-0.836,13.6083,3.51,5474085.0,573472.9166666666,859.1890879580499,-16463.337320574163,13748.901999999998,572870.9166666666,-0.14761458979245334,-0.44711907107025656,-0.1477730909689405,-0.6850190753098646,-0.35688145678537875,crypto
15826,2016-07-25,0.012333,0.012333,9.85,5623797.0,108642.0,1070123.7,BLOCK INC,XYZ,026367,2016-06-30,933.292,461.833,471.459,438.533,-27.345,3085.7152,9.05,223067509.0,2440.235284459778,2269.812857533741,-39134.16346681295,1070114.074,2440.21333400223,-1.0402148010378005,-1.0068630098407716,-1.0402201212973015,0.3955728359895227,-0.6729312740465877,crypto
15488,2016-07-26,-0.002382,-0.002382,37.69,10279223.0,1206918.0,45488739.419999994,PAYPAL HOLDINGS INC,PYPL,024616,2016-06-30,30631.0,16814.0,13817.0,2650.0,323.0,44067.57,36.51,517682665.0,17165.562045283015,3292.2298197872183,140832.01058823528,45491736.419999994,17166.692988679242,-1.1235167384385996,-1.0444220603862773,-1.1234694002212104,-0.6959053065892221,-0.9968283764088274,crypto
92213,2016-07-26,-0.039437,-0.039437,3.41,5945.0,3877.0,13220.57,RIOT PLATFORMS INC,RIOT,148170,2016-06-30,17.59,1.571,16.019,0.024,-0.836,13.6083,3.51,5474085.0,550857.0833333333,825.3055746301268,-15814.078947368422,13206.122,550255.0833333333,-0.16035547491816285,-0.4552040212172098,-0.16051416489504422,-0.6354245534220396,-0.35287455361311415,crypto
15826,2016-07-26,0.025381,0.025381,10.1,2816635.0,108642.0,1097284.2,BLOCK INC,XYZ,026367,2016-06-30,933.292,461.833,471.459,438.533,-27.345,3085.7152,9.05,223067509.0,2502.1701901567267,2327.422320922922,-40127.4163466813,1097274.574,2502.1482396991787,-1.033768863577079,-0.9991706341674015,-1.0337746062829107,0.39469270290971253,-0.6680053502794197,crypto
15488,2016-07-27,-0.01247,-0.01247,37.22,8894242.0,1206918.0,44921487.96,PAYPAL HOLDINGS INC,PYPL,024616,2016-06-30,30631.0,16814.0,13817.0,2650.0,323.0,44067.57,36.51,517682665.0,16951.504890566037,3251.175216038214,139075.81411764707,44924484.96,16952.635833962264,-1.1743562803899563,-1.0735834580635004,-1.1742985514708009,-0.7446110512041937,-1.0417123352821127,crypto
92213,2016-07-27,0.01173,0.01173,3.45,15226.0,3877.0,13375.650000000001,RIOT PLATFORMS INC,RIOT,148170,2016-06-30,17.59,1.571,16.019,0.024,-0.836,13.6083,3.51,5474085.0,557318.75,834.986578438105,-15999.58133971292,13361.202000000001,556716.75,-0.15671522202510296,-0.4528940354609374,-0.15687385805901455,-0.6495944168185611,-0.354019383090904,crypto
15826,2016-07-27,0.00297,0.00297,10.13,3082483.0,108642.0,1100543.4600000002,BLOCK INC,XYZ,026367,2016-06-30,933.292,461.833,471.459,438.533,-27.345,3085.7152,9.05,223067509.0,2509.6023788403613,2334.3354565296245,-40246.60669226551,1100533.8340000003,2509.5804283828134,-1.0329953510817924,-0.998247549086597,-1.033001144481184,0.39458708694013533,-0.6674142394273594,crypto
92213,2016-07-28,-0.037681,-0.037681,3.32,14482.0,3877.0,12871.64,RIOT PLATFORMS INC,RIOT,148170,2016-06-30,17.59,1.571,16.019,0.024,-0.836,13.6083,3.51,5474085.0,536318.3333333333,803.5233160621763,-15396.698564593302,12857.192,535716.3333333333,-0.16854604392754752,-0.46040148916882256,-0.16870485527611087,-0.6035423607798662,-0.3502986872880868,crypto
15826,2016-07-28,-0.000987,-0.000987,10.12,2129327.0,108642.0,1099457.0399999998,BLOCK INC,XYZ,026367,2016-06-30,933.292,461.833,471.459,438.533,-27.345,3085.7152,9.05,223067509.0,2507.1249826124827,2332.0310779940564,-40206.876577070754,1099447.4139999999,2507.103032154934,-1.0332531885802214,-0.9985552441135319,-1.0332589650817596,0.39462229226332773,-0.6676112763780463,crypto
15488,2016-07-28,0.0,0.0,37.22,5111331.0,1206918.0,44921487.96,PAYPAL HOLDINGS INC,PYPL,024616,2016-06-30,30631.0,16814.0,13817.0,2650.0,323.0,44067.57,36.51,517682665.0,16951.504890566037,3251.175216038214,139075.81411764707,44924484.96,16952.635833962264,-1.1743562803899563,-1.0735834580635004,-1.1742985514708009,-0.7446110512041937,-1.0417123352821127,crypto
15488,2016-07-29,0.000537,0.000537,37.24,6850060.0,1206918.0,44945626.32,PAYPAL HOLDINGS INC,PYPL,024616,2016-06-30,30631.0,16814.0,13817.0,2650.0,323.0,44067.57,36.51,517682665.0,16960.613705660377,3252.922220453065,139150.54588235295,44948623.32,16961.744649056604,-1.1721928956260688,-1.0723425475240442,-1.1721356088644352,-0.7425384663269609,-1.0398023795853772,crypto
15826,2016-07-29,-0.004941,-0.004941,10.07,2717590.0,108642.0,1094024.94,BLOCK INC,XYZ,026367,2016-06-30,933.292,461.833,471.459,438.533,-27.345,3085.7152,9.05,223067509.0,2494.738001473093,2320.5091853162203,-40008.22600109709,1094015.314,2494.716051015545,-1.0345423760723655,-1.000093719248206,-1.0345480680846377,0.3947983188792898,-0.6685964611314799,crypto
92213,2016-07-29,0.01506,0.01506,3.37,39184.0,3877.0,13065.49,RIOT PLATFORMS INC,RIOT,148170,2016-06-30,17.59,1.571,16.019,0.024,-0.836,13.6083,3.51,5474085.0,544395.4166666666,815.6245708221487,-15628.576555023923,13051.042,543793.4166666666,-0.16399572781122268,-0.4575140069734822,-0.1641544717310738,-0.621254690025518,-0.3517297241353242,crypto
15488,2016-08-01,-0.004834,-0.004834,37.06,5473949.0,1206918.0,44728381.080000006,PAYPAL HOLDINGS INC,PYPL,024616,2016-06-30,30631.0,16814.0,13817.0,2650.0,323.0,44067.57,36.51,517682665.0,16878.634369811323,3237.199180719404,138477.96000000002,44731378.080000006,16879.76531320755,-1.1916633585010559,-1.0835107423791508,-1.1916020923217245,-0.7611917302220561,-1.0569919808559969,crypto
92213,2016-08-01,-0.007389,-0.007389,3.3451,46739.0,3877.0,12968.9527,RIOT PLATFORMS INC,RIOT,148170,2016-06-30,17.59,1.571,16.019,0.024,-0.836,13.6083,3.51,5474085.0,540373.0291666667,809.5981459516825,-15513.101315789474,12954.5047,539771.0291666667,-0.1662617852371524,-0.45895197310676167,-0.16642056273650221,-0.6124339500611835,-0.3510170677854,crypto
15826,2016-08-01,0.011917,0.011917,10.19,2792878.0,108642.0,1107061.98,BLOCK INC,XYZ,026367,2016-06-30,933.292,461.833,471.459,438.533,-27.345,3085.7152,9.05,223067509.0,2524.4667562076284,2348.1617277430273,-40484.9873834339,1107052.354,2524.4448057500804,-1.0314483260912193,-0.9964013789249884,-1.0314542208777304,0.3943758550009809,-0.6662320177232393,crypto
15488,2016-08-02,-0.014031,-0.014031,36.54,5997704.0,1206918.0,44100783.72,PAYPAL HOLDINGS INC,PYPL,024616,2016-06-30,30631.0,16814.0,13817.0,2650.0,323.0,44067.57,36.51,517682665.0,16641.80517735849,3191.7770659332705,136534.93411764706,44103780.72,16642.936120754715,-1.2479113623621332,-1.1157744164050154,-1.2478386000872308,-0.8150789370301109,-1.1066508289711225,crypto
92213,2016-08-02,-0.016472,-0.016472,3.29,21259.0,3877.0,12755.33,RIOT PLATFORMS INC,RIOT,148170,2016-06-30,17.59,1.571,16.019,0.024,-0.836,13.6083,3.51,5474085.0,531472.0833333334,796.2625632061927,-15257.57177033493,12740.882,530870.0833333333,-0.17127623359734234,-0.4621339784860269,-0.17143508540313307,-0.5929149632324752,-0.34944006517974435,crypto
15826,2016-08-02,-0.013739,-0.013739,10.05,2980085.0,108642.0,1091852.1,BLOCK INC,XYZ,026367,2016-06-30,933.292,461.833,471.459,438.533,-27.345,3085.7152,9.05,223067509.0,2489.7832090173374,2315.900428245086,-39928.76577070763,1091842.4740000002,2489.7612585597894,-1.0350580510692233,-1.0007091093020755,-1.035063709285789,0.39486872952567453,-0.6689905350328533,crypto
92213,2016-08-03,-0.027325,-0.027325,3.2001,88358.0,3877.0,12406.787699999999,RIOT PLATFORMS INC,RIOT,148170,2016-06-30,17.59,1.571,16.019,0.024,-0.836,13.6083,3.51,5474085.0,516949.48749999993,774.5045071477621,-14840.655143540669,12392.339699999999,516347.48749999993,-0.17945770197449443,-0.467325671473249,-0.17961667501710965,-0.561068195248793,-0.3468670609284115,crypto
15488,2016-08-03,0.001095,0.001095,36.58,7663836.0,1206918.0,44149060.44,PAYPAL HOLDINGS INC,PYPL,024616,2016-06-30,30631.0,16814.0,13817.0,2650.0,323.0,44067.57,36.51,517682665.0,16660.022807547168,3195.271074762973,136684.39764705882,44152057.44,16661.153750943395,-1.243584592834358,-1.1132925953261028,-1.2435127148744995,-0.8109337672756453,-1.1028309175776514,crypto
15826,2016-08-03,0.038806,0.038806,10.44,8043840.0,108642.0,1134222.48,BLOCK INC,XYZ,026367,2016-06-30,933.292,461.833,471.459,438.533,-27.345,3085.7152,9.05,223067509.0,2586.4016619045774,2405.7711911322085,-41478.24026330225,1134212.854,2586.379711447029,-1.025002388630498,-0.9887090032516181,-1.0250087058633397,0.3934957219211707,-0.6613060939560713,crypto
15488,2016-08-04,0.019683,0.019683,37.3,7507761.0,1206918.0,45018041.4,PAYPAL HOLDINGS INC,PYPL,024616,2016-06-30,30631.0,16814.0,13817.0,2650.0,323.0,44067.57,36.51,517682665.0,16987.940150943396,3258.1632336976186,139374.7411764706,45021038.4,16989.071094339623,-1.165702741334406,-1.0686198159056755,-1.1656467810453384,-0.7363207116952624,-1.0340725124951706,crypto
92213,2016-08-04,-0.003156,-0.003156,3.19,5325.0,3877.0,12367.63,RIOT PLATFORMS INC,RIOT,148170,2016-06-30,17.59,1.571,16.019,0.024,-0.836,13.6083,3.51,5474085.0,515317.9166666666,772.0600536862476,-14793.815789473683,12353.181999999999,514715.9166666666,-0.18037686582999202,-0.46790894287670776,-0.1805358524932071,-0.5574903047411713,-0.3465779914852696,crypto
15826,2016-08-04,0.084291,0.084291,11.32,30313799.0,108642.0,1229827.44,BLOCK INC,XYZ,026367,2016-06-30,933.292,461.833,471.459,438.533,-27.345,3085.7152,9.05,223067509.0,2804.4125299578363,2608.5565022621267,-44974.49040043884,1229817.814,2804.3905795002884,-1.0023126887687588,-0.9616318408813551,-1.002320493012685,0.39039765348023886,-0.64396684229564,crypto
15488,2016-08-05,0.021448,0.021448,38.1,7670438.0,1206918.0,45983575.800000004,PAYPAL HOLDINGS INC,PYPL,024616,2016-06-30,30631.0,16814.0,13817.0,2650.0,323.0,44067.57,36.51,517682665.0,17352.292754716982,3328.04341029167,142364.0117647059,45986572.800000004,17353.42369811321,-1.079167350778904,-1.0189833943274222,-1.0791290767907151,-0.6534173166059475,-0.9576742846257472,crypto
92213,2016-08-05,-0.010251,-0.010251,3.1573,34418.0,3877.0,12240.8521,RIOT PLATFORMS INC,RIOT,148170,2016-06-30,17.59,1.571,16.019,0.024,-0.836,13.6083,3.51,5474085.0,510035.50416666665,764.1458330732256,-14642.167583732058,12226.4041,509433.50416666665,-0.18335277257006843,-0.4697973562324604,-0.1835118033316613,-0.5459064414145152,-0.34564209338717633,crypto
15826,2016-08-05,-0.015018,-0.015018,11.15,12881001.0,108642.0,1211358.3,BLOCK INC,XYZ,026367,2016-06-30,933.292,461.833,471.459,438.533,-27.345,3085.7152,9.05,223067509.0,2762.2967940839117,2569.3820671574836,-44299.07844212836,1211348.674,2762.2748436263637,-1.0066959262420494,-0.9668626563392468,-1.0067034432224706,0.39099614397450977,-0.6473164704573142,crypto
92213,2016-08-08,0.00719,0.00719,3.18,28144.0,3877.0,12328.86,RIOT PLATFORMS INC,RIOT,148170,2016-06-30,17.59,1.571,16.019,0.024,-0.836,13.6083,3.51,5474085.0,513702.5,769.6398027342532,-14747.44019138756,12314.412,513100.5,-0.18128692905325697,-0.4684864393157758,-0.1814459292022145,-0.5539478388920411,-0.34629178411582207,crypto
15488,2016-08-08,-0.004987,-0.004987,37.91,6101319.0,1206918.0,45754261.379999995,PAYPAL HOLDINGS INC,PYPL,024616,2016-06-30,30631.0,16814.0,13817.0,2650.0,323.0,44067.57,36.51,517682665.0,17265.75901132075,3311.4468683505825,141654.06,45757258.379999995,17266.88995471698,-1.0997195060358365,-1.0307720444522577,-1.099677031551189,-0.6731068729396604,-0.9758188637447359,crypto
15826,2016-08-08,0.009866,0.009866,11.26,5226682.0,108642.0,1223308.92,BLOCK INC,XYZ,026367,2016-06-30,933.292,461.833,471.459,438.533,-27.345,3085.7152,9.05,223067509.0,2789.548152590569,2594.730231048723,-44736.10970927043,1223299.294,2789.526202133021,-1.0038597137593321,-0.9634780110429639,-1.0038674166161388,0.3906088854193933,-0.6451490639997604,crypto
92213,2016-08-09,-0.006289,-0.006289,3.16,13819.0,3877.0,12251.32,RIOT PLATFORMS INC,RIOT,148170,2016-06-30,17.59,1.571,16.019,0.024,-0.836,13.6083,3.51,5474085.0,510471.6666666666,764.7993008302641,-14654.68899521531,12236.872,509869.6666666666,-0.1831070554997869,-0.46964143219391197,-0.18326608262022934,-0.5468629071937803,-0.34571936937692715,crypto
15488,2016-08-09,0.005012,0.005012,38.1,5049127.0,1206918.0,45983575.800000004,PAYPAL HOLDINGS INC,PYPL,024616,2016-06-30,30631.0,16814.0,13817.0,2650.0,323.0,44067.57,36.51,517682665.0,17352.292754716982,3328.04341029167,142364.0117647059,45986572.800000004,17353.42369811321,-1.079167350778904,-1.0189833943274222,-1.0791290767907151,-0.6534173166059475,-0.9576742846257472,crypto
15826,2016-08-09,0.003552,0.003552,11.3,4700506.0,108642.0,1227654.6,BLOCK INC,XYZ,026367,2016-06-30,933.292,461.833,471.459,438.533,-27.345,3085.7152,9.05,223067509.0,2799.457737502081,2603.9477451909925,-44895.03017004937,1227644.9740000002,2799.435787044533,-1.0028283637656166,-0.9622472309352247,-1.0028361342138363,0.39046806412662366,-0.6443609161970134,crypto
15826,2016-08-10,-0.020354,-0.020354,11.07,3376485.0,108642.0,1202666.94,BLOCK INC,XYZ,026367,2016-06-30,933.292,461.833,471.459,438.533,-27.345,3085.7152,9.05,223067509.0,2742.4776242608878,2550.9470388729455,-43981.23752057049,1202657.314,2742.45567380334,-1.0087586262294803,-0.9693242165547252,-1.0087660080270755,0.391277786560049,-0.648892766062808,crypto
92213,2016-08-10,0.018987,0.018987,3.22,31513.0,3877.0,12483.94,RIOT PLATFORMS INC,RIOT,148170,2016-06-30,17.59,1.571,16.019,0.024,-0.836,13.6083,3.51,5474085.0,520164.1666666667,779.3208065422313,-14932.942583732058,12469.492,519562.1666666667,-0.1776466761601971,-0.46617645355950343,-0.17780562236618486,-0.5681177022885626,-0.347436613593612,crypto
15488,2016-08-10,-0.000787,-0.000787,38.07,5546799.0,1206918.0,45947368.26,PAYPAL HOLDINGS INC,PYPL,024616,2016-06-30,30631.0,16814.0,13817.0,2650.0,323.0,44067.57,36.51,517682665.0,17338.629532075473,3325.422903669393,142251.91411764704,45950365.26,17339.760475471696,-1.0824124279247351,-1.020844760136607,-1.0823734907002642,-0.6565261939217979,-0.9605392181708511,crypto
92213,2016-08-11,0.021739,0.021739,3.29,7084.0,3877.0,12755.33,RIOT PLATFORMS INC,RIOT,148170,2016-06-30,17.59,1.571,16.019,0.024,-0.836,13.6083,3.51,5474085.0,531472.0833333334,796.2625632061927,-15257.57177033493,12740.882,530870.0833333333,-0.17127623359734234,-0.4621339784860269,-0.17143508540313307,-0.5929149632324752,-0.34944006517974435,crypto
15826,2016-08-11,0.0271,0.0271,11.37,6812525.0,108642.0,1235259.5399999998,BLOCK INC,XYZ,026367,2016-06-30,933.292,461.833,471.459,438.533,-27.345,3085.7152,9.05,223067509.0,2816.799511097226,2620.0783949399624,-45173.1409764125,1235249.9139999999,2816.7775606396776,-1.0010235012766147,-0.960093365746681,-1.0010313900098071,0.3902216268642768,-0.6429816575422065,crypto
15488,2016-08-11,0.010244,0.010244,38.46,5999407.0,1206918.0,46418066.28,PAYPAL HOLDINGS INC,PYPL,024616,2016-06-30,30631.0,16814.0,13817.0,2650.0,323.0,44067.57,36.51,517682665.0,17516.251426415096,3359.4894897589925,143709.18352941176,46421063.28,17517.382369811323,-1.040226425028928,-0.996647004617209,-1.0401961098761345,-0.6161107888157569,-0.9232950820845072,crypto
92213,2016-08-12,-0.039514,-0.039514,3.16,7431.0,3877.0,12251.32,RIOT PLATFORMS INC,RIOT,148170,2016-06-30,17.59,1.571,16.019,0.024,-0.836,13.6083,3.51,5474085.0,510471.6666666666,764.7993008302641,-14654.68899521531,12236.872,509869.6666666666,-0.1831070554997869,-0.46964143219391197,-0.18326608262022934,-0.5468629071937803,-0.34571936937692715,crypto
15826,2016-08-12,0.025506,0.025506,11.66,5723191.0,108642.0,1266765.72,BLOCK INC,XYZ,026367,2016-06-30,933.292,461.833,471.459,438.533,-27.345,3085.7152,9.05,223067509.0,2888.6440017056866,2686.905372471413,-46325.31431705979,1266756.094,2888.6220512481386,-0.9935462138221779,-0.9511702099655717,-0.9935545925931139,0.38920067249169704,-0.6372675859722916,crypto
15488,2016-08-12,0.0013,0.0013,38.51,6527984.0,1206918.0,46478412.18,PAYPAL HOLDINGS INC,PYPL,024616,2016-06-30,30631.0,16814.0,13817.0,2650.0,323.0,44067.57,36.51,517682665.0,17539.023464150945,3363.8570007961207,143896.01294117648,46481409.18,17540.15440754717,-1.034817963119209,-0.9935447282685682,-1.0347887533602214,-0.6109293266226744,-0.9185201928426682,crypto
92213,2016-08-15,0.012658,0.012658,3.2,17807.0,3877.0,12406.400000000001,RIOT PLATFORMS INC,RIOT,148170,2016-06-30,17.59,1.571,16.019,0.024,-0.836,13.6083,3.51,5474085.0,516933.3333333334,774.4803046382423,-14840.191387559811,12391.952000000001,516331.3333333334,-0.179466802606727,-0.46733144643763963,-0.17962577578419966,-0.561032770590302,-0.3468641988547171,crypto
15826,2016-08-15,-0.015437,-0.015437,11.48,5912072.0,108642.0,1247210.1600000001,BLOCK INC,XYZ,026367,2016-06-30,933.292,461.833,471.459,438.533,-27.345,3085.7152,9.05,223067509.0,2844.050869603884,2645.4265588312032,-45610.17224355459,1247200.5340000002,2844.028919146336,-0.9981872887938972,-0.9567087204503981,-0.998195363403475,0.3898343683091603,-0.6408142510846525,crypto
15488,2016-08-15,-0.001298,-0.001298,38.46,4548232.0,1206918.0,46418066.28,PAYPAL HOLDINGS INC,PYPL,024616,2016-06-30,30631.0,16814.0,13817.0,2650.0,323.0,44067.57,36.51,517682665.0,17516.251426415096,3359.4894897589925,143709.18352941176,46421063.28,17517.382369811323,-1.040226425028928,-0.996647004617209,-1.0401961098761345,-0.6161107888157569,-0.9232950820845072,crypto
15488,2016-08-16,-0.00208,-0.00208,38.38,6170765.0,1206918.0,46321512.84,PAYPAL HOLDINGS INC,PYPL,024616,2016-06-30,30631.0,16814.0,13817.0,2650.0,323.0,44067.57,36.51,517682665.0,17479.816166037737,3352.5014720995878,143410.25647058824,46324509.84,17480.947109433964,-1.0488799640844781,-1.001610646775034,-1.0488478803015968,-0.6244011283246881,-0.9309349048714493,crypto
15826,2016-08-16,0.013937,0.013937,11.64,3509456.0,108642.0,1264592.8800000001,BLOCK INC,XYZ,026367,2016-06-30,933.292,461.833,471.459,438.533,-27.345,3085.7152,9.05,223067509.0,2883.689209249931,2682.296615400279,-46245.85408667033,1264583.2540000002,2883.667258792383,-0.9940618888190356,-0.9517856000194412,-0.9940702337942651,0.3892710831380818,-0.6376616598736651,crypto
92213,2016-08-16,0.021875,0.021875,3.27,1264.0,3877.0,12677.79,RIOT PLATFORMS INC,RIOT,148170,2016-06-30,17.59,1.571,16.019,0.024,-0.836,13.6083,3.51,5474085.0,528241.25,791.4220613022038,-15164.82057416268,12663.342,527639.25,-0.1730963600438723,-0.46328897136416297,-0.17325523882114785,-0.5858300315342145,-0.34886765044084944,crypto
15826,2016-08-17,-0.020619,-0.020619,11.4,4809074.0,108642.0,1238518.8,BLOCK INC,XYZ,026367,2016-06-30,933.292,461.833,471.459,438.533,-27.345,3085.7152,9.05,223067509.0,2824.2316997808603,2626.9915305466648,-45292.33132199671,1238509.174,2824.2097493233123,-1.000249988781328,-0.9591702806658766,-1.0002579282080801,0.3901160108946996,-0.6423905466901463,crypto
15488,2016-08-17,-0.006253,-0.006253,38.14,5263987.0,1206918.0,46031852.52,PAYPAL HOLDINGS INC,PYPL,024616,2016-06-30,30631.0,16814.0,13817.0,2650.0,323.0,44067.57,36.51,517682665.0,17370.51038490566,3331.5374191213723,142513.47529411767,46034849.52,17371.64132830189,-1.0748405812511288,-1.0165015732485099,-1.0748031915779839,-0.6492721468514818,-0.9538543732322761,crypto
92213,2016-08-17,-0.024495,-0.024495,3.1899,17514.0,3877.0,12367.2423,RIOT PLATFORMS INC,RIOT,148170,2016-06-30,17.59,1.571,16.019,0.024,-0.836,13.6083,3.51,5474085.0,515301.7625,772.0358511767278,-14793.352033492823,12352.7943,514699.76249999995,-0.18038596646222463,-0.46791471784109845,-0.18054495326029718,-0.5574548800826802,-0.3465751294115751,crypto
15826,2016-08-18,0.030702,0.030702,11.75,7219950.0,108642.0,1276543.5,BLOCK INC,XYZ,026367,2016-06-30,933.292,461.833,471.459,438.533,-27.345,3085.7152,9.05,223067509.0,2910.9405677565883,2707.6447792915183,-46682.8853538124,1276533.874,2910.9186172990403,-0.9912256763363183,-0.9484009547231583,-0.9912342071879334,0.38888382458296533,-0.6354942534161112,crypto
15488,2016-08-18,0.002098,0.002098,38.22,3881084.0,1206918.0,46128405.96,PAYPAL HOLDINGS INC,PYPL,024616,2016-06-30,30631.0,16814.0,13817.0,2650.0,323.0,44067.57,36.51,517682665.0,17406.94564528302,3338.5254367807775,142812.4023529412,46131402.96,17408.076588679247,-1.0661870421955786,-1.0115379310906847,-1.0661514211525216,-0.6409818073425506,-0.9462145504453339,crypto
92213,2016-08-18,-0.025048,-0.025048,3.11,5286.0,3877.0,12057.47,RIOT PLATFORMS INC,RIOT,148170,2016-06-30,17.59,1.571,16.019,0.024,-0.836,13.6083,3.51,5474085.0,502394.5833333333,752.6980460702915,-14422.81100478469,12043.021999999999,501792.58333333326,-0.1876573716161117,-0.47252891438925243,-0.18781646616526637,-0.5291505779481286,-0.34428833252968977,crypto
15488,2016-08-19,-0.003401,-0.003401,38.09,5107878.0,1206918.0,45971506.620000005,PAYPAL HOLDINGS INC,PYPL,024616,2016-06-30,30631.0,16814.0,13817.0,2650.0,323.0,44067.57,36.51,517682665.0,17347.738347169812,3327.1699080842445,142326.64588235295,45974503.620000005,17348.86929056604,-1.0802490431608476,-1.0196038495971504,-1.0802105480938977,-0.6544536090445643,-0.9586292624741151,crypto
92213,2016-08-19,0.003215,0.003215,3.12,20047.0,3877.0,12096.24,RIOT PLATFORMS INC,RIOT,148170,2016-06-30,17.59,1.571,16.019,0.024,-0.836,13.6083,3.51,5474085.0,504010.0,755.1182970222861,-14469.186602870814,12081.792,503407.99999999994,-0.18674730839284673,-0.4719514179501843,-0.18690638945625895,-0.5326930437972589,-0.3445745398991372,crypto
15826,2016-08-19,0.004255,0.004255,11.8,5882377.0,108642.0,1281975.6,BLOCK INC,XYZ,026367,2016-06-30,933.292,461.833,471.459,438.533,-27.345,3085.7152,9.05,223067509.0,2923.3275488959785,2719.166671969355,-46881.53592978607,1281965.9740000002,2923.30559843843,-0.9899364888441738,-0.9468624795884844,-0.9899451041850552,0.3887077979670033,-0.6345090686626775,crypto
15488,2016-08-22,0.000525,0.000525,38.11,10704362.0,1206918.0,45995644.98,PAYPAL HOLDINGS INC,PYPL,024616,2016-06-30,30631.0,16814.0,13817.0,2650.0,323.0,44067.57,36.51,517682665.0,17356.84716226415,3328.916912499095,142401.3776470588,45998641.98,17357.978105660375,-1.078085658396961,-1.0183629390576947,-1.078047605487533,-0.6523810241673322,-0.9567193067773803,crypto
15826,2016-08-22,0.001695,0.001695,11.82,3198891.0,108642.0,1284148.44,BLOCK INC,XYZ,026367,2016-06-30,933.292,461.833,471.459,438.533,-27.345,3085.7152,9.05,223067509.0,2928.282341351734,2723.775429040489,-46960.996160175535,1284138.814,2928.2603908941855,-0.9894208138473163,-0.9462470895346148,-0.989429462983904,0.3886373873206185,-0.6341149947613042,crypto
92213,2016-08-22,-0.00641,-0.00641,3.1,2719.0,3877.0,12018.7,RIOT PLATFORMS INC,RIOT,148170,2016-06-30,17.59,1.571,16.019,0.024,-0.836,13.6083,3.51,5474085.0,500779.1666666667,750.2777951182971,-14376.435406698565,12004.252,500177.1666666667,-0.18856743483937666,-0.47310641082832056,-0.18872654287427373,-0.5256081120989982,-0.3440021251602423,crypto
15488,2016-08-23,-0.00656,-0.00656,37.86,6066416.0,1206918.0,45693915.48,PAYPAL HOLDINGS INC,PYPL,024616,2016-06-30,30631.0,16814.0,13817.0,2650.0,323.0,44067.57,36.51,517682665.0,17242.986973584906,3307.0793573134542,141467.23058823528,45696912.48,17244.11791698113,-1.1051279679455546,-1.0338743208008985,-1.1050843880671029,-0.6782883351327428,-0.9805937529865747,crypto
15826,2016-08-23,0.048223,0.048223,12.39,19081921.0,108642.0,1346074.3800000001,BLOCK INC,XYZ,026367,2016-06-30,933.292,461.833,471.459,438.533,-27.345,3085.7152,9.05,223067509.0,3069.4939263407773,2855.125005567823,-49225.61272627538,1346064.7540000002,3069.4719758832293,-0.9747240764368715,-0.9287084729993307,-0.9747336887510936,0.38663068389865124,-0.6228838885721611,crypto
92213,2016-08-23,0.093549,0.093549,3.39,116183.0,3877.0,13143.03,RIOT PLATFORMS INC,RIOT,148170,2016-06-30,17.59,1.571,16.019,0.024,-0.836,13.6083,3.51,5474085.0,547626.25,820.4650727261378,-15721.327751196173,13128.582,547024.25,-0.16217560136469272,-0.45635901409534596,-0.16233431831305897,-0.628339621723779,-0.35230213887421913,crypto
92213,2016-08-24,-0.0118,-0.0118,3.35,11339.0,3877.0,12987.95,RIOT PLATFORMS INC,RIOT,148170,2016-06-30,17.59,1.571,16.019,0.024,-0.836,13.6083,3.51,5474085.0,541164.5833333334,810.7840689181598,-15535.825358851676,12973.502,540562.5833333334,-0.16581585425775255,-0.4586689998516183,-0.1659746251490886,-0.6141697583272575,-0.35115730939642925,crypto
15488,2016-08-24,-0.00898,-0.00898,37.52,5914176.0,1206918.0,45283563.36000001,PAYPAL HOLDINGS INC,PYPL,024616,2016-06-30,30631.0,16814.0,13817.0,2650.0,323.0,44067.57,36.51,517682665.0,17088.137116981135,3277.380282260983,140196.7905882353,45286560.36000001,17089.268060377362,-1.141905508931642,-1.0549697999716556,-1.141854412375316,-0.7135222780457007,-1.0130629998310785,crypto
15826,2016-08-24,-0.018563,-0.018563,12.16,6771342.0,108642.0,1321086.72,BLOCK INC,XYZ,026367,2016-06-30,933.292,461.833,471.459,438.533,-27.345,3085.7152,9.05,223067509.0,3012.5138130995842,2802.1242992497755,-48311.82007679649,1321077.094,3012.4918626420363,-0.9806543389007353,-0.9357854586188313,-0.9806635625643328,0.3874404063320766,-0.6274157384379557,crypto
15826,2016-08-25,0.012336,0.012336,12.31,6605647.0,108642.0,1337383.02,BLOCK INC,XYZ,026367,2016-06-30,933.292,461.833,471.459,438.533,-27.345,3085.7152,9.05,223067509.0,3049.6747565177534,2836.6899772832844,-48907.7718047175,1337373.394,3049.6528060602054,-0.9767867764243024,-0.9311700332148093,-0.9767962535556985,0.38691232648419055,-0.6244601841776549,crypto
92213,2016-08-25,-0.01194,-0.01194,3.31,7624.0,3877.0,12832.87,RIOT PLATFORMS INC,RIOT,148170,2016-06-30,17.59,1.571,16.019,0.024,-0.836,13.6083,3.51,5474085.0,534702.9166666667,801.1030651101818,-15350.32296650718,12818.422,534100.9166666666,-0.16945610715081239,-0.46097898560789063,-0.16961493198511823,-0.599999894930736,-0.3500124799186393,crypto
15488,2016-08-25,-0.000267,-0.000267,37.51,5132089.0,1206918.0,45271494.18,PAYPAL HOLDINGS INC,PYPL,024616,2016-06-30,30631.0,16814.0,13817.0,2650.0,323.0,44067.57,36.51,517682665.0,17083.582709433962,3276.506780053557,140159.42470588235,45274491.18,17084.71365283019,-1.1429872013135867,-1.055590255241384,-1.1429358836784997,-0.7145585704843175,-1.014017977679447,crypto
15488,2016-08-26,0.003732,0.003732,37.65,4177726.0,1206918.0,45440462.699999996,PAYPAL HOLDINGS INC,PYPL,024616,2016-06-30,30631.0,16814.0,13817.0,2650.0,323.0,44067.57,36.51,517682665.0,17147.34441509434,3288.7358109575157,140682.54705882352,45443459.699999996,17148.475358490563,-1.1278435079663738,-1.04690388146519,-1.1277952854339415,-0.7000504763436878,-1.0006482878022982,crypto
15826,2016-08-26,-0.021933,-0.021933,12.04,6469630.0,108642.0,1308049.68,BLOCK INC,XYZ,026367,2016-06-30,933.292,461.833,471.459,438.533,-27.345,3085.7152,9.05,223067509.0,2982.785058365049,2774.4717568229685,-47835.05869445968,1308040.054,2982.7631079075004,-0.9837483888818815,-0.9394777989420491,-0.9837574097712404,0.3878628702103855,-0.6297801818461963,crypto
92213,2016-08-26,-0.012085,-0.012085,3.27,4343.0,3877.0,12677.79,RIOT PLATFORMS INC,RIOT,148170,2016-06-30,17.59,1.571,16.019,0.024,-0.836,13.6083,3.51,5474085.0,528241.25,791.4220613022038,-15164.82057416268,12663.342,527639.25,-0.1730963600438723,-0.46328897136416297,-0.17325523882114785,-0.5858300315342145,-0.34886765044084944,crypto
92213,2016-08-29,0.094801,0.094801,3.58,77706.0,3877.0,13879.66,RIOT PLATFORMS INC,RIOT,148170,2016-06-30,17.59,1.571,16.019,0.024,-0.836,13.6083,3.51,5474085.0,578319.1666666666,866.4498408140335,-16602.464114832535,13865.212,577717.1666666666,-0.14488440012265846,-0.4453865817530523,-0.1450428608419183,-0.6956464728572557,-0.35774007889372117,crypto
15826,2016-08-29,-0.002492,-0.002492,12.01,4370051.0,108642.0,1304790.42,BLOCK INC,XYZ,026367,2016-06-30,933.292,461.833,471.459,438.533,-27.345,3085.7152,9.05,223067509.0,2975.3528696814146,2767.5586212162666,-47715.868348875476,1304780.794,2975.3309192238667,-0.9845219013771682,-0.9404008840228534,-0.9845308715729673,0.3879684861799627,-0.6303712926982565,crypto
15488,2016-08-29,-0.009562,-0.009562,37.29,4780712.0,1206918.0,45005972.22,PAYPAL HOLDINGS INC,PYPL,024616,2016-06-30,30631.0,16814.0,13817.0,2650.0,323.0,44067.57,36.51,517682665.0,16983.385743396226,3257.289731490193,139337.37529411764,45008969.22,16984.516686792453,-1.1667844337163498,-1.0692402711754037,-1.1667282523485212,-0.7373570041338792,-1.0350274903435384,crypto
15826,2016-08-30,0.004996,0.004996,12.07,3751658.0,108642.0,1311308.94,BLOCK INC,XYZ,026367,2016-06-30,933.292,461.833,471.459,438.533,-27.345,3085.7152,9.05,223067509.0,2990.2172470486826,2781.3848924296703,-47954.249040043884,1311299.314,2990.1952965911346,-0.982974876386595,-0.9385547138612446,-0.9829839479695134,0.3877572542408083,-0.6291890709941361,crypto
15488,2016-08-30,-0.007777,-0.007777,37.0,6873648.0,1206918.0,44655966.0,PAYPAL HOLDINGS INC,PYPL,024616,2016-06-30,30631.0,16814.0,13817.0,2650.0,323.0,44067.57,36.51,517682665.0,16851.3079245283,3231.9581674748497,138253.76470588235,44658963.0,16852.438867924528,-1.1981535127927194,-1.0872334739975202,-1.1980909201408223,-0.7674094848537554,-1.0627218479462044,crypto
92213,2016-08-30,0.01676,0.01676,3.64,60879.0,3877.0,14112.28,RIOT PLATFORMS INC,RIOT,148170,2016-06-30,17.59,1.571,16.019,0.024,-0.836,13.6083,3.51,5474085.0,588011.6666666666,880.9713465260005,-16880.717703349284,14097.832,587409.6666666666,-0.13942402078306868,-0.44192160311864376,-0.13958240058787386,-0.7169012679520381,-0.3594573231104061,crypto
15826,2016-08-31,0.009942,0.009942,12.19,5458497.0,123748.0,1508488.1199999999,BLOCK INC,XYZ,026367,2016-06-30,933.292,461.833,471.459,438.533,-27.345,3085.7152,9.05,223067509.0,3439.8508664114215,3199.6167641300726,-55165.04370085939,1508478.494,3439.828915953873,-0.9361788062540012,-0.882709779948869,-0.9361909447031814,0.3813676841309854,-0.5934279616937665,crypto
92213,2016-08-31,0.0,0.0,3.64,32103.0,3877.0,14112.28,RIOT PLATFORMS INC,RIOT,148170,2016-06-30,17.59,1.571,16.019,0.024,-0.836,13.6083,3.51,5474085.0,588011.6666666666,880.9713465260005,-16880.717703349284,14097.832,587409.6666666666,-0.13942402078306868,-0.44192160311864376,-0.13958240058787386,-0.7169012679520381,-0.3594573231104061,crypto
15488,2016-08-31,0.004054,0.004054,37.15,7166276.0,1206918.0,44837003.699999996,PAYPAL HOLDINGS INC,PYPL,024616,2016-06-30,30631.0,16814.0,13817.0,2650.0,323.0,44067.57,36.51,517682665.0,16919.624037735848,3245.060700586234,138814.25294117647,44840000.699999996,16920.754981132075,-1.1819281270635629,-1.077926644951598,-1.1818688505930803,-0.7518650982745089,-1.0483971802206875,crypto
15488,2016-09-01,-0.008614,-0.008614,36.83,10412233.0,1206918.0,44450789.94,PAYPAL HOLDINGS INC,PYPL,024616,2016-06-30,30631.0,16814.0,13817.0,2650.0,323.0,44067.57,36.51,517682665.0,16773.882996226414,3217.1086299486137,137618.54470588235,44453786.94,16775.01393962264,-1.2165422832857637,-1.097781213582899,-1.2164759322949297,-0.7850264563102347,-1.0789564713684567,crypto
92213,2016-09-01,0.060467,0.060467,3.8601,57380.0,3877.0,14965.6077,RIOT PLATFORMS INC,RIOT,148170,2016-06-30,17.59,1.571,16.019,0.024,-0.836,13.6083,3.51,5474085.0,623566.9875,934.2410699793996,-17901.444617224883,14951.1597,622964.9875,-0.11939352923900678,-0.42921090649475513,-0.11955161222262081,-0.7948709412913975,-0.3657567473119451,crypto
15826,2016-09-01,-0.015587,-0.015587,12.0,6005260.0,123748.0,1484976.0,BLOCK INC,XYZ,026367,2016-06-30,933.292,461.833,471.459,438.533,-27.345,3085.7152,9.05,223067509.0,3386.2354714468465,3149.7457891354284,-54305.21119034559,1484966.374,3386.2135209892986,-0.9417588822868054,-0.8893688642778527,-0.941770655035471,0.3821295918494908,-0.5976922024376595,crypto
92213,2016-09-02,-0.025932,-0.025932,3.76,150378.0,3877.0,14577.519999999999,RIOT PLATFORMS INC,RIOT,148170,2016-06-30,17.59,1.571,16.019,0.024,-0.836,13.6083,3.51,5474085.0,607396.6666666666,910.0143579499345,-17437.224880382775,14563.071999999998,606794.6666666666,-0.12850326210388913,-0.43499164584982675,-0.128661480079785,-0.7594108581416024,-0.3628918115437758,crypto
15488,2016-09-02,0.006516,0.006516,37.07,6726906.0,1206918.0,44740450.26,PAYPAL HOLDINGS INC,PYPL,024616,2016-06-30,30631.0,16814.0,13817.0,2650.0,323.0,44067.57,36.51,517682665.0,16883.18877735849,3238.072682926829,138515.32588235295,44743447.26,16884.319720754716,-1.190581666119113,-1.082890287109423,-1.1905206210185426,-0.7601554377834401,-1.0560370030076296,crypto
15826,2016-09-02,0.004167,0.004167,12.05,3357129.0,123748.0,1491163.4000000001,BLOCK INC,XYZ,026367,2016-06-30,933.292,461.833,471.459,438.533,-27.345,3085.7152,9.05,223067509.0,3400.344785911209,3162.869729923493,-54531.482903638695,1491153.7740000002,3400.3228354536604,-0.940290441225541,-0.8876164736649621,-0.9403023102111842,0.38192908981830515,-0.5965700338208455,crypto
15826,2016-09-06,-0.018257,-0.018257,11.83,4337971.0,123748.0,1463938.84,BLOCK INC,XYZ,026367,2016-06-30,933.292,461.833,471.459,438.533,-27.345,3085.7152,9.05,223067509.0,3338.263802268016,3105.12439045601,-53535.88736514903,1463929.2140000002,3338.2418518104682,-0.9467515818951036,-0.89532699236168,-0.9467630274380459,0.38281129875552194,-0.6015075757348268,crypto
15488,2016-09-06,0.002967,0.002967,37.18,6416930.0,1206918.0,44873211.24,PAYPAL HOLDINGS INC,PYPL,024616,2016-06-30,30631.0,16814.0,13817.0,2650.0,323.0,44067.57,36.51,517682665.0,16933.287260377358,3247.6812072085113,138926.3505882353,44876208.24,16934.418203773585,-1.1786830499177314,-1.0760652791424132,-1.178624436683532,-0.7487562209586592,-1.0455322466755839,crypto
92213,2016-09-06,0.018404,0.018404,3.8292,5601.0,3877.0,14845.8084,RIOT PLATFORMS INC,RIOT,148170,2016-06-30,17.59,1.571,16.019,0.024,-0.836,13.6083,3.51,5474085.0,618575.35,926.7624945377365,-17758.144019138756,14831.3604,617973.35,-0.12220562459889557,-0.4309953704914755,-0.12236374925345374,-0.7839247218175844,-0.3648723665403523,crypto
15826,2016-09-07,0.008453,0.008453,11.93,2580348.0,123748.0,1476313.64,BLOCK INC,XYZ,026367,2016-06-30,933.292,461.833,471.459,438.533,-27.345,3085.7152,9.05,223067509.0,3366.4824311967395,3131.3722720321384,-53988.430791735234,1476304.014,3366.4604807391916,-0.9438146997725753,-0.8918222111358992,-0.9438263377894724,0.3824102946931507,-0.5992632385011991,crypto
15488,2016-09-07,0.037117,0.037117,38.56,10817726.0,1206918.0,46538758.080000006,PAYPAL HOLDINGS INC,PYPL,024616,2016-06-30,30631.0,16814.0,13817.0,2650.0,323.0,44067.57,36.51,517682665.0,17561.795501886794,3368.2245118332494,144082.8423529412,46541755.080000006,17562.92644528302,-1.0294095012094902,-0.990442451919927,-1.0293813968443066,-0.6057478644295919,-0.913745303600829,crypto
92213,2016-09-07,-0.007626,-0.007626,3.8,100040.0,3877.0,14732.599999999999,RIOT PLATFORMS INC,RIOT,148170,2016-06-30,17.59,1.571,16.019,0.024,-0.836,13.6083,3.51,5474085.0,613858.3333333333,919.6953617579125,-17622.727272727272,14718.151999999998,613256.3333333333,-0.1248630092108293,-0.4326816600935544,-0.1250211732437554,-0.7735807215381237,-0.3640366410215657,crypto
15488,2016-09-08,0.018413,0.018413,39.27,12037292.0,1206918.0,47395669.86000001,PAYPAL HOLDINGS INC,PYPL,024616,2016-06-30,30631.0,16814.0,13817.0,2650.0,323.0,44067.57,36.51,517682665.0,17885.158437735852,3430.2431685604693,146735.82,47398666.86000001,17886.28938113208,-0.9526093420914818,-0.9463901277692279,-0.9525969343183283,-0.5321711012878259,-0.8459418763667159,crypto
15826,2016-09-08,-0.012573,-0.012573,11.78,2031239.0,123748.0,1457751.44,BLOCK INC,XYZ,026367,2016-06-30,933.292,461.833,471.459,438.533,-27.345,3085.7152,9.05,223067509.0,3324.1544878036543,3092.0004496679458,-53309.615651855915,1457741.814,3324.1325373461063,-0.9482200229563678,-0.8970793829745705,-0.9482313722623327,0.3830118007867076,-0.6026297443516409,crypto
92213,2016-09-08,0.047368,0.047368,3.98,25162.0,3877.0,15430.46,RIOT PLATFORMS INC,RIOT,148170,2016-06-30,17.59,1.571,16.019,0.024,-0.836,13.6083,3.51,5474085.0,642935.8333333333,963.2598788938136,-18457.48803827751,15416.011999999999,642333.8333333333,-0.10848187119205996,-0.4222867241903288,-0.10863979248162209,-0.8373451068224704,-0.36918837367162033,crypto
15488,2016-09-09,-0.032086,-0.032086,38.01,10747079.0,1206918.0,45874953.18,PAYPAL HOLDINGS INC,PYPL,024616,2016-06-30,30631.0,16814.0,13817.0,2650.0,323.0,44067.57,36.51,517682665.0,17311.303086792454,3320.181890424839,142027.7188235294,45877950.18,17312.43403018868,-1.0889025822163978,-1.024567491754976,-1.0888623185193602,-0.6627439485534963,-0.9662690852610576,crypto
15826,2016-09-09,-0.043294,-0.043294,11.27,5310840.0,123748.0,1394639.96,BLOCK INC,XYZ,026367,2016-06-30,933.292,461.833,471.459,438.533,-27.345,3085.7152,9.05,223067509.0,3180.2394802671633,2958.1362536296897,-51001.64417626623,1394630.334,3180.2175298096154,-0.9631981217812631,-0.914953767226053,-0.9632084894700573,0.3850569215048011,-0.6140758642431431,crypto
92213,2016-09-09,-0.01005,-0.01005,3.94,19585.0,3877.0,15275.38,RIOT PLATFORMS INC,RIOT,148170,2016-06-30,17.59,1.571,16.019,0.024,-0.836,13.6083,3.51,5474085.0,636474.1666666666,953.5788750858356,-18271.985645933015,15260.931999999999,635872.1666666666,-0.11212212408511979,-0.42459670994660115,-0.11228009931765169,-0.8231752434259489,-0.3680435441938304,crypto
15826,2016-09-12,0.005324,0.005324,11.33,3019425.0,123748.0,1402064.84,BLOCK INC,XYZ,026367,2016-06-30,933.292,461.833,471.459,438.533,-27.345,3085.7152,9.05,223067509.0,3197.170657624398,2973.8849825753673,-51273.17023221796,1402055.2140000002,3197.14870716685,-0.9614359925077459,-0.9128508984905843,-0.9614464756809131,0.38481631906737834,-0.6127292619029663,crypto
92213,2016-09-12,0.043147,0.043147,4.11,75892.0,3877.0,15934.470000000001,RIOT PLATFORMS INC,RIOT,148170,2016-06-30,17.59,1.571,16.019,0.024,-0.836,13.6083,3.51,5474085.0,663936.25,994.7231412697423,-19060.37081339713,15920.022,663334.25,-0.09665104928961539,-0.41477927048244356,-0.09680879526452578,-0.8833971628611653,-0.37290906947443747,crypto
15488,2016-09-12,0.019995,0.019995,38.77,8635027.0,1206918.0,46792210.86000001,PAYPAL HOLDINGS INC,PYPL,024616,2016-06-30,30631.0,16814.0,13817.0,2650.0,323.0,44067.57,36.51,517682665.0,17657.43806037736,3386.568058189188,144867.52588235296,46795207.86000001,17658.569003773588,-1.0066939611886707,-0.9774128912556356,-1.0066704994774678,-0.5839857232186471,-0.8936907687851052,crypto
15488,2016-09-13,0.028115,0.028115,39.86,17924853.0,1206918.0,48107751.48,PAYPAL HOLDINGS INC,PYPL,024616,2016-06-30,30631.0,16814.0,13817.0,2650.0,323.0,44067.57,36.51,517682665.0,18153.868483018865,3481.7797987985814,148940.40705882353,48110748.48,18154.999426415092,-0.8887894915568008,-0.9097832668552668,-0.8887901274305452,-0.4710298474094567,-0.7895981833130173,crypto
15826,2016-09-13,-0.008826,-0.008826,11.23,3389447.0,123748.0,1389690.04,BLOCK INC,XYZ,026367,2016-06-30,933.292,461.833,471.459,438.533,-27.345,3085.7152,9.05,223067509.0,3168.952028695674,2947.6371009992386,-50820.62680563175,1389680.414,3168.930078238126,-0.9643728746302743,-0.9163556797163653,-0.9643831653294866,0.3852173231297496,-0.6149735991365942,crypto
92213,2016-09-13,0.060827,0.060827,4.36,80928.0,3877.0,16903.72,RIOT PLATFORMS INC,RIOT,148170,2016-06-30,17.59,1.571,16.019,0.024,-0.836,13.6083,3.51,5474085.0,704321.6666666667,1055.229415069605,-20219.76076555024,16889.272,703719.6666666667,-0.07389946870799127,-0.4003418595057414,-0.0740568775393406,-0.9719588090894244,-0.3800642537106244,crypto
15488,2016-09-14,0.002509,0.002509,39.96,13062300.0,1206918.0,48228443.28,PAYPAL HOLDINGS INC,PYPL,024616,2016-06-30,30631.0,16814.0,13817.0,2650.0,323.0,44067.57,36.51,517682665.0,18199.412558490567,3490.514820872838,149314.06588235294,48231440.28,18200.543501886794,-0.8779725677373621,-0.9035787141579852,-0.8779754143987164,-0.46066692302329265,-0.7800484048293391,crypto
15826,2016-09-14,0.004452,0.004452,11.28,3424142.0,123748.0,1395877.44,BLOCK INC,XYZ,026367,2016-06-30,933.292,461.833,471.459,438.533,-27.345,3085.7152,9.05,223067509.0,3183.0613431600354,2960.7610417873025,-51046.89851892485,1395867.814,3183.0393927024875,-0.9629044335690101,-0.914603289103475,-0.9629148205052,0.385016821098564,-0.6138514305197803,crypto
92213,2016-09-14,-0.144495,-0.144495,3.73,132319.0,3877.0,14461.21,RIOT PLATFORMS INC,RIOT,148170,2016-06-30,17.59,1.571,16.019,0.024,-0.836,13.6083,3.51,5474085.0,602550.4166666666,902.753605093951,-17298.098086124402,14446.761999999999,601948.4166666666,-0.131233451773684,-0.43672413516703096,-0.1313917102068072,-0.7487834605942113,-0.3620331894354334,crypto
92213,2016-09-15,0.123324,0.123324,4.19,108695.0,3877.0,16244.630000000001,RIOT PLATFORMS INC,RIOT,148170,2016-06-30,17.59,1.571,16.019,0.024,-0.836,13.6083,3.51,5474085.0,676859.5833333334,1014.0851488856983,-19431.375598086128,16230.182,676257.5833333334,-0.08937054350349566,-0.4101592989698989,-0.08952818159246652,-0.9117368896542084,-0.37519872843001734,crypto
15488,2016-09-15,0.021772,0.021772,40.83,12720951.0,1206918.0,49278461.94,PAYPAL HOLDINGS INC,PYPL,024616,2016-06-30,30631.0,16814.0,13817.0,2650.0,323.0,44067.57,36.51,517682665.0,18595.64601509434,3566.509512918868,152564.89764705882,49281458.94,18596.776958490565,-0.7838653305082542,-0.8495991056916354,-0.7838874110218143,-0.37050948086366325,-0.6969653320213418,crypto
15826,2016-09-15,0.008865,0.008865,11.38,2881756.0,123748.0,1408252.24,BLOCK INC,XYZ,026367,2016-06-30,933.292,461.833,471.459,438.533,-27.345,3085.7152,9.05,223067509.0,3211.279972088759,2987.008923363431,-51499.44194551106,1408242.614,3211.2580216312112,-0.9599675514464817,-0.911098507877694,-0.9599781308566265,0.3846158170361927,-0.6116070932861524,crypto
15488,2016-09-16,-0.003184,-0.003184,40.7,11909449.0,1206918.0,49121562.6,PAYPAL HOLDINGS INC,PYPL,024616,2016-06-30,30631.0,16814.0,13817.0,2650.0,323.0,44067.57,36.51,517682665.0,18536.438716981134,3555.153984222335,152079.14117647058,49124559.6,18537.569660377358,-0.7979273314735226,-0.8576650241981013,-0.7979465379631906,-0.383981282565677,-0.7093800440501229,crypto
92213,2016-09-16,0.069212,0.069212,4.48,92403.0,3877.0,17368.960000000003,RIOT PLATFORMS INC,RIOT,148170,2016-06-30,17.59,1.571,16.019,0.024,-0.836,13.6083,3.51,5474085.0,723706.6666666667,1084.2724264935391,-20776.267942583738,17354.512000000002,723104.6666666667,-0.06297871002881171,-0.39341190223692435,-0.06313595703125173,-1.0144683992789891,-0.38349874214399426,crypto
15826,2016-09-16,-0.000879,-0.000879,11.37,5550596.0,123748.0,1407014.76,BLOCK INC,XYZ,026367,2016-06-30,933.292,461.833,471.459,438.533,-27.345,3085.7152,9.05,223067509.0,3208.458109195887,2984.3841352058184,-51454.18760285244,1407005.134,3208.436158738339,-0.9602612396587347,-0.911448986000272,-0.9602717998214838,0.38465591744242983,-0.6118315270095152,crypto
15488,2016-09-19,-0.016953,-0.016953,40.01,7574483.0,1206918.0,48288789.18,PAYPAL HOLDINGS INC,PYPL,024616,2016-06-30,30631.0,16814.0,13817.0,2650.0,323.0,44067.57,36.51,517682665.0,18222.184596226416,3494.882331909966,149500.89529411765,48291786.18,18223.315539622643,-0.8725641058276432,-0.9004764378093444,-0.8725680578828025,-0.4554854608302102,-0.7752735155875,crypto
92213,2016-09-19,0.013393,0.013393,4.54,117537.0,3877.0,17601.58,RIOT PLATFORMS INC,RIOT,148170,2016-06-30,17.59,1.571,16.019,0.024,-0.836,13.6083,3.51,5474085.0,733399.1666666667,1098.7939322055063,-21054.521531100483,17587.132,732797.1666666667,-0.05751833068922193,-0.38994692360251576,-0.0576754967772073,-1.0357231943737712,-0.38521598636067905,crypto
15826,2016-09-19,0.015831,0.015831,11.55,2925508.0,123748.0,1429289.4000000001,BLOCK INC,XYZ,026367,2016-06-30,933.292,461.833,471.459,438.533,-27.345,3085.7152,9.05,223067509.0,3259.25164126759,3031.6303220428504,-52268.76577070763,1429279.7740000002,3259.229690810042,-0.9549748518381832,-0.9051403797938664,-0.9549857584540516,0.3839341101301615,-0.607791719988985,crypto
92213,2016-09-20,-0.185022,-0.185022,3.7,68922.0,3877.0,14344.900000000001,RIOT PLATFORMS INC,RIOT,148170,2016-06-30,17.59,1.571,16.019,0.024,-0.836,13.6083,3.51,5474085.0,597704.1666666667,895.4928522379676,-17158.97129186603,14330.452000000001,597102.1666666667,-0.13396364144347883,-0.4384566244842352,-0.13412194033382938,-0.7381560630468202,-0.3611745673270909,crypto
15488,2016-09-20,-0.007998,-0.007998,39.69,5563314.0,1206918.0,47902575.419999994,PAYPAL HOLDINGS INC,PYPL,024616,2016-06-30,30631.0,16814.0,13817.0,2650.0,323.0,44067.57,36.51,517682665.0,18076.443554716978,3466.9302612723454,148305.1870588235,47905572.419999994,18077.574498113205,-0.907178262049845,-0.9203310064406457,-0.9071751395846527,-0.4886468188659368,-0.80583280673527,crypto
15826,2016-09-20,0.009524,0.009524,11.66,2801767.0,123748.0,1442901.68,BLOCK INC,XYZ,026367,2016-06-30,933.292,461.833,471.459,438.533,-27.345,3085.7152,9.05,223067509.0,3290.292133089186,3060.5029917765914,-52766.56353995246,1442892.054,3290.2701826316375,-0.951744281503402,-0.9012851204455076,-0.9517553998406209,0.38349300566155314,-0.6053229490319944,crypto
15826,2016-09-21,0.020583,0.020583,11.9,2297731.0,123748.0,1472601.2,BLOCK INC,XYZ,026367,2016-06-30,933.292,461.833,471.459,438.533,-27.345,3085.7152,9.05,223067509.0,3358.0168425181228,3123.4979075592996,-53852.667763759375,1472591.574,3357.994892060575,-0.9446957644093338,-0.8928736455036335,-0.9447073446840444,0.38253059591186206,-0.5999365396712873,crypto
92213,2016-09-21,0.021622,0.021622,3.78,11057.0,3877.0,14655.06,RIOT PLATFORMS INC,RIOT,148170,2016-06-30,17.59,1.571,16.019,0.024,-0.836,13.6083,3.51,5474085.0,610627.5,914.8548598539235,-17529.976076555024,14640.612,610025.5,-0.12668313565735917,-0.43383665297169055,-0.12684132666177017,-0.766495789839863,-0.3634642262826707,crypto
15488,2016-09-21,0.015117,0.015117,40.29,5378400.0,1206918.0,48626726.22,PAYPAL HOLDINGS INC,PYPL,024616,2016-06-30,30631.0,16814.0,13817.0,2650.0,323.0,44067.57,36.51,517682665.0,18349.708007547168,3519.3403937178837,150547.13999999998,48629723.22,18350.838950943395,-0.8422767191332183,-0.883103690256956,-0.8422868613936851,-0.42646927254895084,-0.7485341358332026,crypto
15488,2016-09-22,0.004964,0.004964,40.49,5691048.0,1206918.0,48868109.82,PAYPAL HOLDINGS INC,PYPL,024616,2016-06-30,30631.0,16814.0,13817.0,2650.0,323.0,44067.57,36.51,517682665.0,18440.796158490568,3536.8104378663966,151294.45764705882,48871106.82,18441.92710188679,-0.8206428714943419,-0.8706945848623927,-0.8206574353300292,-0.40574342377662187,-0.7294345788658464,crypto
15826,2016-09-22,-0.018487,-0.018487,11.68,3113464.0,123748.0,1445376.64,BLOCK INC,XYZ,026367,2016-06-30,933.292,461.833,471.459,438.533,-27.345,3085.7152,9.05,223067509.0,3295.9358588749305,3065.752568091817,-52857.0722252697,1445367.014,3295.913908417382,-0.9511569050788963,-0.9005841642003514,-0.9511680619109061,0.38341280484907886,-0.6048740815852687,crypto
92213,2016-09-22,-0.029101,-0.029101,3.67,10040.0,4504.0,16529.68,RIOT PLATFORMS INC,RIOT,148170,2016-06-30,17.59,1.571,16.019,0.024,-0.836,13.6083,3.51,5474085.0,688736.6666666666,1031.8796429240278,-19772.344497607657,16515.232,688134.6666666666,-0.08267945447095308,-0.40591335210489093,-0.08283699340823748,-0.9377822827492459,-0.3773030206833319,crypto
15488,2016-09-23,-0.010373,-0.010373,40.07,6234613.0,1206918.0,48361204.26,PAYPAL HOLDINGS INC,PYPL,024616,2016-06-30,30631.0,16814.0,13817.0,2650.0,323.0,44067.57,36.51,517682665.0,18249.51104150943,3500.1233451545195,149725.0905882353,48364201.26,18250.64198490566,-0.8660739515359814,-0.8967537061909757,-0.8660792300637066,-0.44926770619851175,-0.7695436484972938,crypto
92213,2016-09-23,-0.027248,-0.027248,3.57,29794.0,4504.0,16079.279999999999,RIOT PLATFORMS INC,RIOT,148170,2016-06-30,17.59,1.571,16.019,0.024,-0.836,13.6083,3.51,5474085.0,669969.9999999999,1003.7630314002123,-19233.58851674641,16064.831999999999,669367.9999999999,-0.0932518680835025,-0.41262226095596827,-0.09340956368775612,-0.8966286428614894,-0.37397808389717907,crypto
15826,2016-09-23,0.012842,0.012842,11.83,2781586.0,123748.0,1463938.84,BLOCK INC,XYZ,026367,2016-06-30,933.292,461.833,471.459,438.533,-27.345,3085.7152,9.05,223067509.0,3338.263802268016,3105.12439045601,-53535.88736514903,1463929.2140000002,3338.2418518104682,-0.9467515818951036,-0.89532699236168,-0.9467630274380459,0.38281129875552194,-0.6015075757348268,crypto
15488,2016-09-26,0.006738,0.006738,40.34,9055657.0,1206918.0,48687072.120000005,PAYPAL HOLDINGS INC,PYPL,024616,2016-06-30,30631.0,16814.0,13817.0,2650.0,323.0,44067.57,36.51,517682665.0,18372.48004528302,3523.7079047550124,150733.96941176473,48690069.120000005,18373.610988679247,-0.8368682572234986,-0.8800014139083149,-0.8368795048777703,-0.4212878103558676,-0.7437592465913628,crypto
92213,2016-09-26,-0.098039,-0.098039,3.22,65577.0,4504.0,14502.880000000001,RIOT PLATFORMS INC,RIOT,148170,2016-06-30,17.59,1.571,16.019,0.024,-0.836,13.6083,3.51,5474085.0,604286.6666666667,905.3548910668583,-17347.94258373206,14488.432,603684.6666666666,-0.1302553157274252,-0.43610344193473877,-0.1304135596660711,-0.752590903254342,-0.36234080514564426,crypto
15826,2016-09-26,-0.023669,-0.023669,11.55,4612822.0,123748.0,1429289.4000000001,BLOCK INC,XYZ,026367,2016-06-30,933.292,461.833,471.459,438.533,-27.345,3085.7152,9.05,223067509.0,3259.25164126759,3031.6303220428504,-52268.76577070763,1429279.7740000002,3259.229690810042,-0.9549748518381832,-0.9051403797938664,-0.9549857584540516,0.3839341101301615,-0.607791719988985,crypto
92213,2016-09-27,-0.015528,-0.015528,3.17,31497.0,4504.0,14277.68,RIOT PLATFORMS INC,RIOT,148170,2016-06-30,17.59,1.571,16.019,0.024,-0.836,13.6083,3.51,5474085.0,594903.3333333334,891.2965853049504,-17078.564593301435,14263.232,594301.3333333334,-0.13554152253369992,-0.4394578963602775,-0.13569984480583036,-0.7320140833104636,-0.36067833675256783,crypto
15826,2016-09-27,0.019913,0.019913,11.78,2314255.0,123748.0,1457751.44,BLOCK INC,XYZ,026367,2016-06-30,933.292,461.833,471.459,438.533,-27.345,3085.7152,9.05,223067509.0,3324.1544878036543,3092.0004496679458,-53309.615651855915,1457741.814,3324.1325373461063,-0.9482200229563678,-0.8970793829745705,-0.9482313722623327,0.3830118007867076,-0.6026297443516409,crypto
15488,2016-09-27,0.017848,0.017848,41.06,8674079.0,1206918.0,49556053.080000006,PAYPAL HOLDINGS INC,PYPL,024616,2016-06-30,30631.0,16814.0,13817.0,2650.0,323.0,44067.57,36.51,517682665.0,18700.39738867925,3586.600063689658,153424.3129411765,49559050.080000006,18701.528332075475,-0.7589864057235466,-0.8353286344878876,-0.7590135710486092,-0.3466747547754847,-0.6750008415088821,crypto
15826,2016-09-28,0.004245,0.004245,11.83,3749202.0,123748.0,1463938.84,BLOCK INC,XYZ,026367,2016-06-30,933.292,461.833,471.459,438.533,-27.345,3085.7152,9.05,223067509.0,3338.263802268016,3105.12439045601,-53535.88736514903,1463929.2140000002,3338.2418518104682,-0.9467515818951036,-0.89532699236168,-0.9467630274380459,0.38281129875552194,-0.6015075757348268,crypto
92213,2016-09-28,-0.031546,-0.031546,3.07,33740.0,4504.0,13827.279999999999,RIOT PLATFORMS INC,RIOT,148170,2016-06-30,17.59,1.571,16.019,0.024,-0.836,13.6083,3.51,5474085.0,576136.6666666666,863.1799737811349,-16539.80861244019,13812.831999999999,575534.6666666666,-0.14611393614624935,-0.4461668052113548,-0.146272415085349,-0.6908604434227069,-0.357353399966415,crypto
15488,2016-09-28,-0.002192,-0.002192,40.97,6751179.0,1206918.0,49447430.46,PAYPAL HOLDINGS INC,PYPL,024616,2016-06-30,30631.0,16814.0,13817.0,2650.0,323.0,44067.57,36.51,517682665.0,18659.407720754716,3578.738543822827,153088.02,49450427.46,18660.538664150943,-0.7687216371610414,-0.8409127319154411,-0.7687468127772552,-0.3560013867230336,-0.6835956421441929,crypto
15488,2016-09-29,-0.014157,-0.014157,40.39,7953014.0,1206918.0,48747418.02,PAYPAL HOLDINGS INC,PYPL,024616,2016-06-30,30631.0,16814.0,13817.0,2650.0,323.0,44067.57,36.51,517682665.0,18395.25208301887,3528.0754157921406,150920.79882352942,48750415.02,18396.383026415097,-0.8314597953137797,-0.8768991375596741,-0.8314721483618563,-0.41610634816278597,-0.7389843573495241,crypto
92213,2016-09-29,-0.042345,-0.042345,2.94,55827.0,4504.0,13241.76,RIOT PLATFORMS INC,RIOT,148170,2016-06-30,17.59,1.571,16.019,0.024,-0.836,13.6083,3.51,5474085.0,551740.0,826.6283788001749,-15839.425837320576,13227.312,551138.0,-0.1598580738425635,-0.4548883867177552,-0.16001675644872312,-0.6373607115686241,-0.35303098214441647,crypto
15826,2016-09-29,-0.016061,-0.016061,11.64,2707245.0,123748.0,1440426.72,BLOCK INC,XYZ,026367,2016-06-30,933.292,461.833,471.459,438.533,-27.345,3085.7152,9.05,223067509.0,3284.648407303441,3055.2534154613654,-52676.054854635215,1440417.094,3284.626456845893,-0.9523316579279077,-0.9019860766906637,-0.9523427377703356,0.3835732064740274,-0.6057718164787199,crypto
15488,2016-09-30,0.01436,0.01436,40.97,8685607.0,1206000.0,49409820.0,PAYPAL HOLDINGS INC,PYPL,024616,2016-09-30,31356.0,17164.0,14192.0,2667.0,323.0,49409.82,40.97,541631398.0,18526.36670416198,3481.5262119503946,152971.57894736843,49412792.0,18527.48106486689,-0.8003194800514618,-0.9099633915246194,-0.8003421352875384,-0.3592307225445956,-0.7174639323520537,crypto
15826,2016-09-30,0.001718,0.001718,11.66,3562443.0,123748.0,1442901.68,BLOCK INC,XYZ,026367,2016-09-30,1052.208,541.819,510.389,439.002,-32.323,4096.3679,11.66,289154845.0,3286.7770078496224,2827.062652212332,-44640.091575658196,1442933.1099999999,3286.8486020564824,-0.9521101216900603,-0.9324555338395092,-0.9521114809345037,0.39069396821891655,-0.6114957920612891,crypto
92213,2016-09-30,0.030612,0.030612,3.03,37390.0,4504.0,13647.119999999999,RIOT PLATFORMS INC,RIOT,148170,2016-09-30,19.323,2.268,17.03,0.027,-1.71,13.6471,3.03,2744549.0,505448.8888888889,801.3576042278331,-7980.771929824561,13632.357999999998,504902.1481481481,-0.18593669408685198,-0.4609182499912282,-0.18606463174910218,-0.037066284405883096,-0.21749646505826636,crypto
15488,2016-10-03,-0.009275,-0.009275,40.59,6924977.0,1206000.0,48951540.00000001,PAYPAL HOLDINGS INC,PYPL,024616,2016-09-30,31356.0,17164.0,14192.0,2667.0,323.0,49409.82,40.97,541631398.0,18354.533183352083,3449.2347801578358,151552.75541795668,48954512.00000001,18355.647544056996,-0.8411307180659752,-0.9329002414288782,-0.8411450322079607,-0.398579882866103,-0.7534389686422293,crypto
15826,2016-10-03,0.000858,0.000858,11.67,2480369.0,123748.0,1444139.16,BLOCK INC,XYZ,026367,2016-09-30,1052.208,541.819,510.389,439.002,-32.323,4096.3679,11.66,289154845.0,3289.5958560553254,2829.4872342468193,-44678.37638833029,1444170.5899999999,3289.667450262185,-0.9518167472343996,-0.9321317884899963,-0.9518181257056763,0.3906600435953187,-0.6112766544586884,crypto
92213,2016-10-03,-0.079208,-0.079208,2.79,13200.0,4504.0,12566.16,RIOT PLATFORMS INC,RIOT,148170,2016-09-30,19.323,2.268,17.03,0.027,-1.71,13.6471,3.03,2744549.0,465413.3333333333,737.8837345860246,-7348.631578947368,12551.398,464866.5925925926,-0.20849117646029067,-0.47606375945247176,-0.20861944834540846,0.011220653062417783,-0.2204884327989383,crypto
15826,2016-10-04,-0.003428,-0.003428,11.63,2132091.0,123748.0,1439189.24,BLOCK INC,XYZ,026367,2016-09-30,1052.208,541.819,510.389,439.002,-32.323,4096.3679,11.66,289154845.0,3278.3204632325137,2819.78890610887,-44525.237137641925,1439220.67,3278.3920574393737,-0.9529902450570417,-0.9334267698880478,-0.9529915466209866,0.3907957420897102,-0.6121532048690915,crypto
15488,2016-10-04,0.004681,0.004681,40.78,5046632.0,1206000.0,49180680.0,PAYPAL HOLDINGS INC,PYPL,024616,2016-09-30,31356.0,17164.0,14192.0,2667.0,323.0,49409.82,40.97,541631398.0,18440.44994375703,3465.380496054115,152262.16718266252,49183652.0,18441.564304461943,-0.8207250990587189,-0.9214318164767488,-0.8207435837477496,-0.3789053027053501,-0.7354514504971419,crypto
92213,2016-10-04,-0.021505,-0.021505,2.73,7797.0,4504.0,12295.92,RIOT PLATFORMS INC,RIOT,148170,2016-09-30,19.323,2.268,17.03,0.027,-1.71,13.6471,3.03,2744549.0,455404.44444444444,722.0152671755725,-7190.596491228071,12281.158,454857.7037037037,-0.21412979705365032,-0.47985013681778266,-0.21425815249448504,0.023292387429492967,-0.22123642473410626,crypto
15488,2016-10-05,-0.008337,-0.008337,40.44,6128205.0,1206000.0,48770640.0,PAYPAL HOLDINGS INC,PYPL,024616,2016-09-30,31356.0,17164.0,14192.0,2667.0,323.0,49409.82,40.97,541631398.0,18286.704161979753,3436.4881623449833,150992.69349845202,48773612.0,18287.818522684665,-0.857240417282231,-0.9419542611279279,-0.8572514388870757,-0.41411244615090925,-0.767639640862036,crypto
15826,2016-10-05,0.005159,0.005159,11.69,1675444.0,123748.0,1446614.1199999999,BLOCK INC,XYZ,026367,2016-09-30,1052.208,541.819,510.389,439.002,-32.323,4096.3679,11.66,289154845.0,3295.233552466731,2834.336398315794,-44754.94601367447,1446645.5499999998,3295.305146673591,-0.9512299983230788,-0.9314842977909704,-0.951231415248021,0.3905921943481229,-0.6108383792534868,crypto
92213,2016-10-05,0.003663,0.003663,2.74,64926.0,4504.0,12340.960000000001,RIOT PLATFORMS INC,RIOT,148170,2016-09-30,19.323,2.268,17.03,0.027,-1.71,13.6471,3.03,2744549.0,457072.59259259264,724.6600117439813,-7216.935672514621,12326.198,456525.85185185185,-0.21319002695475703,-0.47921907392356416,-0.21331836846963895,0.02128043170164706,-0.22111175941157826,crypto
15826,2016-10-06,-0.014542,-0.014542,11.52,2370582.0,123748.0,1425576.96,BLOCK INC,XYZ,026367,2016-09-30,1052.208,541.819,510.389,439.002,-32.323,4096.3679,11.66,289154845.0,3247.3131329697812,2793.118503729508,-44104.104198248926,1425608.39,3247.3847271766413,-0.9562173640693075,-0.9369879687326899,-0.9562184541380907,0.39116891294928685,-0.6145637184977003,crypto
15488,2016-10-06,-0.006429,-0.006429,40.18,6312037.0,1206000.0,48457080.0,PAYPAL HOLDINGS INC,PYPL,024616,2016-09-30,31356.0,17164.0,14192.0,2667.0,323.0,49409.82,40.97,541631398.0,18169.133858267716,3414.3940248027056,150021.91950464397,48460052.0,18170.24821897263,-0.8851638959237405,-0.9576478952729475,-0.8851692104642075,-0.4410355558445725,-0.792254139376367,crypto
92213,2016-10-06,-0.025547,-0.025547,2.67,41457.0,4504.0,12025.68,RIOT PLATFORMS INC,RIOT,148170,2016-09-30,19.323,2.268,17.03,0.027,-1.71,13.6471,3.03,2744549.0,445395.55555555556,706.1467997651204,-7032.561403508772,12010.918,444848.81481481483,-0.21976841764701,-0.48363651418309356,-0.21989685664356162,0.035364121796568226,-0.22198441666927424,crypto
92213,2016-10-07,-0.007491,-0.007491,2.65,5131.0,4504.0,11935.6,RIOT PLATFORMS INC,RIOT,148170,2016-09-30,19.323,2.268,17.03,0.027,-1.71,13.6471,3.03,2744549.0,442059.25925925927,700.857310628303,-6979.883040935673,11920.838,441512.51851851854,-0.22164795784479654,-0.48489863997153054,-0.2217764246932538,0.0393880332522599,-0.22223374731433024,crypto
15826,2016-10-07,-0.003472,-0.003472,11.48,1660239.0,123748.0,1420627.04,BLOCK INC,XYZ,026367,2016-09-30,1052.208,541.819,510.389,439.002,-32.323,4096.3679,11.66,289154845.0,3236.0377401469696,2783.4201755915587,-43950.96494756056,1420658.47,3236.1093343538296,-0.9573908618919493,-0.9382829501307415,-0.9573918750534013,0.3913046114436784,-0.6154402689081034,crypto
15488,2016-10-07,-0.007466,-0.007466,39.88,6109946.0,1206000.0,48095280.0,PAYPAL HOLDINGS INC,PYPL,024616,2016-09-30,31356.0,17164.0,14192.0,2667.0,323.0,49409.82,40.97,541631398.0,18033.47581552306,3388.900789177001,148901.79566563468,48098252.0,18034.590176227972,-0.9173832943562512,-0.9757559346710466,-0.9173820238224365,-0.4721006824141841,-0.8206554838159796,crypto
15488,2016-10-10,-0.000502,-0.000502,39.86,6636680.0,1206000.0,48071160.0,PAYPAL HOLDINGS INC,PYPL,024616,2016-09-30,31356.0,17164.0,14192.0,2667.0,323.0,49409.82,40.97,541631398.0,18024.43194600675,3387.2012401352877,148827.12074303406,48074132.0,18025.54630671166,-0.9195312542517519,-0.9769631372975864,-0.9195295447129851,-0.47417169085215827,-0.8225489067786205,crypto
15826,2016-10-10,-0.000871,-0.000871,11.47,1581273.0,123748.0,1419389.56,BLOCK INC,XYZ,026367,2016-09-30,1052.208,541.819,510.389,439.002,-32.323,4096.3679,11.66,289154845.0,3233.218891941267,2780.995593557071,-43912.68013488847,1419420.99,3233.290486148127,-0.9576842363476099,-0.9386066954802544,-0.9576852302822287,0.3913385360672763,-0.6156594065107042,crypto
92213,2016-10-10,-0.030189,-0.030189,2.57,4942.0,4504.0,11575.279999999999,RIOT PLATFORMS INC,RIOT,148170,2016-09-30,19.323,2.268,17.03,0.027,-1.71,13.6471,3.03,2744549.0,428714.07407407404,679.6993540810333,-6769.169590643274,11560.517999999998,428167.33333333326,-0.2291661186359428,-0.48994714312527843,-0.22929469689202261,0.05548367907502698,-0.2232310698945542,crypto
15826,2016-10-11,-0.025283,-0.025283,11.18,2345117.0,123748.0,1383502.64,BLOCK INC,XYZ,026367,2016-09-30,1052.208,541.819,510.389,439.002,-32.323,4096.3679,11.66,289154845.0,3151.4722939758813,2710.682714556936,-42802.42056739782,1383534.0699999998,3151.5438881827413,-0.9661920955617649,-0.9479953106161286,-0.9661925319182301,0.39232235015161476,-0.6220143969861271,crypto
15488,2016-10-11,-0.016809,-0.016809,39.19,9955667.0,1206000.0,47263140.0,PAYPAL HOLDINGS INC,PYPL,024616,2016-09-30,31356.0,17164.0,14192.0,2667.0,323.0,49409.82,40.97,541631398.0,17721.46231721035,3330.2663472378804,146325.5108359133,47266112.0,17722.576677915262,-0.9914879107510257,-1.017404425286675,-0.991471494546363,-0.543550473524291,-0.8859785760270886,crypto
92213,2016-10-11,-0.066148,-0.066148,2.4,36872.0,4504.0,10809.6,RIOT PLATFORMS INC,RIOT,148170,2016-09-30,19.323,2.268,17.03,0.027,-1.71,13.6471,3.03,2744549.0,400355.55555555556,634.7386964180857,-6321.40350877193,10794.838,399808.81481481483,-0.2451422103171285,-0.5006752123269925,-0.2452710253144062,0.0896869264484067,-0.22535038037753014,crypto
15826,2016-10-12,0.00805,0.00805,11.27,2510419.0,123748.0,1394639.96,BLOCK INC,XYZ,026367,2016-09-30,1052.208,541.819,510.389,439.002,-32.323,4096.3679,11.66,289154845.0,3176.841927827208,2732.503952867323,-43146.98388144665,1394671.39,3176.9135220340677,-0.9635517254608202,-0.9450816024705125,-0.9635523348587816,0.39201702853923387,-0.6200421585627202,crypto
92213,2016-10-12,-0.0375,-0.0375,2.31,7289.0,4504.0,10404.24,RIOT PLATFORMS INC,RIOT,148170,2016-09-30,19.323,2.268,17.03,0.027,-1.71,13.6471,3.03,2744549.0,385342.2222222222,610.9359953024075,-6084.350877192983,10389.478,384795.48148148146,-0.253600141207168,-0.5063547783749589,-0.2537290815380211,0.10779452799901955,-0.2264723682802821,crypto
15488,2016-10-12,0.008676,0.008676,39.53,7039942.0,1206000.0,47673180.0,PAYPAL HOLDINGS INC,PYPL,024616,2016-09-30,31356.0,17164.0,14192.0,2667.0,323.0,49409.82,40.97,541631398.0,17875.208098987627,3359.1586809470123,147594.98452012383,47676152.0,17876.32245969254,-0.9549725925275137,-0.9968819806354958,-0.9549636394070369,-0.5083433300787311,-0.8537903856621943,crypto
15826,2016-10-13,-0.007099,-0.007099,11.19,2600007.0,123748.0,1384740.1199999999,BLOCK INC,XYZ,026367,2016-09-30,1052.208,541.819,510.389,439.002,-32.323,4096.3679,11.66,289154845.0,3154.2911421815843,2713.107296591423,-42840.705380069914,1384771.5499999998,3154.3627363884443,-0.9658987211061044,-0.9476715652666158,-0.9658991766894024,0.3922884255280169,-0.6217952593835264,crypto
15488,2016-10-13,-0.008348,-0.008348,39.2,7865587.0,1206000.0,47275200.0,PAYPAL HOLDINGS INC,PYPL,024616,2016-09-30,31356.0,17164.0,14192.0,2667.0,323.0,49409.82,40.97,541631398.0,17725.984251968504,3331.1161217587373,146362.8482972136,47278172.0,17727.098612673417,-0.9904139308032754,-1.0168008239734048,-0.9903977341010887,-0.542514969305304,-0.8850318645457682,crypto
92213,2016-10-13,0.004329,0.004329,2.32,29639.0,4504.0,10449.279999999999,RIOT PLATFORMS INC,RIOT,148170,2016-09-30,19.323,2.268,17.03,0.027,-1.71,13.6471,3.03,2744549.0,387010.37037037034,613.580739870816,-6110.690058479531,10434.517999999998,386463.62962962955,-0.2526603711082747,-0.5057237154807404,-0.252789297513175,0.10578257227117377,-0.22634770295775408,crypto
15826,2016-10-14,-0.006256,-0.006256,11.12,1897747.0,123748.0,1376077.76,BLOCK INC,XYZ,026367,2016-09-30,1052.208,541.819,510.389,439.002,-32.323,4096.3679,11.66,289154845.0,3134.559204741664,2696.1352223500116,-42572.71169136528,1376109.19,3134.630798948524,-0.9679523422957279,-0.949937782713206,-0.9679526632911959,0.392525897893202,-0.623329222601732,crypto
92213,2016-10-14,0.034483,0.034483,2.4,23950.0,4504.0,10809.6,RIOT PLATFORMS INC,RIOT,148170,2016-09-30,19.323,2.268,17.03,0.027,-1.71,13.6471,3.03,2744549.0,400355.55555555556,634.7386964180857,-6321.40350877193,10794.838,399808.81481481483,-0.2451422103171285,-0.5006752123269925,-0.2452710253144062,0.0896869264484067,-0.22535038037753014,crypto
15488,2016-10-14,0.00102,0.00102,39.24,6647595.0,1206000.0,47323440.0,PAYPAL HOLDINGS INC,PYPL,024616,2016-09-30,31356.0,17164.0,14192.0,2667.0,323.0,49409.82,40.97,541631398.0,17744.071991001125,3334.5152198421647,146512.19814241485,47326412.0,17745.186351706037,-0.9861180110122741,-1.0143864187203249,-0.9861026923199916,-0.5383729524293556,-0.8812450186204865,crypto
15488,2016-10-17,0.006116,0.006116,39.48,5279532.0,1206000.0,47612879.99999999,PAYPAL HOLDINGS INC,PYPL,024616,2016-09-30,31356.0,17164.0,14192.0,2667.0,323.0,49409.82,40.97,541631398.0,17852.598425196848,3354.909808342728,147408.29721362228,47615851.99999999,17853.71278590176,-0.9603424922662661,-0.9998999872018458,-0.960332441633409,-0.5135208511736665,-0.8585239430687969,crypto
15826,2016-10-17,-0.017086,-0.017086,10.93,2452674.0,123748.0,1352565.64,BLOCK INC,XYZ,026367,2016-09-30,1052.208,541.819,510.389,439.002,-32.323,4096.3679,11.66,289154845.0,3081.001088833308,2650.06816369475,-41845.300250595545,1352597.0699999998,3081.072683040168,-0.9735264569532777,-0.9560889443539512,-0.9735264126389209,0.3931704657415618,-0.627492837051147,crypto
92213,2016-10-17,0.041667,0.041667,2.5,15742.0,4504.0,11260.0,RIOT PLATFORMS INC,RIOT,148170,2016-09-30,19.323,2.268,17.03,0.027,-1.71,13.6471,3.03,2744549.0,417037.037037037,661.1861421021725,-6584.795321637427,11245.238,416490.2962962963,-0.23574450932819574,-0.4943645833848077,-0.23587318506594526,0.069567369169948,-0.2241037271522502,crypto
92213,2016-10-18,0.088,0.088,2.72,63573.0,4504.0,12250.880000000001,RIOT PLATFORMS INC,RIOT,148170,2016-09-30,19.323,2.268,17.03,0.027,-1.71,13.6471,3.03,2744549.0,453736.29629629635,719.3705226071638,-7164.257309941521,12236.118,453189.55555555556,-0.21506956715254358,-0.48048119971200115,-0.21519793651933114,0.02530434315733881,-0.22136109005663426,crypto
15488,2016-10-18,0.008865,0.008865,39.83,5475850.0,1206000.0,48034980.0,PAYPAL HOLDINGS INC,PYPL,024616,2016-09-30,31356.0,17164.0,14192.0,2667.0,323.0,49409.82,40.97,541631398.0,18010.866141732284,3384.651916572717,148715.10835913313,48037952.0,18011.980502437196,-0.9227531940950029,-0.9787739412373967,-0.9227508260488079,-0.4772782035091195,-0.8253890412225817,crypto
15826,2016-10-18,0.037511,0.037511,11.34,6320918.0,123748.0,1403302.32,BLOCK INC,XYZ,026367,2016-09-30,1052.208,541.819,510.389,439.002,-32.323,4096.3679,11.66,289154845.0,3196.573865267129,2749.476027108735,-43414.977570151284,1403333.75,3196.6454594739885,-0.9614981042711968,-0.9428153850239221,-0.9614988482569881,0.3917795561740487,-0.6185081953445146,crypto
15826,2016-10-19,-0.003527,-0.003527,11.3,2549032.0,123748.0,1398352.4000000001,BLOCK INC,XYZ,026367,2016-09-30,1052.208,541.819,510.389,439.002,-32.323,4096.3679,11.66,289154845.0,3185.298472444317,2739.7776989707854,-43261.83831946293,1398383.83,3185.3700666511772,-0.9626716020938386,-0.9441103664219737,-0.9626722691722984,0.39191525466844024,-0.6193847457549176,crypto
92213,2016-10-19,0.014706,0.014706,2.76,22822.0,4504.0,12431.039999999999,RIOT PLATFORMS INC,RIOT,148170,2016-09-30,19.323,2.268,17.03,0.027,-1.71,13.6471,3.03,2744549.0,460408.8888888889,729.9495008807985,-7269.614035087719,12416.277999999998,459862.1481481481,-0.2113104867569705,-0.47795694813512724,-0.21143880041994678,0.017256520245955444,-0.22086242876652226,crypto
15488,2016-10-19,0.010294,0.010294,40.24,6587733.0,1206646.0,48555435.04,PAYPAL HOLDINGS INC,PYPL,024616,2016-09-30,31356.0,17164.0,14192.0,2667.0,323.0,49409.82,40.97,541631398.0,18206.012388451443,3421.3243404735063,150326.42427244582,48558407.04,18207.126749156356,-0.8764050782852509,-0.9527252392770335,-0.8764121829728831,-0.4325905260868083,-0.784533256655494,crypto
15826,2016-10-20,-0.009735,-0.009735,11.19,2024180.0,123748.0,1384740.1199999999,BLOCK INC,XYZ,026367,2016-09-30,1052.208,541.819,510.389,439.002,-32.323,4096.3679,11.66,289154845.0,3154.2911421815843,2713.107296591423,-42840.705380069914,1384771.5499999998,3154.3627363884443,-0.9658987211061044,-0.9476715652666158,-0.9658991766894024,0.3922884255280169,-0.6217952593835264,crypto
92213,2016-10-20,0.003623,0.003623,2.77,702.0,4504.0,12476.08,RIOT PLATFORMS INC,RIOT,148170,2016-09-30,19.323,2.268,17.03,0.027,-1.71,13.6471,3.03,2744549.0,462077.037037037,732.5942454492073,-7295.953216374269,12461.318,461530.2962962963,-0.21037071665807722,-0.4773258852409087,-0.21049901639510066,0.015244564518109535,-0.22073776344399426,crypto
15488,2016-10-20,-0.003728,-0.003728,40.09,13395994.0,1206646.0,48374438.14,PAYPAL HOLDINGS INC,PYPL,024616,2016-09-30,31356.0,17164.0,14192.0,2667.0,323.0,49409.82,40.97,541631398.0,18138.147034120735,3408.5708948703495,149766.06235294117,48377410.14,18139.261394825648,-0.8925234067433749,-0.9617841088075305,-0.8925272171302021,-0.4481314094677021,-0.7987415355372024,crypto
15826,2016-10-21,0.011618,0.011618,11.32,2957334.0,123748.0,1400827.36,BLOCK INC,XYZ,026367,2016-09-30,1052.208,541.819,510.389,439.002,-32.323,4096.3679,11.66,289154845.0,3190.936168855723,2744.62686303976,-43338.407944807106,1400858.79,3191.007763062583,-0.9620848531825178,-0.943462875722948,-0.9620855587146431,0.39184740542124447,-0.6189464705497161,crypto
15488,2016-10-21,0.101272,0.101272,44.15,37625068.0,1206646.0,53273420.9,PAYPAL HOLDINGS INC,PYPL,024616,2016-09-30,31356.0,17164.0,14192.0,2667.0,323.0,49409.82,40.97,541631398.0,19975.03595800525,3753.7641558624578,164933.19164086686,53276392.9,19976.15031871016,-0.4562539831434821,-0.716590706848744,-0.45634695927210056,-0.027491499291514544,-0.41417078713896033,crypto
92213,2016-10-21,-0.00361,-0.00361,2.76,6629.0,4504.0,12431.039999999999,RIOT PLATFORMS INC,RIOT,148170,2016-09-30,19.323,2.268,17.03,0.027,-1.71,13.6471,3.03,2744549.0,460408.8888888889,729.9495008807985,-7269.614035087719,12416.277999999998,459862.1481481481,-0.2113104867569705,-0.47795694813512724,-0.21143880041994678,0.017256520245955444,-0.22086242876652226,crypto
92213,2016-10-24,0.021739,0.021739,2.82,9447.0,4504.0,12701.279999999999,RIOT PLATFORMS INC,RIOT,148170,2016-09-30,19.323,2.268,17.03,0.027,-1.71,13.6471,3.03,2744549.0,470417.77777777775,745.8179682912506,-7427.649122807017,12686.517999999998,469871.03703703696,-0.20567186616361083,-0.4741705707698164,-0.2058000962708702,0.00518478587888019,-0.22011443683135432,crypto
15488,2016-10-24,-0.006342,-0.006342,43.87,19079031.0,1206646.0,52935560.019999996,PAYPAL HOLDINGS INC,PYPL,024616,2016-09-30,31356.0,17164.0,14192.0,2667.0,323.0,49409.82,40.97,541631398.0,19848.35396325459,3729.957724069898,163887.1827244582,52938532.019999996,19849.468323959503,-0.48634152959864785,-0.7335005966390055,-0.48642835636576265,-0.05650114826918262,-0.4406929077181496,crypto
15826,2016-10-24,0.00265,0.00265,11.35,2172839.0,123748.0,1404539.8,BLOCK INC,XYZ,026367,2016-09-30,1052.208,541.819,510.389,439.002,-32.323,4096.3679,11.66,289154845.0,3199.3927134728315,2751.900609143222,-43453.26238282338,1404571.23,3199.4643076796915,-0.9612047298155362,-0.9424916396744092,-0.9612054930281604,0.39174563155045083,-0.6182890577419138,crypto
15826,2016-10-25,-0.02467,-0.02467,11.07,2853158.0,123748.0,1369890.36,BLOCK INC,XYZ,026367,2016-09-30,1052.208,541.819,510.389,439.002,-32.323,4096.3679,11.66,289154845.0,3120.4649637131497,2684.0123121775746,-42381.28762800483,1369921.79,3120.5365579200093,-0.9694192145740306,-0.9515565094607705,-0.9694194394353339,0.39269552101119143,-0.6244249106147359,crypto
92213,2016-10-25,-0.039007,-0.039007,2.71,2656.0,4504.0,12205.84,RIOT PLATFORMS INC,RIOT,148170,2016-09-30,19.323,2.268,17.03,0.027,-1.71,13.6471,3.03,2744549.0,452068.14814814815,716.7257780387552,-7137.918128654971,12191.078,451521.4074074074,-0.21600933725143687,-0.4811122626062196,-0.21613772054417724,0.02731629888518472,-0.22148575537916226,crypto
15488,2016-10-25,-0.012765,-0.012765,43.31,9463932.0,1206646.0,52259838.260000005,PAYPAL HOLDINGS INC,PYPL,024616,2016-09-30,31356.0,17164.0,14192.0,2667.0,323.0,49409.82,40.97,541631398.0,19594.989973753283,3682.3448604847804,161795.1648916409,52262810.260000005,19596.104334458196,-0.5465166225089767,-0.7673203762195273,-0.5465911505530859,-0.11452044622451797,-0.493737148876527,crypto
15826,2016-10-26,0.012647,0.012647,11.21,2453171.0,123748.0,1387215.08,BLOCK INC,XYZ,026367,2016-09-30,1052.208,541.819,510.389,439.002,-32.323,4096.3679,11.66,289154845.0,3159.9288385929904,2717.9564606603985,-42917.2750054141,1387246.51,3160.0004327998504,-0.9653119721947834,-0.9470240745675899,-0.9653124662317472,0.39222057628082113,-0.6213569841783249,crypto
92213,2016-10-26,0.077491,0.077491,2.92,7492.0,4504.0,13151.68,RIOT PLATFORMS INC,RIOT,148170,2016-09-30,19.323,2.268,17.03,0.027,-1.71,13.6471,3.03,2744549.0,487099.25925925927,772.2654139753377,-7691.040935672515,13136.918,486552.51851851854,-0.19627416517467802,-0.4678599418276315,-0.1964022560224092,-0.014934771399578568,-0.2188677836060743,crypto
15488,2016-10-26,-0.022628,-0.022628,42.33,10918791.0,1206646.0,51077325.18,PAYPAL HOLDINGS INC,PYPL,024616,2016-09-30,31356.0,17164.0,14192.0,2667.0,323.0,49409.82,40.97,541631398.0,19151.602992125983,3599.022349210823,158134.13368421054,51080297.18,19152.717352830896,-0.6518230351020551,-0.8265049904854415,-0.6518760403809046,-0.21605421764635666,-0.5865645709036894,crypto
92213,2016-10-27,-0.123288,-0.123288,2.56,12294.0,4504.0,11530.24,RIOT PLATFORMS INC,RIOT,148170,2016-09-30,19.323,2.268,17.03,0.027,-1.71,13.6471,3.03,2744549.0,427045.9259259259,677.0546095126247,-6742.830409356725,11515.478,426499.18518518517,-0.23010588873483606,-0.49057820601949687,-0.23023448091686868,0.05749563480287282,-0.22335573521708219,crypto
15826,2016-10-27,-0.005352,-0.005352,11.15,1910189.0,123748.0,1379790.2,BLOCK INC,XYZ,026367,2016-09-30,1052.208,541.819,510.389,439.002,-32.323,4096.3679,11.66,289154845.0,3143.0157493587726,2703.408968453474,-42687.56612938155,1379821.63,3143.0873435656326,-0.9670722189287465,-0.9489665466646673,-0.967072597604713,0.39242412402240845,-0.6226718097939296,crypto
15488,2016-10-27,-0.015119,-0.015119,41.69,9447338.0,1206646.0,50305071.739999995,PAYPAL HOLDINGS INC,PYPL,024616,2016-09-30,31356.0,17164.0,14192.0,2667.0,323.0,49409.82,40.97,541631398.0,18862.044146981625,3544.607647970687,155743.25616099068,50308043.739999995,18863.158507686538,-0.7205945698567182,-0.8651561671488959,-0.7206335194521328,-0.28236198673817053,-0.6471865607989794,crypto
15826,2016-10-28,-0.000897,-0.000897,11.14,3150482.0,123748.0,1378552.72,BLOCK INC,XYZ,026367,2016-09-30,1052.208,541.819,510.389,439.002,-32.323,4096.3679,11.66,289154845.0,3140.1969011530696,2700.984386418986,-42649.281316709465,1378584.15,3140.2684953599296,-0.9673655933844071,-0.9492902920141802,-0.9673659528335407,0.3924580486460063,-0.6228909473965304,crypto
92213,2016-10-28,0.035156,0.035156,2.65,4687.0,4504.0,11935.6,RIOT PLATFORMS INC,RIOT,148170,2016-09-30,19.323,2.268,17.03,0.027,-1.71,13.6471,3.03,2744549.0,442059.25925925927,700.857310628303,-6979.883040935673,11920.838,441512.51851851854,-0.22164795784479654,-0.48489863997153054,-0.2217764246932538,0.0393880332522599,-0.22223374731433024,crypto
15488,2016-10-28,0.001679,0.001679,41.76,11979238.0,1206646.0,50389536.96,PAYPAL HOLDINGS INC,PYPL,024616,2016-09-30,31356.0,17164.0,14192.0,2667.0,323.0,49409.82,40.97,541631398.0,18893.71464566929,3550.5592559188276,156004.75839009287,50392508.96,18894.829006374202,-0.7130726832429268,-0.8609286947013302,-0.7131131701787171,-0.27510957449375295,-0.6405560306541818,crypto
92213,2016-10-31,0.018868,0.018868,2.7,5906.0,4504.0,12160.800000000001,RIOT PLATFORMS INC,RIOT,148170,2016-09-30,19.323,2.268,17.03,0.027,-1.71,13.6471,3.03,2744549.0,450400.00000000006,714.0810334703465,-7111.578947368422,12146.038,449853.25925925927,-0.21694910735033013,-0.4817433255004381,-0.21707750456902333,0.029328254613030562,-0.22161042070169024,crypto
15826,2016-10-31,0.005386,0.005386,11.2,2960612.0,123748.0,1385977.5999999999,BLOCK INC,XYZ,026367,2016-09-30,1052.208,541.819,510.389,439.002,-32.323,4096.3679,11.66,289154845.0,3157.1099903872873,2715.5318786259104,-42878.99019274201,1386009.0299999998,3157.181584594147,-0.9656053466504438,-0.9473478199171028,-0.9656058214605748,0.392254500904419,-0.6215761217809256,crypto
15488,2016-10-31,-0.002395,-0.002395,41.66,7159986.0,1206646.0,50268872.36,PAYPAL HOLDINGS INC,PYPL,024616,2016-09-30,31356.0,17164.0,14192.0,2667.0,323.0,49409.82,40.97,541631398.0,18848.471076115486,3542.056958850056,155631.18377708978,50271844.36,18849.585436820398,-0.7238182355483426,-0.8669679410549951,-0.7238565262835961,-0.2854701634143485,-0.6500282165753206,crypto
92213,2016-11-01,0.009259,0.009259,2.725,8558.0,4504.0,12273.4,RIOT PLATFORMS INC,RIOT,148170,2016-09-30,19.323,2.268,17.03,0.027,-1.71,13.6471,3.03,2744549.0,454570.37037037034,720.6928948913682,-7177.4269005847955,12258.637999999999,454023.6296296296,-0.214599682103097,-0.4801656682648919,-0.2147280445069081,0.024298365293415922,-0.22129875739537025,crypto
15488,2016-11-01,-0.00288,-0.00288,41.54,9398950.0,1206646.0,50124074.839999996,PAYPAL HOLDINGS INC,PYPL,024616,2016-09-30,31356.0,17164.0,14192.0,2667.0,323.0,49409.82,40.97,541631398.0,18794.178792650917,3531.854202367531,155182.89424148606,50127046.839999996,18795.29315335583,-0.7367128983148422,-0.8742150366793926,-0.7367485536094518,-0.2979028701190635,-0.6613948396806876,crypto
15826,2016-11-01,-0.011607,-0.011607,11.07,8190936.0,123748.0,1369890.36,BLOCK INC,XYZ,026367,2016-09-30,1052.208,541.819,510.389,439.002,-32.323,4096.3679,11.66,289154845.0,3120.4649637131497,2684.0123121775746,-42381.28762800483,1369921.79,3120.5365579200093,-0.9694192145740306,-0.9515565094607705,-0.9694194394353339,0.39269552101119143,-0.6244249106147359,crypto
15826,2016-11-02,0.064137,0.064137,11.78,19530924.0,123748.0,1457751.44,BLOCK INC,XYZ,026367,2016-09-30,1052.208,541.819,510.389,439.002,-32.323,4096.3679,11.66,289154845.0,3320.6031863180574,2856.157636626181,-45099.50932772329,1457782.8699999999,3320.6747805249174,-0.948589628222134,-0.9285705896453542,-0.9485912181885722,0.39028687273574203,-0.6088661408300796,crypto
92213,2016-11-02,-0.104587,-0.104587,2.44,29375.0,4504.0,10989.76,RIOT PLATFORMS INC,RIOT,148170,2016-09-30,19.323,2.268,17.03,0.027,-1.71,13.6471,3.03,2744549.0,407028.14814814815,645.3176746917204,-6426.7602339181285,10974.998,406481.4074074074,-0.2413831299215554,-0.49815096075011867,-0.24151188921502184,0.08163910353702326,-0.22485171908741816,crypto
15488,2016-11-02,-0.004574,-0.004574,41.35,7947621.0,1206646.0,49894812.1,PAYPAL HOLDINGS INC,PYPL,024616,2016-09-30,31356.0,17164.0,14192.0,2667.0,323.0,49409.82,40.97,541631398.0,18708.216010498687,3515.699837936866,154473.1024767802,49897784.1,18709.3303712036,-0.7571294476951326,-0.8856896047513553,-0.7571609302087223,-0.31758798906819535,-0.6793919929308514,crypto
15826,2016-11-03,0.017827,0.017827,11.99,7371516.0,123748.0,1483738.52,BLOCK INC,XYZ,026367,2016-09-30,1052.208,541.819,510.389,439.002,-32.323,4096.3679,11.66,289154845.0,3379.7989986378193,2907.073859350417,-45903.49039383721,1483769.95,3379.8705928446793,-0.9424287646532632,-0.9217719373055833,-0.9424307583831919,0.38957445564018656,-0.604264251175463,crypto
92213,2016-11-03,0.040984,0.040984,2.54,10555.0,4504.0,11440.16,RIOT PLATFORMS INC,RIOT,148170,2016-09-30,19.323,2.268,17.03,0.027,-1.71,13.6471,3.03,2744549.0,423709.6296296296,671.7651203758073,-6690.152046783625,11425.398,423162.8888888889,-0.2319854289326226,-0.4918403318079338,-0.23211404896656088,0.061519546258564574,-0.22360506586213819,crypto
15488,2016-11-03,-0.003869,-0.003869,41.19,6239905.0,1206646.0,49701748.739999995,PAYPAL HOLDINGS INC,PYPL,024616,2016-09-30,31356.0,17164.0,14192.0,2667.0,323.0,49409.82,40.97,541631398.0,18635.826299212596,3502.0961626268318,153875.3830959752,49704720.739999995,18636.94065991751,-0.7743223313837986,-0.8953523989172192,-0.7743502999765296,-0.3341649313411492,-0.6945474904046741,crypto
92213,2016-11-04,-0.051181,-0.051181,2.41,5231.0,4504.0,10854.640000000001,RIOT PLATFORMS INC,RIOT,148170,2016-09-30,19.323,2.268,17.03,0.027,-1.71,13.6471,3.03,2744549.0,402023.70370370377,637.3834409864944,-6347.742690058481,10839.878,401476.962962963,-0.24420244021823517,-0.5000441494327741,-0.2443312412895601,0.08767497072056078,-0.22522571505500216,crypto
15488,2016-11-04,-0.00704,-0.00704,40.9,6541343.0,1206646.0,49351821.4,PAYPAL HOLDINGS INC,PYPL,024616,2016-09-30,31356.0,17164.0,14192.0,2667.0,323.0,49409.82,40.97,541631398.0,18504.619947506562,3477.4395011273955,152792.01671826624,49354793.4,18505.73430821147,-0.8054844330695046,-0.9128662133428468,-0.80550603268068,-0.3642106392108766,-0.722016829575977,crypto
15826,2016-11-04,0.015847,0.015847,12.18,13462801.0,123748.0,1507250.64,BLOCK INC,XYZ,026367,2016-09-30,1052.208,541.819,510.389,439.002,-32.323,4096.3679,11.66,289154845.0,3433.3571145461747,2953.1409180056776,-46630.901834606935,1507282.0699999998,3433.4287087530347,-0.9368546499957133,-0.9156207756648381,-0.9368570090354672,0.38892988779182686,-0.600100636726048,crypto
92213,2016-11-07,0.136929,0.136929,2.74,20845.0,4504.0,12340.960000000001,RIOT PLATFORMS INC,RIOT,148170,2016-09-30,19.323,2.268,17.03,0.027,-1.71,13.6471,3.03,2744549.0,457072.59259259264,724.6600117439813,-7216.935672514621,12326.198,456525.85185185185,-0.21319002695475703,-0.47921907392356416,-0.21331836846963895,0.02128043170164706,-0.22111175941157826,crypto
15488,2016-11-07,0.009291,0.009291,41.28,7904865.0,1206646.0,49810346.88,PAYPAL HOLDINGS INC,PYPL,024616,2016-09-30,31356.0,17164.0,14192.0,2667.0,323.0,49409.82,40.97,541631398.0,18676.545511811026,3509.748229988726,154211.60024767803,49813318.88,18677.65987251594,-0.7646513343089231,-0.8899170771989208,-0.7646812794821372,-0.32484040131261216,-0.6860225230756483,crypto
15826,2016-11-07,0.003284,0.003284,12.22,5571336.0,123748.0,1512200.56,BLOCK INC,XYZ,026367,2016-09-30,1052.208,541.819,510.389,439.002,-32.323,4096.3679,11.66,289154845.0,3444.632507368987,2962.839246143628,-46784.0410852953,1512231.99,3444.704101575847,-0.9356811521730712,-0.9143257942667864,-0.9356835881201566,0.3887941892974353,-0.5992240863156447,crypto
15488,2016-11-08,0.007268,0.007268,41.58,6968107.0,1206646.0,50172340.68,PAYPAL HOLDINGS INC,PYPL,024616,2016-09-30,31356.0,17164.0,14192.0,2667.0,323.0,49409.82,40.97,541631398.0,18812.276220472442,3535.2551211950395,155332.3240866873,50175312.68,18813.39058117735,-0.7324146773926751,-0.8717993381379266,-0.7324512111675001,-0.29375863455082546,-0.6576059653122318,crypto
15826,2016-11-08,0.00982,0.00982,12.34,4045860.0,123748.0,1527050.32,BLOCK INC,XYZ,026367,2016-09-30,1052.208,541.819,510.389,439.002,-32.323,4096.3679,11.66,289154845.0,3478.4586858374223,2991.934230557477,-47243.4588373604,1527081.75,3478.5302800442823,-0.9321606587051452,-0.9104408500726315,-0.9321633253742249,0.3883870938142608,-0.5965944350844352,crypto
92213,2016-11-08,-0.040146,-0.040146,2.63,21343.0,4504.0,11845.519999999999,RIOT PLATFORMS INC,RIOT,148170,2016-09-30,19.323,2.268,17.03,0.027,-1.71,13.6471,3.03,2744549.0,438722.9629629629,695.5678214914855,-6927.204678362573,11830.757999999998,438176.22222222213,-0.22352749804258312,-0.4861607657599675,-0.22365599274294606,0.043411944707951726,-0.22248307795938624,crypto
15488,2016-11-09,-0.007696,-0.007696,41.26,9744400.0,1206646.0,49786213.96,PAYPAL HOLDINGS INC,PYPL,024616,2016-09-30,31356.0,17164.0,14192.0,2667.0,323.0,49409.82,40.97,541631398.0,18667.49679790026,3508.0477705749718,154136.8853250774,49789185.96,18668.611158605174,-0.7668004447700071,-0.8911249264696537,-0.7668299507031139,-0.3269125190967316,-0.6879169602598766,crypto
92213,2016-11-09,-0.041825,-0.041825,2.52,14572.0,4504.0,11350.08,RIOT PLATFORMS INC,RIOT,148170,2016-09-30,19.323,2.268,17.03,0.027,-1.71,13.6471,3.03,2744549.0,420373.3333333333,666.47563123899,-6637.473684210527,11335.318,419826.5925925926,-0.23386496913040916,-0.4931024575963708,-0.23399361701625307,0.06554345771425625,-0.2238543965071942,crypto
15826,2016-11-09,-0.027553,-0.027553,12.0,6211487.0,123748.0,1484976.0,BLOCK INC,XYZ,026367,2016-09-30,1052.208,541.819,510.389,439.002,-32.323,4096.3679,11.66,289154845.0,3382.6178468435223,2909.4984413849043,-45941.775206509294,1485007.43,3382.6894410503824,-0.9421353901976026,-0.9214481919560704,-0.9421374031543643,0.3895405310165887,-0.6040451135728622,crypto
92213,2016-11-10,0.02381,0.02381,2.58,4926.0,4504.0,11620.32,RIOT PLATFORMS INC,RIOT,148170,2016-09-30,19.323,2.268,17.03,0.027,-1.71,13.6471,3.03,2744549.0,430382.2222222222,682.3440986494421,-6795.508771929824,11605.557999999999,429835.48148148146,-0.2282263485370495,-0.4893160802310599,-0.2283549128671765,0.05347172334718107,-0.22310640457202618,crypto
15488,2016-11-10,-0.019632,-0.019632,40.45,12097577.0,1206646.0,48808830.7,PAYPAL HOLDINGS INC,PYPL,024616,2016-09-30,31356.0,17164.0,14192.0,2667.0,323.0,49409.82,40.97,541631398.0,18301.023884514438,3439.179164317926,151110.93095975232,48811802.7,18302.13824521935,-0.8538394184438766,-0.9400428219343375,-0.853851135152636,-0.41083328935355706,-0.7646416662211017,crypto
15826,2016-11-10,-0.029167,-0.029167,11.65,5720629.0,123748.0,1441664.2,BLOCK INC,XYZ,026367,2016-09-30,1052.208,541.819,510.389,439.002,-32.323,4096.3679,11.66,289154845.0,3283.9581596439193,2824.6380701778444,-44601.8067629861,1441695.63,3284.0297538507793,-0.9524034961457206,-0.9327792791890221,-0.9524048361633315,0.3907278928425144,-0.61171492966389,crypto
92213,2016-11-11,0.031008,0.031008,2.66,14818.0,4504.0,11980.640000000001,RIOT PLATFORMS INC,RIOT,148170,2016-09-30,19.323,2.268,17.03,0.027,-1.71,13.6471,3.03,2744549.0,443727.4074074075,703.5020551967117,-7006.2222222222235,11965.878,443180.6666666667,-0.22070818774590323,-0.484267577077312,-0.2208366406684077,0.03737607752441399,-0.22210908199180224,crypto
15826,2016-11-11,0.019743,0.019743,11.88,4766493.0,123748.0,1470126.24,BLOCK INC,XYZ,026367,2016-09-30,1052.208,541.819,510.389,439.002,-32.323,4096.3679,11.66,289154845.0,3348.791668375087,2880.403456971055,-45482.3574544442,1470157.67,3348.863262581947,-0.9456558836655289,-0.9253331361502253,-0.945657665900296,0.3899476264997632,-0.6066747648040718,crypto
15488,2016-11-11,-0.009147,-0.009147,40.08,10776524.0,1206646.0,48362371.68,PAYPAL HOLDINGS INC,PYPL,024616,2016-09-30,31356.0,17164.0,14192.0,2667.0,323.0,49409.82,40.97,541631398.0,18133.622677165353,3407.7206651634724,149728.70489164087,48365343.68,18134.737037870265,-0.8935979619739169,-0.962388033442897,-0.8936015527406905,-0.4491674683597614,-0.7996887541293165,crypto
92213,2016-11-14,0.026316,0.026316,2.73,67538.0,4504.0,12295.92,RIOT PLATFORMS INC,RIOT,148170,2016-09-30,19.323,2.268,17.03,0.027,-1.71,13.6471,3.03,2744549.0,455404.44444444444,722.0152671755725,-7190.596491228071,12281.158,454857.7037037037,-0.21412979705365032,-0.47985013681778266,-0.21425815249448504,0.023292387429492967,-0.22123642473410626,crypto
15488,2016-11-14,-0.031687,-0.031687,38.81,17877990.0,1206646.0,46829931.260000005,PAYPAL HOLDINGS INC,PYPL,024616,2016-09-30,31356.0,17164.0,14192.0,2667.0,323.0,49409.82,40.97,541631398.0,17559.029343832022,3299.741492390079,144984.30730650158,46832903.260000005,17560.143704536935,-1.0300664762527003,-1.0390864621344384,-1.0300421752726578,-0.5807469476513266,-0.9199855153277808,crypto
15826,2016-11-14,0.039562,0.039562,12.35,19712966.0,123748.0,1528287.8,BLOCK INC,XYZ,026367,2016-09-30,1052.208,541.819,510.389,439.002,-32.323,4096.3679,11.66,289154845.0,3481.2775340431253,2994.358812591964,-47281.743650032484,1528319.23,3481.349128249985,-0.9318672842494846,-0.9101171047231187,-0.9318699701453973,0.3883531691906629,-0.5963752974818344,crypto
15488,2016-11-15,0.00335,0.00335,38.94,16041929.0,1206646.0,46986795.239999995,PAYPAL HOLDINGS INC,PYPL,024616,2016-09-30,31356.0,17164.0,14192.0,2667.0,323.0,49409.82,40.97,541631398.0,17617.845984251966,3310.794478579481,145469.95430340557,46989767.239999995,17618.96034495688,-1.0160972582556604,-1.0312354418746748,-1.0160758123363154,-0.5672781820545532,-0.907671673630301,crypto
15826,2016-11-15,-0.025911,-0.025911,12.03,4553074.0,123748.0,1488688.44,BLOCK INC,XYZ,026367,2016-09-30,1052.208,541.819,510.389,439.002,-32.323,4096.3679,11.66,289154845.0,3391.074391460631,2916.7721874883664,-46056.629644525565,1488719.8699999999,3391.145985667491,-0.941255266830621,-0.9204769559075318,-0.9412573374678815,0.389438757145795,-0.6033877007650599,crypto
92213,2016-11-15,-0.021978,-0.021978,2.67,76579.0,4504.0,12025.68,RIOT PLATFORMS INC,RIOT,148170,2016-09-30,19.323,2.268,17.03,0.027,-1.71,13.6471,3.03,2744549.0,445395.55555555556,706.1467997651204,-7032.561403508772,12010.918,444848.81481481483,-0.21976841764701,-0.48363651418309356,-0.21989685664356162,0.035364121796568226,-0.22198441666927424,crypto
92213,2016-11-16,0.11236,0.11236,2.97,33732.0,4504.0,13376.880000000001,RIOT PLATFORMS INC,RIOT,148170,2016-09-30,19.323,2.268,17.03,0.027,-1.71,13.6471,3.03,2744549.0,495440.00000000006,785.4891368173811,-7822.736842105264,13362.118,494893.25925925927,-0.1915753146802116,-0.46470462735653906,-0.19170333589817873,-0.024994550038807982,-0.21824445699343434,crypto
15826,2016-11-16,0.000831,0.000831,12.04,4296228.0,123748.0,1489925.92,BLOCK INC,XYZ,026367,2016-09-30,1052.208,541.819,510.389,439.002,-32.323,4096.3679,11.66,289154845.0,3393.893239666334,2919.196769522854,-46094.91445719766,1489957.3499999999,3393.9648338731936,-0.9409618923749608,-0.9201532105580188,-0.940963982239054,0.38940483252219715,-0.603168563162459,crypto
15488,2016-11-16,0.003339,0.003339,39.07,12730896.0,1206646.0,47143659.22,PAYPAL HOLDINGS INC,PYPL,024616,2016-09-30,31356.0,17164.0,14192.0,2667.0,323.0,49409.82,40.97,541631398.0,17676.662624671917,3321.8474647688836,145955.6013003096,47146631.22,17677.776985376826,-1.0021280402586186,-1.0233844216149106,-1.0021094493999723,-0.5538094164577788,-0.89535783193282,crypto
15488,2016-11-17,0.020732,0.020732,39.88,9758629.0,1206646.0,48121042.480000004,PAYPAL HOLDINGS INC,PYPL,024616,2016-09-30,31356.0,17164.0,14192.0,2667.0,323.0,49409.82,40.97,541631398.0,18043.135538057744,3390.7160710259304,148981.5556656347,48124014.480000004,18044.249898762657,-0.9150890665847483,-0.9744665261502262,-0.9150882649504485,-0.46988864620095255,-0.8186331259715939,crypto
92213,2016-11-17,-0.040404,-0.040404,2.85,22935.0,4504.0,12836.4,RIOT PLATFORMS INC,RIOT,148170,2016-09-30,19.323,2.268,17.03,0.027,-1.71,13.6471,3.03,2744549.0,475422.2222222222,753.7522019964767,-7506.666666666667,12821.637999999999,474875.48148148146,-0.20285255586693102,-0.4722773820871609,-0.20298074419633189,-0.0008510813046574719,-0.21974044086377031,crypto
15826,2016-11-17,0.01495,0.01495,12.22,4801125.0,123748.0,1512200.56,BLOCK INC,XYZ,026367,2016-09-30,1052.208,541.819,510.389,439.002,-32.323,4096.3679,11.66,289154845.0,3444.632507368987,2962.839246143628,-46784.0410852953,1512231.99,3444.704101575847,-0.9356811521730712,-0.9143257942667864,-0.9356835881201566,0.3887941892974353,-0.5992240863156447,crypto
92213,2016-11-18,-0.014035,-0.014035,2.81,5439.0,4504.0,12656.24,RIOT PLATFORMS INC,RIOT,148170,2016-09-30,19.323,2.268,17.03,0.027,-1.71,13.6471,3.03,2744549.0,468749.6296296296,743.173223722842,-7401.309941520468,12641.478,468202.8888888889,-0.20661163626250412,-0.4748016336640348,-0.20673988029571627,0.007196741606726031,-0.2202391021538823,crypto
15826,2016-11-18,-0.00491,-0.00491,12.16,2937028.0,123748.0,1504775.68,BLOCK INC,XYZ,026367,2016-09-30,1052.208,541.819,510.389,439.002,-32.323,4096.3679,11.66,289154845.0,3427.719418134769,2948.291753936703,-46554.33220926275,1504807.1099999999,3427.791012341629,-0.9374413989070344,-0.9162682663638639,-0.9374437194931222,0.3889977370390226,-0.6005389119312495,crypto
15488,2016-11-18,0.005015,0.005015,40.08,9521525.0,1206646.0,48362371.68,PAYPAL HOLDINGS INC,PYPL,024616,2016-09-30,31356.0,17164.0,14192.0,2667.0,323.0,49409.82,40.97,541631398.0,18133.622677165353,3407.7206651634724,149728.70489164087,48365343.68,18134.737037870265,-0.8935979619739169,-0.962388033442897,-0.8936015527406905,-0.4491674683597614,-0.7996887541293165,crypto
15488,2016-11-21,0.013723,0.013723,40.63,6667226.0,1206646.0,49026026.980000004,PAYPAL HOLDINGS INC,PYPL,024616,2016-09-30,31356.0,17164.0,14192.0,2667.0,323.0,49409.82,40.97,541631398.0,18382.46230971129,3454.483299041714,151783.3652631579,49028998.980000004,18383.576670416198,-0.8344974242941274,-0.929172178497741,-0.8345130941638538,-0.39218422929648455,-0.7475917315630517,crypto
92213,2016-11-21,0.003559,0.003559,2.82,10995.0,4504.0,12701.279999999999,RIOT PLATFORMS INC,RIOT,148170,2016-09-30,19.323,2.268,17.03,0.027,-1.71,13.6471,3.03,2744549.0,470417.77777777775,745.8179682912506,-7427.649122807017,12686.517999999998,469871.03703703696,-0.20567186616361083,-0.4741705707698164,-0.2058000962708702,0.00518478587888019,-0.22011443683135432,crypto
15826,2016-11-21,0.004934,0.004934,12.22,3760118.0,123748.0,1512200.56,BLOCK INC,XYZ,026367,2016-09-30,1052.208,541.819,510.389,439.002,-32.323,4096.3679,11.66,289154845.0,3444.632507368987,2962.839246143628,-46784.0410852953,1512231.99,3444.704101575847,-0.9356811521730712,-0.9143257942667864,-0.9356835881201566,0.3887941892974353,-0.5992240863156447,crypto
92213,2016-11-22,-0.007092,-0.007092,2.8,954.0,4504.0,12611.199999999999,RIOT PLATFORMS INC,RIOT,148170,2016-09-30,19.323,2.268,17.03,0.027,-1.71,13.6471,3.03,2744549.0,467081.48148148146,740.5284791544333,-7374.970760233918,12596.437999999998,466534.7407407407,-0.20755140636139738,-0.4754326965582533,-0.2076796643205624,0.009208697334571941,-0.2203637674764103,crypto
15488,2016-11-22,-0.007384,-0.007384,40.33,7734699.0,1206646.0,48664033.18,PAYPAL HOLDINGS INC,PYPL,024616,2016-09-30,31356.0,17164.0,14192.0,2667.0,323.0,49409.82,40.97,541631398.0,18246.73160104987,3428.9764078354,150662.6414241486,48667005.18,18247.84596175478,-0.8667340812103763,-0.9472899175587354,-0.8667431624784917,-0.4232659960582721,-0.7760082893264688,crypto
15826,2016-11-22,0.01964,0.01964,12.46,4479961.0,123748.0,1541900.08,BLOCK INC,XYZ,026367,2016-09-30,1052.208,541.819,510.389,439.002,-32.323,4096.3679,11.66,289154845.0,3512.2848643058574,3021.029214971326,-47702.87658942549,1541931.51,3512.3564585127174,-0.928640165237219,-0.9065559058784768,-0.9286430626282934,0.3879799983310862,-0.5939647838532258,crypto
15488,2016-11-23,-0.006943,-0.006943,40.05,5770587.0,1206646.0,48326172.3,PAYPAL HOLDINGS INC,PYPL,024616,2016-09-30,31356.0,17164.0,14192.0,2667.0,323.0,49409.82,40.97,541631398.0,18120.04960629921,3405.169976042841,149616.63250773994,48329144.3,18121.163967004122,-0.8968216276655421,-0.9641998073489965,-0.8968245595721546,-0.45227564503594014,-0.8025304099056583,crypto
92213,2016-11-23,-0.017857,-0.017857,2.75,7703.0,4504.0,12386.0,RIOT PLATFORMS INC,RIOT,148170,2016-09-30,19.323,2.268,17.03,0.027,-1.71,13.6471,3.03,2744549.0,458740.74074074073,727.3047563123898,-7243.27485380117,12371.238,458194.0,-0.21225025685586377,-0.47858801102934573,-0.21237858444479285,0.019268475973801217,-0.22098709408905026,crypto
15826,2016-11-23,-0.002408,-0.002408,12.43,3051058.0,123748.0,1538187.64,BLOCK INC,XYZ,026367,2016-09-30,1052.208,541.819,510.389,439.002,-32.323,4096.3679,11.66,289154845.0,3503.8283196887483,3013.7554688678633,-47588.02215140921,1538219.0699999998,3503.8999138956083,-0.9295202886042006,-0.9075271419270156,-0.9295231283147763,0.38808177220187984,-0.5946221966610281,crypto
15826,2016-11-25,0.025744,0.025744,12.75,2312701.0,123748.0,1577787.0,BLOCK INC,XYZ,026367,2016-09-30,1052.208,541.819,510.389,439.002,-32.323,4096.3679,11.66,289154845.0,3594.0314622712426,3091.342093971461,-48813.13615691613,1577818.43,3594.103056478102,-0.920132306023064,-0.8971672907426025,-0.9201357609922922,0.3869961842467477,-0.5876097933778027,crypto
15488,2016-11-25,0.005243,0.005243,40.26,2324562.0,1206646.0,48579567.96,PAYPAL HOLDINGS INC,PYPL,024616,2016-09-30,31356.0,17164.0,14192.0,2667.0,323.0,49409.82,40.97,541631398.0,18215.061102362204,3423.0247998872605,150401.13919504645,48582539.96,18216.175463067117,-0.8742559678241677,-0.9515173900063005,-0.8742635117519074,-0.4305184083026889,-0.7826388194712661,crypto
92213,2016-11-25,0.018182,0.018182,2.8,2050.0,4504.0,12611.199999999999,RIOT PLATFORMS INC,RIOT,148170,2016-09-30,19.323,2.268,17.03,0.027,-1.71,13.6471,3.03,2744549.0,467081.48148148146,740.5284791544333,-7374.970760233918,12596.437999999998,466534.7407407407,-0.20755140636139738,-0.4754326965582533,-0.2076796643205624,0.009208697334571941,-0.2203637674764103,crypto
15826,2016-11-28,-0.017255,-0.017255,12.53,4204934.0,123748.0,1550562.44,BLOCK INC,XYZ,026367,2016-09-30,1052.208,541.819,510.389,439.002,-32.323,4096.3679,11.66,289154845.0,3532.0168017457777,3038.0012892127374,-47970.870278130125,1550593.8699999999,3532.0883959526377,-0.9265865440475953,-0.9042896884318864,-0.9265895760264999,0.3877425259659011,-0.5924308206350202,crypto
92213,2016-11-28,0.046429,0.046429,2.93,8788.0,4504.0,13196.720000000001,RIOT PLATFORMS INC,RIOT,148170,2016-09-30,19.323,2.268,17.03,0.027,-1.71,13.6471,3.03,2744549.0,488767.4074074075,774.9101585437463,-7717.380116959065,13181.958,488220.6666666667,-0.19533439507578473,-0.467228878933413,-0.19546247199756311,-0.01694672712742448,-0.21874311828354634,crypto
15488,2016-11-28,-0.007452,-0.007452,39.96,4170717.0,1206646.0,48217574.160000004,PAYPAL HOLDINGS INC,PYPL,024616,2016-09-30,31356.0,17164.0,14192.0,2667.0,323.0,49409.82,40.97,541631398.0,18079.330393700788,3397.517908680947,149280.41535603718,48220546.160000004,18080.4447544057,-0.9064926247404158,-0.9696351290672945,-0.9064935800665452,-0.4616001750644756,-0.8110553772346828,crypto
15488,2016-11-29,-0.001752,-0.001752,39.89,5083663.0,1206646.0,48133108.94,PAYPAL HOLDINGS INC,PYPL,024616,2016-09-30,31356.0,17164.0,14192.0,2667.0,323.0,49409.82,40.97,541631398.0,18047.659895013123,3391.566300732807,149018.913126935,48136080.94,18048.774255718035,-0.9140145113542072,-0.97386260151486,-0.9140139293399611,-0.46885258730889323,-0.8176859073794804,crypto
15826,2016-11-29,-0.005587,-0.005587,12.46,5073685.0,123748.0,1541900.08,BLOCK INC,XYZ,026367,2016-09-30,1052.208,541.819,510.389,439.002,-32.323,4096.3679,11.66,289154845.0,3512.2848643058574,3021.029214971326,-47702.87658942549,1541931.51,3512.3564585127174,-0.928640165237219,-0.9065559058784768,-0.9286430626282934,0.3879799983310862,-0.5939647838532258,crypto
92213,2016-11-29,-0.010239,-0.010239,2.9,2696.0,4504.0,13061.6,RIOT PLATFORMS INC,RIOT,148170,2016-09-30,19.323,2.268,17.03,0.027,-1.71,13.6471,3.03,2744549.0,483762.962962963,766.9759248385202,-7638.362573099415,13046.838,483216.2222222222,-0.1981537053724646,-0.46912206761606845,-0.19828182407210143,-0.010910859943886816,-0.2191171142511303,crypto
15488,2016-11-30,-0.015292,-0.015292,39.28,8420727.0,1206646.0,47397054.88,PAYPAL HOLDINGS INC,PYPL,024616,2016-09-30,31356.0,17164.0,14192.0,2667.0,323.0,49409.82,40.97,541631398.0,17771.674120734908,3339.7022886133036,146740.1079876161,47400026.88,17772.78848143982,-0.9795623804172452,-1.0107020042722143,-0.9795484015797251,-0.5320521797245276,-0.8754662414984281,crypto
15826,2016-11-30,0.038523,0.038523,12.94,7805401.0,166303.0,2151960.82,BLOCK INC,XYZ,026367,2016-09-30,1052.208,541.819,510.389,439.002,-32.323,4096.3679,11.66,289154845.0,4901.9385333096425,4216.315045974737,-66576.76638925841,2151992.25,4902.010127516503,-0.7840105651488533,-0.746953869889692,-0.7840229411059629,0.371255622198669,-0.4859329384864598,crypto
92213,2016-11-30,0.034483,0.034483,3.0,12569.0,4504.0,13512.0,RIOT PLATFORMS INC,RIOT,148170,2016-09-30,19.323,2.268,17.03,0.027,-1.71,13.6471,3.03,2744549.0,500444.44444444444,793.4233705226071,-7901.754385964912,13497.238,499897.7037037037,-0.18875600438353182,-0.4628114386738837,-0.18888398382364044,-0.031030417222345504,-0.21787046102585036,crypto
15488,2016-12-01,-0.023931,-0.023931,38.34,11265567.0,1206646.0,46262807.64,PAYPAL HOLDINGS INC,PYPL,024616,2016-09-30,31356.0,17164.0,14192.0,2667.0,323.0,49409.82,40.97,541631398.0,17346.384566929133,3259.780696166855,143228.506625387,46265779.64,17347.498927634046,-1.0805705720881564,-1.0674709199966625,-1.0805359489655912,-0.6294417155781273,-0.9645047891571343,crypto
15826,2016-12-01,-0.017774,-0.017774,12.71,9372904.0,166303.0,2113711.1300000004,BLOCK INC,XYZ,026367,2016-09-30,1052.208,541.819,510.389,439.002,-32.323,4096.3679,11.66,289154845.0,4814.809795855145,4141.3728156367015,-65393.408099495726,2113742.5600000005,4814.881390062005,-0.7930785759311957,-0.7569606249546709,-0.7930903575995917,0.37230420992209523,-0.4927063371408408,crypto
92213,2016-12-01,0.466667,0.466667,4.4,2661051.0,4504.0,19817.600000000002,RIOT PLATFORMS INC,RIOT,148170,2016-09-30,19.323,2.268,17.03,0.027,-1.71,13.6471,3.03,2744549.0,733985.1851851853,1163.6876100998238,-11589.239766081873,19802.838000000003,733438.4444444446,-0.057188190538472836,-0.3744626334832964,-0.05731422034518687,-0.31270421912076757,-0.2004173158719309,crypto
92213,2016-12-02,-0.079545,-0.079545,4.05,298717.0,4504.0,18241.2,RIOT PLATFORMS INC,RIOT,148170,2016-09-30,19.323,2.268,17.03,0.027,-1.71,13.6471,3.03,2744549.0,675600.0,1071.1215502055197,-10667.368421052632,18226.438000000002,675053.2592592593,-0.09008014399973761,-0.3965498347809432,-0.0902066612148003,-0.24228576864616194,-0.20478060216041077,crypto
15826,2016-12-02,0.027537,0.027537,13.06,7325733.0,166303.0,2171917.18,BLOCK INC,XYZ,026367,2016-09-30,1052.208,541.819,510.389,439.002,-32.323,4096.3679,11.66,289154845.0,4947.397005025035,4255.415340064147,-67194.17071435202,2171948.6100000003,4947.468599231895,-0.7792794290885003,-0.741732954203616,-0.7792921151092869,0.37070853295166395,-0.4823989913624348,crypto
15488,2016-12-02,0.007303,0.007303,38.62,6335151.0,1206646.0,46600668.519999996,PAYPAL HOLDINGS INC,PYPL,024616,2016-09-30,31356.0,17164.0,14192.0,2667.0,323.0,49409.82,40.97,541631398.0,17473.06656167979,3283.5871279594135,144274.51554179564,46603640.519999996,17474.1809223847,-1.0504830256329916,-1.0505610302064017,-1.0504545518719293,-0.6004320666004601,-0.9379826685779457,crypto
15826,2016-12-05,0.01072,0.01072,13.2,4764403.0,166303.0,2195199.6,BLOCK INC,XYZ,026367,2016-09-30,1052.208,541.819,510.389,439.002,-32.323,4096.3679,11.66,289154845.0,5000.4318886929905,4301.032349835126,-67914.47576029453,2195231.0300000003,5000.5034828998505,-0.7737597703514222,-0.7356418859031938,-0.7737728181131649,0.3700702621634914,-0.47827605305107235,crypto
15488,2016-12-05,0.009581,0.009581,38.99,5053862.0,1206646.0,47047127.54,PAYPAL HOLDINGS INC,PYPL,024616,2016-09-30,31356.0,17164.0,14192.0,2667.0,323.0,49409.82,40.97,541631398.0,17640.46776902887,3315.045627113867,145656.74160990713,47050099.54,17641.582129733782,-1.0107244821029522,-1.0282158186978423,-1.0107041342838756,-0.5620978875942549,-0.9029355806697312,crypto
92213,2016-12-05,0.014815,0.014815,4.11,73875.0,4504.0,18511.440000000002,RIOT PLATFORMS INC,RIOT,148170,2016-09-30,19.323,2.268,17.03,0.027,-1.71,13.6471,3.03,2744549.0,685608.888888889,1086.990017615972,-10825.403508771931,18496.678000000004,685062.1481481483,-0.0844415234063779,-0.3927634574156323,-0.08456795706572366,-0.2543575030132373,-0.20403261022524277,crypto
15488,2016-12-06,-0.000257,-0.000257,38.98,5954455.0,1206646.0,47035061.08,PAYPAL HOLDINGS INC,PYPL,024616,2016-09-30,31356.0,17164.0,14192.0,2667.0,323.0,49409.82,40.97,541631398.0,17635.94341207349,3314.1953974069897,145619.3841486068,47038033.08,17637.0577727784,-1.0117990373334933,-1.0288197433332087,-1.011778469894364,-0.5631339464863151,-0.9038827992618452,crypto
15826,2016-12-06,0.005303,0.005303,13.27,3094550.0,166303.0,2206840.81,BLOCK INC,XYZ,026367,2016-09-30,1052.208,541.819,510.389,439.002,-32.323,4096.3679,11.66,289154845.0,5026.949330526968,4323.840854720615,-68274.62828326579,2206872.24,5027.020924733829,-0.7709999409828832,-0.7325963517529829,-0.7710131696151039,0.36975112676940514,-0.4762145838953912,crypto
92213,2016-12-06,0.03163,0.03163,4.24,44638.0,4504.0,19096.960000000003,RIOT PLATFORMS INC,RIOT,148170,2016-09-30,19.323,2.268,17.03,0.027,-1.71,13.6471,3.03,2744549.0,707294.814814815,1121.371697005285,-11167.812865497079,19082.198000000004,706748.0740740743,-0.07222451212076526,-0.38455963979079205,-0.0723507647427244,-0.2805129274752337,-0.20241196103237885,crypto
15826,2016-12-07,0.064054,0.064054,14.12,11375114.0,166303.0,2348198.36,BLOCK INC,XYZ,026367,2016-09-30,1052.208,541.819,510.389,439.002,-32.323,4096.3679,11.66,289154845.0,5348.946838510986,4600.801271187271,-72647.90891934535,2348229.79,5349.018432717847,-0.7374877272220515,-0.6956148656432778,-0.7375031521386493,0.36587591126978625,-0.4511824584335481,crypto
92213,2016-12-07,-0.002358,-0.002358,4.23,24486.0,4504.0,19051.920000000002,RIOT PLATFORMS INC,RIOT,148170,2016-09-30,19.323,2.268,17.03,0.027,-1.71,13.6471,3.03,2744549.0,705626.6666666667,1118.7269524368762,-11141.473684210529,19037.158000000003,705079.9259259261,-0.07316428221965857,-0.3851907026850105,-0.07329054876757052,-0.2785009717473878,-0.20253662635490682,crypto
15488,2016-12-07,0.012058,0.012058,39.45,7012032.0,1206646.0,47602184.7,PAYPAL HOLDINGS INC,PYPL,024616,2016-09-30,31356.0,17164.0,14192.0,2667.0,323.0,49409.82,40.97,541631398.0,17848.58818897638,3354.1561936302146,147375.18482972137,47605156.7,17849.70254968129,-0.9612949414980372,-1.0004352854709844,-0.9612846962014304,-0.5144391785595144,-0.8593635254324916,crypto
15826,2016-12-08,-0.012748,-0.012748,13.94,5539033.0,166303.0,2318263.82,BLOCK INC,XYZ,026367,2016-09-30,1052.208,541.819,510.389,439.002,-32.323,4096.3679,11.66,289154845.0,5280.7591309378995,4542.150830053155,-71721.80243170497,2318295.25,5280.83072514476,-0.7445844313125806,-0.7034462391723918,-0.7445993911336631,0.36669654514029376,-0.4564833791195854,crypto
92213,2016-12-08,-0.066194,-0.066194,3.95,28184.0,4504.0,17790.8,RIOT PLATFORMS INC,RIOT,148170,2016-09-30,19.323,2.268,17.03,0.027,-1.71,13.6471,3.03,2744549.0,658918.5185185185,1044.6741045214326,-10403.976608187135,17776.038,658371.7777777778,-0.09947784498867039,-0.40286046372312806,-0.09960450146326132,-0.22216621136770326,-0.20602725538569078,crypto
15488,2016-12-08,0.004056,0.004056,39.61,6102590.0,1206646.0,47795248.06,PAYPAL HOLDINGS INC,PYPL,024616,2016-09-30,31356.0,17164.0,14192.0,2667.0,323.0,49409.82,40.97,541631398.0,17920.977900262467,3367.759868940248,147972.90421052632,47798220.06,17922.09226096738,-0.9441020578093721,-0.9907724913051211,-0.9440953264336231,-0.4978622362865613,-0.8442080279586694,crypto
92213,2016-12-09,-0.002532,-0.002532,3.94,100359.0,4504.0,17745.76,RIOT PLATFORMS INC,RIOT,148170,2016-09-30,19.323,2.268,17.03,0.027,-1.71,13.6471,3.03,2744549.0,657250.3703703703,1042.029359953024,-10377.637426900585,17730.998,656703.6296296297,-0.1004176150875637,-0.4034915266173465,-0.10054428548810737,-0.22015425563985735,-0.20615192070821872,crypto
15488,2016-12-09,0.00101,0.00101,39.65,3923741.0,1206646.0,47843513.9,PAYPAL HOLDINGS INC,PYPL,024616,2016-09-30,31356.0,17164.0,14192.0,2667.0,323.0,49409.82,40.97,541631398.0,17939.07532808399,3371.1607877677566,148122.33405572755,47846485.9,17940.1896887889,-0.9398038368872058,-0.9883567927636552,-0.9397979839916715,-0.4937180007183232,-0.8404191535902139,crypto
15826,2016-12-09,-0.003587,-0.003587,13.89,3715238.0,166303.0,2309948.67,BLOCK INC,XYZ,026367,2016-09-30,1052.208,541.819,510.389,439.002,-32.323,4096.3679,11.66,289154845.0,5261.818101056487,4525.859040849235,-71464.55062958265,2309980.1,5261.889695263348,-0.7465557380043942,-0.7056216207082567,-0.7465705686322781,0.3669244989932125,-0.45795585708792913,crypto
92213,2016-12-12,0.063452,0.063452,4.19,4050.0,4504.0,18871.760000000002,RIOT PLATFORMS INC,RIOT,148170,2016-09-30,19.323,2.268,17.03,0.027,-1.71,13.6471,3.03,2744549.0,698954.0740740742,1108.1479741632413,-11036.11695906433,18856.998000000003,698407.3333333335,-0.07692336261523168,-0.38771495426188446,-0.0770496848669549,-0.2704531488360043,-0.20303528764501882,crypto
15488,2016-12-12,-0.005549,-0.005549,39.43,4474526.0,1206646.0,47578051.78,PAYPAL HOLDINGS INC,PYPL,024616,2016-09-30,31356.0,17164.0,14192.0,2667.0,323.0,49409.82,40.97,541631398.0,17839.539475065616,3352.45573421646,147300.46990712074,47581023.78,17840.65383577053,-0.9634440519591212,-1.0016431347417176,-0.9634333674224062,-0.5165112963436338,-0.8612579626167197,crypto
15826,2016-12-12,-0.00288,-0.00288,13.85,4707960.0,166303.0,2303296.55,BLOCK INC,XYZ,026367,2016-09-30,1052.208,541.819,510.389,439.002,-32.323,4096.3679,11.66,289154845.0,5246.665277151356,4512.825609486097,-71258.74918788478,2303327.98,5246.736871358217,-0.748132783357845,-0.7073619259369489,-0.7481475106311701,0.36710686207554755,-0.4591338394626041,crypto
92213,2016-12-13,-0.157518,-0.157518,3.53,7055.0,4504.0,15899.119999999999,RIOT PLATFORMS INC,RIOT,148170,2016-09-30,19.323,2.268,17.03,0.027,-1.71,13.6471,3.03,2744549.0,588856.2962962963,933.5948326482676,-9297.730994152047,15884.357999999998,588309.5555555555,-0.1389481891421881,-0.42936510528030425,-0.13907543050679738,-0.1376640707981767,-0.2112631989318666,crypto
15488,2016-12-13,0.0,0.0,39.43,6385892.0,1206646.0,47578051.78,PAYPAL HOLDINGS INC,PYPL,024616,2016-09-30,31356.0,17164.0,14192.0,2667.0,323.0,49409.82,40.97,541631398.0,17839.539475065616,3352.45573421646,147300.46990712074,47581023.78,17840.65383577053,-0.9634440519591212,-1.0016431347417176,-0.9634333674224062,-0.5165112963436338,-0.8612579626167197,crypto
15826,2016-12-13,0.015884,0.015884,14.07,5392863.0,166303.0,2339883.21,BLOCK INC,XYZ,026367,2016-09-30,1052.208,541.819,510.389,439.002,-32.323,4096.3679,11.66,289154845.0,5330.005808629573,4584.509481983349,-72390.65711722303,2339914.64,5330.077402836434,-0.7394590339138651,-0.6977902471791428,-0.7394743296372642,0.366103865122705,-0.4526549364018918,crypto
15488,2016-12-14,0.003043,0.003043,39.55,4658726.0,1206646.0,47722849.3,PAYPAL HOLDINGS INC,PYPL,024616,2016-09-30,31356.0,17164.0,14192.0,2667.0,323.0,49409.82,40.97,541631398.0,17893.83175853018,3362.658490698985,147748.75944272446,47725821.3,17894.946119235094,-0.9505493891926223,-0.9943960391173201,-0.9505413400965513,-0.5040785896389188,-0.8498913395113532,crypto
15826,2016-12-14,-0.017058,-0.017058,13.83,3072577.0,166303.0,2299970.49,BLOCK INC,XYZ,026367,2016-09-30,1052.208,541.819,510.389,439.002,-32.323,4096.3679,11.66,289154845.0,5239.0888651987925,4506.30889380453,-71155.84846703586,2300001.9200000004,5239.160459405653,-0.7489213060345704,-0.7082320785512947,-0.7489359816306161,0.36719804361671504,-0.45972283064994157,crypto
92213,2016-12-14,0.103513,0.103513,3.8954,14815.0,4504.0,17544.8816,RIOT PLATFORMS INC,RIOT,148170,2016-09-30,19.323,2.268,17.03,0.027,-1.71,13.6471,3.03,2744549.0,649810.4296296297,1030.2337991779214,-10260.164678362573,17530.1196,649263.6888888889,-0.10460898972862766,-0.4063060671255609,-0.10473572223892097,-0.21118093309366476,-0.20670792804669358,crypto
15826,2016-12-15,0.021692,0.021692,14.13,4517052.0,166303.0,2349861.39,BLOCK INC,XYZ,026367,2016-09-30,1052.208,541.819,510.389,439.002,-32.323,4096.3679,11.66,289154845.0,5352.735044487269,4604.0596290280555,-72699.35927976982,2349892.8200000003,5352.806638694129,-0.7370934658836887,-0.6951797893361047,-0.7371089166389263,0.3658303204992025,-0.4508879628398793,crypto
92213,2016-12-15,-0.068132,-0.068132,3.63,18405.0,4504.0,16349.519999999999,RIOT PLATFORMS INC,RIOT,148170,2016-09-30,19.323,2.268,17.03,0.027,-1.71,13.6471,3.03,2744549.0,605537.7777777778,960.0422783323545,-9561.122807017544,16334.757999999998,604991.037037037,-0.12955048815325532,-0.42305447633811943,-0.12967759025833642,-0.15778362807663537,-0.21001654570658662,crypto
15488,2016-12-15,-0.000253,-0.000253,39.54,6419129.0,1206646.0,47710782.839999996,PAYPAL HOLDINGS INC,PYPL,024616,2016-09-30,31356.0,17164.0,14192.0,2667.0,323.0,49409.82,40.97,541631398.0,17889.307401574802,3361.808260992108,147711.40198142413,47713754.839999996,17890.421762279715,-0.9516239444231636,-0.9949999637526865,-0.9516156757070389,-0.505114648530979,-0.850838558103467,crypto
92213,2016-12-16,0.035813,0.035813,3.76,11124.0,4504.0,16935.039999999997,RIOT PLATFORMS INC,RIOT,148170,2016-09-30,19.323,2.268,17.03,0.027,-1.71,13.6471,3.03,2744549.0,627223.7037037036,994.4239577216674,-9903.532163742688,16920.278,626676.9629629629,-0.11733347686764274,-0.4148506587132792,-0.11746039793533715,-0.18393905253863152,-0.20839589651372264,crypto
15826,2016-12-16,0.017693,0.017693,14.38,7372816.0,166303.0,2391437.14,BLOCK INC,XYZ,026367,2016-09-30,1052.208,541.819,510.389,439.002,-32.323,4096.3679,11.66,289154845.0,5447.440193894333,4685.51857504766,-73985.61829038146,2391468.5700000003,5447.511788101194,-0.7272369324246206,-0.6843028816567797,-0.7272530291458513,0.3646905512346087,-0.44352557299816076,crypto
15488,2016-12-16,-0.005564,-0.005564,39.32,9786253.0,1206646.0,47445320.72,PAYPAL HOLDINGS INC,PYPL,024616,2016-09-30,31356.0,17164.0,14192.0,2667.0,323.0,49409.82,40.97,541631398.0,17789.77154855643,3343.1032074408117,146889.53783281732,47448292.72,17790.885909261342,-0.9752641594950789,-1.0082863057307487,-0.9752510591377735,-0.5279079441562895,-0.8716773671299727,crypto
15488,2016-12-19,0.003052,0.003052,39.44,4268583.0,1206646.0,47590118.239999995,PAYPAL HOLDINGS INC,PYPL,024616,2016-09-30,31356.0,17164.0,14192.0,2667.0,323.0,49409.82,40.97,541631398.0,17844.063832020995,3353.3059639233365,147337.82736842104,47593090.239999995,17845.178192725907,-0.9623694967285801,-1.0010392101063514,-0.9623590318119187,-0.5154752374515745,-0.8603107440246062,crypto
15826,2016-12-19,-0.001391,-0.001391,14.36,4170545.0,166303.0,2388111.08,BLOCK INC,XYZ,026367,2016-09-30,1052.208,541.819,510.389,439.002,-32.323,4096.3679,11.66,289154845.0,5439.863781941768,4679.001859366092,-73882.71756953253,2388142.5100000002,5439.935376148628,-0.728025455101346,-0.6851730342711256,-0.7280415001452973,0.3647817327757762,-0.4441145641854982,crypto
92213,2016-12-19,-0.031915,-0.031915,3.64,30106.0,4504.0,16394.56,RIOT PLATFORMS INC,RIOT,148170,2016-09-30,19.323,2.268,17.03,0.027,-1.71,13.6471,3.03,2744549.0,607205.925925926,962.6870229007634,-9587.461988304094,16379.798,606659.1851851852,-0.128610718054362,-0.4224234134439009,-0.1287378062334903,-0.15979558380448128,-0.2098918803840586,crypto
15488,2016-12-20,0.007607,0.007607,39.74,3637161.0,1206646.0,47952112.04,PAYPAL HOLDINGS INC,PYPL,024616,2016-09-30,31356.0,17164.0,14192.0,2667.0,323.0,49409.82,40.97,541631398.0,17979.794540682415,3378.8128551296504,148458.55120743034,47955084.04,17980.908901387327,-0.9301328398123312,-0.9829214710453571,-0.93012896349728,-0.484393470689787,-0.8318941862611888,crypto
92213,2016-12-20,0.002747,0.002747,3.65,58669.0,4504.0,16439.6,RIOT PLATFORMS INC,RIOT,148170,2016-09-30,19.323,2.268,17.03,0.027,-1.71,13.6471,3.03,2744549.0,608874.074074074,965.331767469172,-9613.801169590643,16424.838,608327.3333333334,-0.12767094795546877,-0.4217923505496824,-0.12779802220864417,-0.16180753953232704,-0.2097672150615306,crypto
15826,2016-12-20,0.008357,0.008357,14.48,5822772.0,166303.0,2408067.44,BLOCK INC,XYZ,026367,2016-09-30,1052.208,541.819,510.389,439.002,-32.323,4096.3679,11.66,289154845.0,5485.322253657158,4718.102153455501,-74500.12189462612,2408098.87,5485.393847864019,-0.7232943190409934,-0.6799521185850498,-0.7233106741486214,0.36423464352877116,-0.44058061706147333,crypto
92213,2016-12-21,0.041096,0.041096,3.8,110452.0,4504.0,17115.2,RIOT PLATFORMS INC,RIOT,148170,2016-09-30,19.323,2.268,17.03,0.027,-1.71,13.6471,3.03,2744549.0,633896.2962962963,1005.0029359953024,-10008.888888888889,17100.438000000002,633349.5555555556,-0.11357439647206957,-0.4123264071364052,-0.11370126183595271,-0.19198687545001517,-0.20789723522361067,crypto
15826,2016-12-21,-0.006906,-0.006906,14.38,4275265.0,166303.0,2391437.14,BLOCK INC,XYZ,026367,2016-09-30,1052.208,541.819,510.389,439.002,-32.323,4096.3679,11.66,289154845.0,5447.440193894333,4685.51857504766,-73985.61829038146,2391468.5700000003,5447.511788101194,-0.7272369324246206,-0.6843028816567797,-0.7272530291458513,0.3646905512346087,-0.44352557299816076,crypto
15488,2016-12-21,0.008807,0.008807,40.09,6768561.0,1206646.0,48374438.14,PAYPAL HOLDINGS INC,PYPL,024616,2016-09-30,31356.0,17164.0,14192.0,2667.0,323.0,49409.82,40.97,541631398.0,18138.147034120735,3408.5708948703495,149766.06235294117,48377410.14,18139.261394825648,-0.8925234067433749,-0.9617841088075305,-0.8925272171302021,-0.4481314094677021,-0.7987415355372024,crypto
92213,2016-12-22,-0.052632,-0.052632,3.6,16387.0,4504.0,16214.4,RIOT PLATFORMS INC,RIOT,148170,2016-09-30,19.323,2.268,17.03,0.027,-1.71,13.6471,3.03,2744549.0,600533.3333333334,952.1080446271285,-9482.105263157895,16199.637999999999,599986.5925925926,-0.1323697984499351,-0.42494766502077486,-0.13249694233287468,-0.15174776089309777,-0.2103905416741706,crypto
15826,2016-12-22,-0.022949,-0.022949,14.05,4086004.0,166303.0,2336557.15,BLOCK INC,XYZ,026367,2016-09-30,1052.208,541.819,510.389,439.002,-32.323,4096.3679,11.66,289154845.0,5322.429396677008,4577.992766301782,-72287.7563963741,2336588.58,5322.500990883868,-0.7402475565905905,-0.6986603997934888,-0.7402628006367102,0.36619504666387254,-0.45324392758922927,crypto
15488,2016-12-22,-0.010227,-0.010227,39.68,5064993.0,1206646.0,47879713.28,PAYPAL HOLDINGS INC,PYPL,024616,2016-09-30,31356.0,17164.0,14192.0,2667.0,323.0,49409.82,40.97,541631398.0,17952.648398950132,3373.711476888388,148234.40643962848,47882685.28,17953.762759655045,-0.9365801711955807,-0.9865450188575556,-0.9365749771602073,-0.4906098240421445,-0.837577497813872,crypto
15826,2016-12-23,0.001423,0.001423,14.07,1610827.0,166303.0,2339883.21,BLOCK INC,XYZ,026367,2016-09-30,1052.208,541.819,510.389,439.002,-32.323,4096.3679,11.66,289154845.0,5330.005808629573,4584.509481983349,-72390.65711722303,2339914.64,5330.077402836434,-0.7394590339138651,-0.6977902471791428,-0.7394743296372642,0.366103865122705,-0.4526549364018918,crypto
92213,2016-12-23,-0.019444,-0.019444,3.53,54349.0,4504.0,15899.119999999999,RIOT PLATFORMS INC,RIOT,148170,2016-09-30,19.323,2.268,17.03,0.027,-1.71,13.6471,3.03,2744549.0,588856.2962962963,933.5948326482676,-9297.730994152047,15884.357999999998,588309.5555555555,-0.1389481891421881,-0.42936510528030425,-0.13907543050679738,-0.1376640707981767,-0.2112631989318666,crypto
15488,2016-12-23,-0.00252,-0.00252,39.58,3379149.0,1206646.0,47759048.68,PAYPAL HOLDINGS INC,PYPL,024616,2016-09-30,31356.0,17164.0,14192.0,2667.0,323.0,49409.82,40.97,541631398.0,17907.404829396324,3365.2091798196166,147860.8318266254,47762020.68,17908.519190101237,-0.9473257235009972,-0.9925842652112206,-0.9473183332650873,-0.50097041296274,-0.8470496837350112,crypto
15488,2016-12-27,0.003537,0.003537,39.72,2660152.0,1206646.0,47927979.12,PAYPAL HOLDINGS INC,PYPL,024616,2016-09-30,31356.0,17164.0,14192.0,2667.0,323.0,49409.82,40.97,541631398.0,17970.745826771654,3377.112395715896,148383.8362848297,47930951.12,17971.860187476563,-0.9322819502734143,-0.98412932031609,-0.9322776347182566,-0.4864655884739064,-0.8337886234454168,crypto
92213,2016-12-27,-0.008499,-0.008499,3.5,14403.0,4504.0,15764.0,RIOT PLATFORMS INC,RIOT,148170,2016-09-30,19.323,2.268,17.03,0.027,-1.71,13.6471,3.03,2744549.0,583851.8518518519,925.6605989430416,-9218.713450292398,15749.238,583305.1111111111,-0.14176749943886788,-0.43125829396295967,-0.14189478258133562,-0.1316282036146391,-0.21163719489945057,crypto
15826,2016-12-27,-0.004975,-0.004975,14.0,2705706.0,166303.0,2328242.0,BLOCK INC,XYZ,026367,2016-09-30,1052.208,541.819,510.389,439.002,-32.323,4096.3679,11.66,289154845.0,5303.4883667955955,4561.70097709786,-72030.50459425178,2328273.43,5303.559961002456,-0.7422188632824042,-0.7008357813293539,-0.7422339781353252,0.3664230005167912,-0.454716405557573,crypto
92213,2016-12-28,-0.005714,-0.005714,3.48,9283.0,4504.0,15673.92,RIOT PLATFORMS INC,RIOT,148170,2016-09-30,19.323,2.268,17.03,0.027,-1.71,13.6471,3.03,2744549.0,580515.5555555556,920.3711098062242,-9166.035087719298,15659.158,579968.8148148148,-0.14364703963665443,-0.4325204197513966,-0.1437743506310278,-0.12760429215894725,-0.21188652554450652,crypto
15826,2016-12-28,-0.003571,-0.003571,13.95,2389032.0,166303.0,2319926.85,BLOCK INC,XYZ,026367,2016-09-30,1052.208,541.819,510.389,439.002,-32.323,4096.3679,11.66,289154845.0,5284.547336914183,4545.40918789394,-71773.25279212944,2319958.2800000003,5284.618931121043,-0.7441901699742177,-0.7030111628652188,-0.7442051556339402,0.36665095436971,-0.4561888835259167,crypto
15488,2016-12-28,-0.003776,-0.003776,39.57,3292367.0,1206646.0,47746982.22,PAYPAL HOLDINGS INC,PYPL,024616,2016-09-30,31356.0,17164.0,14192.0,2667.0,323.0,49409.82,40.97,541631398.0,17902.880472440946,3364.3589501127394,147823.47436532506,47749954.22,17903.994833145858,-0.9484002787315383,-0.9931881898465871,-0.9483926688755747,-0.5020064718548002,-0.8479969023271251,crypto
15488,2016-12-29,0.009856,0.009856,39.96,3707957.0,1206646.0,48217574.160000004,PAYPAL HOLDINGS INC,PYPL,024616,2016-09-30,31356.0,17164.0,14192.0,2667.0,323.0,49409.82,40.97,541631398.0,18079.330393700788,3397.517908680947,149280.41535603718,48220546.160000004,18080.4447544057,-0.9064926247404158,-0.9696351290672945,-0.9064935800665452,-0.4616001750644756,-0.8110553772346828,crypto
15826,2016-12-29,-0.015771,-0.015771,13.73,2978663.0,166303.0,2283340.19,BLOCK INC,XYZ,026367,2016-09-30,1052.208,541.819,510.389,439.002,-32.323,4096.3679,11.66,289154845.0,5201.206805435966,4473.725315396688,-70641.3448627912,2283371.62,5201.278399642826,-0.7528639194181977,-0.7125828416230248,-0.7528783366278462,0.3676539513225526,-0.46266778658662905,crypto
92213,2016-12-29,0.022989,0.022989,3.56,19661.0,4504.0,16034.24,RIOT PLATFORMS INC,RIOT,148170,2016-09-30,19.323,2.268,17.03,0.027,-1.71,13.6471,3.03,2744549.0,593860.7407407408,941.5290663534937,-9376.748538011696,16019.478,593314.0,-0.13612887884550823,-0.42747191659764877,-0.13625607843225906,-0.14369993798171427,-0.2108892029642826,crypto
15488,2016-12-30,-0.012262,-0.012262,39.47,5012053.0,1207000.0,47640290.0,PAYPAL HOLDINGS INC,PYPL,024616,2016-09-30,31356.0,17164.0,14192.0,2667.0,323.0,49409.82,40.97,541631398.0,17862.875890513686,3356.841178128523,147493.15789473685,47643262.0,17863.990251218598,-0.9579015477913205,-0.99852812053545,-0.9578919960442734,-0.5111673544371456,-0.8563722547020474,crypto
92213,2016-12-30,0.078652,0.078652,3.84,75657.0,4504.0,17295.36,RIOT PLATFORMS INC,RIOT,148170,2016-09-30,19.323,2.268,17.03,0.027,-1.71,13.6471,3.03,2744549.0,640568.8888888889,1015.5819142689371,-10114.245614035088,17280.598,640022.1481481482,-0.10981531607649647,-0.4098021555595313,-0.10994212573656832,-0.20003469836139864,-0.2073985739334987,crypto
15826,2016-12-30,-0.007283,-0.007283,13.63,2986620.0,166303.0,2266709.89,BLOCK INC,XYZ,026367,2016-09-30,1052.208,541.819,510.389,439.002,-32.323,4096.3679,11.66,289154845.0,5163.324745673141,4441.141736988846,-70126.84125854656,2266741.3200000003,5163.3963398800015,-0.756806532801825,-0.7169336046947549,-0.756820691625076,0.36810985902839005,-0.46561274252331647,crypto
15488,2017-01-03,0.019762,0.019762,40.25,8247354.0,1207000.0,48581750.0,PAYPAL HOLDINGS INC,PYPL,024616,2016-12-31,33103.0,18391.0,14712.0,2981.0,390.0,47640.29,39.47,503251854.0,16297.131834954713,3302.185290918978,124568.58974358975,48585429.0,16298.365984568936,-1.3297728393766233,-1.0373506134296278,-1.3296588391324327,-1.146949387072882,-1.2109329197528913,crypto
15826,2017-01-03,0.013206,0.013206,13.81,3363911.0,166303.0,2296644.43,BLOCK INC,XYZ,026367,2016-12-31,1211.362,635.209,576.153,451.917,-15.167,4968.7756,13.63,296012860.0,5082.004947811214,3986.171086499593,-151423.77727962023,2296703.486,5082.13562667481,-0.765269972366928,-0.7776841300082431,-0.765277427631214,0.2960716861425055,-0.5030399609659699,crypto
92213,2017-01-03,-0.005208,-0.005208,3.82,43382.0,4504.0,17205.28,RIOT PLATFORMS INC,RIOT,148170,2016-12-31,17.041,2.121,14.92,0.031,-2.287,17.2954,3.84,4869483.0,555009.0322580645,1153.1689008042895,-7523.078268473983,17192.481,554596.1612903225,-0.1580164276003775,-0.37697250427035567,-0.1580685333609871,-0.002104704790525557,-0.17379054250556145,crypto
15826,2017-01-04,0.031861,0.031861,14.25,4977442.0,166303.0,2369817.75,BLOCK INC,XYZ,026367,2016-12-31,1211.362,635.209,576.153,451.917,-15.167,4968.7756,13.63,296012860.0,5243.922556575655,4113.174365142592,-156248.2857519615,2369876.806,5244.053235439251,-0.7484182347540208,-0.7607258583355524,-0.7484267944278307,0.2917966323406028,-0.4914435637942003,crypto
15488,2017-01-04,0.018634,0.018634,41.0,6806386.0,1207000.0,49487000.0,PAYPAL HOLDINGS INC,PYPL,024616,2016-12-31,33103.0,18391.0,14712.0,2981.0,390.0,47640.29,39.47,503251854.0,16600.80509896008,3363.716693855356,126889.7435897436,49490679.0,16602.039248574303,-1.2576490663342368,-0.9936443893570427,-1.2575498069116036,-1.0825753102903668,-1.1478546432233125,crypto
92213,2017-01-04,0.146597,0.146597,4.38,54746.0,4504.0,19727.52,RIOT PLATFORMS INC,RIOT,148170,2016-12-31,17.041,2.121,14.92,0.031,-2.287,17.2954,3.84,4869483.0,636371.6129032258,1322.2198391420911,-8625.937909925668,19714.721,635958.7419354839,-0.11217989890596987,-0.33663523476913043,-0.11223132543946136,-0.08634820304086255,-0.16184866553885605,crypto
92213,2017-01-05,-0.054795,-0.054795,4.14,16101.0,4504.0,18646.559999999998,RIOT PLATFORMS INC,RIOT,148170,2016-12-31,17.041,2.121,14.92,0.031,-2.287,17.2954,3.84,4869483.0,601501.9354838709,1249.769436997319,-8153.2837778749445,18633.761,601089.064516129,-0.13182412548928746,-0.35392263598394125,-0.13187584312011527,-0.050243846647860885,-0.16696661281030123,crypto
15488,2017-01-05,0.001463,0.001463,41.06,6431957.0,1207000.0,49559420.0,PAYPAL HOLDINGS INC,PYPL,024616,2016-12-31,33103.0,18391.0,14712.0,2981.0,390.0,47640.29,39.47,503251854.0,16625.09896008051,3368.6392060902663,127075.43589743589,49563099.0,16626.333109694733,-1.2518791644908458,-0.9901478914312358,-1.251781084333937,-1.0774253841477657,-1.142808381100946,crypto
15826,2017-01-05,0.021754,0.021754,14.56,5779832.0,166303.0,2421371.68,BLOCK INC,XYZ,026367,2016-12-31,1211.362,635.209,576.153,451.917,-15.167,4968.7756,13.63,296012860.0,5358.000871841511,4202.653947822888,-159647.37126656558,2421430.736,5358.131550705108,-0.7365454196176544,-0.7487779851116112,-0.7365547573981742,0.28878466261653496,-0.4832733748777262,crypto
15488,2017-01-06,0.009498,0.009498,41.45,5586404.0,1207000.0,50030150.0,PAYPAL HOLDINGS INC,PYPL,024616,2016-12-31,33103.0,18391.0,14712.0,2981.0,390.0,47640.29,39.47,503251854.0,16783.009057363302,3400.6355356171835,128282.43589743589,50033829.0,16784.243206977524,-1.214374802508805,-0.9674206549134912,-1.2142843875791058,-1.0439508642208577,-1.110007677305565,crypto
15826,2017-01-06,0.03022,0.03022,15.0,6382850.0,166303.0,2494545.0,BLOCK INC,XYZ,026367,2016-12-31,1211.362,635.209,576.153,451.917,-15.167,4968.7756,13.63,296012860.0,5519.918480605952,4329.657226465886,-164471.87973890683,2494604.056,5520.049159469549,-0.7196936820047471,-0.7318197134389207,-0.7197041241947909,0.2845096088146322,-0.4716769777059566,crypto
92213,2017-01-06,0.014493,0.014493,4.2,1233.0,4504.0,18916.8,RIOT PLATFORMS INC,RIOT,148170,2016-12-31,17.041,2.121,14.92,0.031,-2.287,17.2954,3.84,4869483.0,610219.3548387097,1267.882037533512,-8271.447310887626,18904.001,609806.4838709678,-0.12691306884345802,-0.34960078568023856,-0.12696471369995177,-0.05926993574611139,-0.16568712599243993,crypto
15826,2017-01-09,0.004,0.004,15.06,4960156.0,166303.0,2504523.18,BLOCK INC,XYZ,026367,2016-12-31,1211.362,635.209,576.153,451.917,-15.167,4968.7756,13.63,296012860.0,5541.998154528376,4346.97585537175,-165129.7672578625,2504582.236,5542.128833391973,-0.7173957177848053,-0.7295072218471901,-0.7174063105761477,0.28392664693255454,-0.47009565081889715,crypto
92213,2017-01-09,-0.104762,-0.104762,3.76,59239.0,4504.0,16935.039999999997,RIOT PLATFORMS INC,RIOT,148170,2016-12-31,17.041,2.121,14.92,0.031,-2.287,17.2954,3.84,4869483.0,546291.6129032257,1135.0563002680963,-7404.914735461302,16922.240999999998,545878.7419354838,-0.16292748424620696,-0.3812943545740584,-0.1629796627811506,0.006921384307724878,-0.17507002932342278,crypto
15488,2017-01-09,-0.001206,-0.001206,41.4,3943868.0,1207000.0,49969800.0,PAYPAL HOLDINGS INC,PYPL,024616,2016-12-31,33103.0,18391.0,14712.0,2981.0,390.0,47640.29,39.47,503251854.0,16762.764173096275,3396.5334420880913,128127.69230769231,49973479.0,16763.9983227105,-1.2191830540449649,-0.9703344031849971,-1.2190916563938277,-1.048242469339692,-1.1142128957408703,crypto
15488,2017-01-10,-0.007729,-0.007729,41.08,4174906.0,1207000.0,49583560.0,PAYPAL HOLDINGS INC,PYPL,024616,2016-12-31,33103.0,18391.0,14712.0,2981.0,390.0,47640.29,39.47,503251854.0,16633.19691378732,3370.280043501903,127137.33333333333,49587239.0,16634.431063401542,-1.2499558638763824,-0.9889823921226335,-1.2498581768080486,-1.075708742100232,-1.141126293726824,crypto
92213,2017-01-10,-0.034574,-0.034574,3.63,18897.0,4504.0,16349.519999999999,RIOT PLATFORMS INC,RIOT,148170,2016-12-31,17.041,2.121,14.92,0.031,-2.287,17.2954,3.84,4869483.0,527403.8709677419,1095.8123324396781,-7148.893747267161,16336.720999999998,526990.9999999999,-0.17356810697883723,-0.3906583635654143,-0.17362044319150483,0.026477910687267393,-0.17784225076212223,crypto
15826,2017-01-10,-0.00996,-0.00996,14.91,6739895.0,166303.0,2479577.73,BLOCK INC,XYZ,026367,2016-12-31,1211.362,635.209,576.153,451.917,-15.167,4968.7756,13.63,296012860.0,5486.7989697223165,4303.679283107092,-163485.0484604734,2479636.786,5486.929648585913,-0.72314062833466,-0.7352884508265164,-0.7231508446227557,0.2853840516377487,-0.47404896803654584,crypto
92213,2017-01-11,0.016529,0.016529,3.69,33230.0,4504.0,16619.76,RIOT PLATFORMS INC,RIOT,148170,2016-12-31,17.041,2.121,14.92,0.031,-2.287,17.2954,3.84,4869483.0,536121.2903225806,1113.9249329758711,-7267.057280279842,16606.961,535708.4193548387,-0.16865705033300785,-0.3863365132617116,-0.1687093137713413,0.01745182158901696,-0.17656276394426093,crypto
15488,2017-01-11,0.004868,0.004868,41.28,4425295.0,1207000.0,49824960.0,PAYPAL HOLDINGS INC,PYPL,024616,2016-12-31,33103.0,18391.0,14712.0,2981.0,390.0,47640.29,39.47,503251854.0,16714.17645085542,3386.6884176182707,127756.30769230769,49828639.0,16715.41060046964,-1.230722857731746,-0.9773273990366107,-1.2306291015491606,-1.0585423216248946,-1.1243054199856028,crypto
15826,2017-01-11,-0.000671,-0.000671,14.9,3952588.0,166303.0,2477914.7,BLOCK INC,XYZ,026367,2016-12-31,1211.362,635.209,576.153,451.917,-15.167,4968.7756,13.63,296012860.0,5483.11902406858,4300.792844956114,-163375.40054064748,2477973.756,5483.249702932176,-0.723523622371317,-0.7356738660918049,-0.7235338135591962,0.2854812119514282,-0.47431252251772243,crypto
92213,2017-01-12,-0.01084,-0.01084,3.65,31798.0,4504.0,16439.6,RIOT PLATFORMS INC,RIOT,148170,2016-12-31,17.041,2.121,14.92,0.031,-2.287,17.2954,3.84,4869483.0,530309.6774193548,1101.8498659517425,-7188.281591604722,16426.801,529896.8064516129,-0.1719310880968941,-0.38921774679751336,-0.1719834000514503,0.02346921432118389,-0.17741575515616848,crypto
15488,2017-01-12,0.006783,0.006783,41.56,3840529.0,1207000.0,50162920.0,PAYPAL HOLDINGS INC,PYPL,024616,2016-12-31,33103.0,18391.0,14712.0,2981.0,390.0,47640.29,39.47,503251854.0,16827.547802750756,3409.6601413811854,128622.8717948718,50166599.0,16828.781952364978,-1.203796649129255,-0.9610104087161788,-1.2037083961867177,-1.034509332959422,-1.1007561967478934,crypto
15826,2017-01-12,-0.010738,-0.010738,14.74,2324832.0,166303.0,2451306.22,BLOCK INC,XYZ,026367,2016-12-31,1211.362,635.209,576.153,451.917,-15.167,4968.7756,13.63,296012860.0,5424.239893608783,4254.609834540478,-161621.03382343246,2451365.276,5424.3705724723795,-0.7296515269578286,-0.7418405103364196,-0.7296613165422446,0.28703577697030197,-0.4785293942165477,crypto
15826,2017-01-13,0.000678,0.000678,14.75,1921854.0,166303.0,2452969.25,BLOCK INC,XYZ,026367,2016-12-31,1211.362,635.209,576.153,451.917,-15.167,4968.7756,13.63,296012860.0,5427.919839262519,4257.4962726914555,-161730.68174325838,2453028.306,5428.050518126116,-0.7292685329211718,-0.7414550950711312,-0.7292783476058042,0.2869386166566224,-0.4782658397353712,crypto
15488,2017-01-13,0.000962,0.000962,41.6,3917699.0,1207000.0,50211200.0,PAYPAL HOLDINGS INC,PYPL,024616,2016-12-31,33103.0,18391.0,14712.0,2981.0,390.0,47640.29,39.47,503251854.0,16843.743710164374,3412.941816204459,128746.66666666667,50214879.0,16844.9778597786,-1.1999500479003284,-0.9586794100989743,-1.1998625811349397,-1.0310760488643544,-1.0973920219996494,crypto
92213,2017-01-13,0.00274,0.00274,3.66,322483.0,4504.0,16484.64,RIOT PLATFORMS INC,RIOT,148170,2016-12-31,17.041,2.121,14.92,0.031,-2.287,17.2954,3.84,4869483.0,531762.5806451613,1104.8686327077749,-7207.975513773503,16471.841,531349.7096774194,-0.1711125786559225,-0.3884974384135629,-0.171164878481423,0.02196486613814211,-0.17720250735319157,crypto
15826,2017-01-17,-0.004068,-0.004068,14.69,3198942.0,166303.0,2442991.07,BLOCK INC,XYZ,026367,2016-12-31,1211.362,635.209,576.153,451.917,-15.167,4968.7756,13.63,296012860.0,5405.840165340095,4240.1776437855915,-161072.79422430275,2443050.1259999997,5405.970844203692,-0.7315664971411137,-0.7437675866628618,-0.7315761612244475,0.28752157853870003,-0.4798471666224307,crypto
92213,2017-01-17,-0.035519,-0.035519,3.53,10927.0,4504.0,15899.119999999999,RIOT PLATFORMS INC,RIOT,148170,2016-12-31,17.041,2.121,14.92,0.031,-2.287,17.2954,3.84,4869483.0,512874.8387096774,1065.6246648793565,-6951.954525579361,15886.320999999998,512461.9677419354,-0.1817532013885529,-0.39786144740491874,-0.18180565889177724,0.04152139251768469,-0.17997472879189105,crypto
15488,2017-01-17,-0.007933,-0.007933,41.27,5932904.0,1207000.0,49812890.00000001,PAYPAL HOLDINGS INC,PYPL,024616,2016-12-31,33103.0,18391.0,14712.0,2981.0,390.0,47640.29,39.47,503251854.0,16710.127474002016,3385.867998912453,127725.358974359,49816569.00000001,16711.361623616238,-1.2316845080389773,-0.9779101486909114,-1.2315905553121045,-1.0594006426486606,-1.1251464636726634,crypto
15826,2017-01-18,-0.003404,-0.003404,14.64,8076779.0,166303.0,2434675.92,BLOCK INC,XYZ,026367,2016-12-31,1211.362,635.209,576.153,451.917,-15.167,4968.7756,13.63,296012860.0,5387.440437071409,4225.745453030705,-160524.55462517307,2434734.976,5387.571115935006,-0.7334814673243986,-0.745694662989304,-0.73349100590665,0.2880073801070981,-0.4811649390283136,crypto
92213,2017-01-18,-0.014164,-0.014164,3.48,25209.0,4504.0,15673.92,RIOT PLATFORMS INC,RIOT,148170,2016-12-31,17.041,2.121,14.92,0.031,-2.287,17.2954,3.84,4869483.0,505610.32258064515,1050.5308310991957,-6853.484914735462,15661.121,505197.4516129032,-0.18584574859341071,-0.401462989324671,-0.18589826674191343,0.04904313343289327,-0.18104096780677548,crypto
15488,2017-01-18,0.001938,0.001938,41.35,4706020.0,1207000.0,49909450.0,PAYPAL HOLDINGS INC,PYPL,024616,2016-12-31,33103.0,18391.0,14712.0,2981.0,390.0,47640.29,39.47,503251854.0,16742.51928882925,3392.4313485589996,127972.94871794872,49913129.0,16743.753438443477,-1.2239913055811238,-0.9732481514565026,-1.2238989252085495,-1.0525340744585263,-1.1184181141761755,crypto
15826,2017-01-19,0.006147,0.006147,14.73,2511796.0,166303.0,2449643.19,BLOCK INC,XYZ,026367,2016-12-31,1211.362,635.209,576.153,451.917,-15.167,4968.7756,13.63,296012860.0,5420.559947955045,4251.7233963895005,-161511.3859036065,2449702.246,5420.690626818641,-0.7300345209944857,-0.7422259256017081,-0.7300442854786853,0.28713293728398165,-0.4787929486977244,crypto
15488,2017-01-19,-0.001935,-0.001935,41.27,4718177.0,1207000.0,49812890.00000001,PAYPAL HOLDINGS INC,PYPL,024616,2016-12-31,33103.0,18391.0,14712.0,2981.0,390.0,47640.29,39.47,503251854.0,16710.127474002016,3385.867998912453,127725.358974359,49816569.00000001,16711.361623616238,-1.2316845080389773,-0.9779101486909114,-1.2315905553121045,-1.0594006426486606,-1.1251464636726634,crypto
92213,2017-01-19,-0.017241,-0.017241,3.42,4211.0,4504.0,15403.68,RIOT PLATFORMS INC,RIOT,148170,2016-12-31,17.041,2.121,14.92,0.031,-2.287,17.2954,3.84,4869483.0,496892.9032258065,1032.4182305630027,-6735.321381722782,15390.881,496480.0322580645,-0.19075680523924007,-0.4057848396283737,-0.19080939616207693,0.05806922253114364,-0.18232045462463678,crypto
15826,2017-01-20,0.010862,0.010862,14.89,3153304.0,166303.0,2476251.67,BLOCK INC,XYZ,026367,2016-12-31,1211.362,635.209,576.153,451.917,-15.167,4968.7756,13.63,296012860.0,5479.439078414842,4297.906406805137,-163265.75262082153,2476310.726,5479.569757278438,-0.723906616407974,-0.7360592813570933,-0.7239167824956367,0.2855783722651079,-0.47457607699889903,crypto
92213,2017-01-20,0.002924,0.002924,3.43,12645.0,4504.0,15448.720000000001,RIOT PLATFORMS INC,RIOT,148170,2016-12-31,17.041,2.121,14.92,0.031,-2.287,17.2954,3.84,4869483.0,498345.80645161297,1035.4369973190348,-6755.015303891561,15435.921,497932.93548387097,-0.18993829579826849,-0.40506453124442326,-0.18999087459204966,0.05656487434810192,-0.18210720682165987,crypto
15488,2017-01-20,0.010177,0.010177,41.69,6868514.0,1207000.0,50319830.0,PAYPAL HOLDINGS INC,PYPL,024616,2016-12-31,33103.0,18391.0,14712.0,2981.0,390.0,47640.29,39.47,503251854.0,16880.18450184502,3420.325584556824,129025.20512820513,50323509.0,16881.41865145924,-1.1912951951352417,-0.9534346632102642,-1.1912094972684408,-1.0233511596504528,-1.0898226288161,crypto
92213,2017-01-23,-0.018484,-0.018484,3.3666,9183.0,4504.0,15163.1664,RIOT PLATFORMS INC,RIOT,148170,2016-12-31,17.041,2.121,14.92,0.031,-2.287,17.2954,3.84,4869483.0,489134.4,1016.2980160857909,-6630.1558373414955,15150.3674,488721.529032258,-0.19512764565402824,-0.4096312863986691,-0.1951803013460224,0.06610244182858652,-0.1834591978925333,crypto
15488,2017-01-23,-0.001679,-0.001679,41.62,8497050.0,1207000.0,50235340.0,PAYPAL HOLDINGS INC,PYPL,024616,2016-12-31,33103.0,18391.0,14712.0,2981.0,390.0,47640.29,39.47,503251854.0,16851.841663871182,3414.5826536160957,128808.56410256411,50239019.0,16853.075813485408,-1.198026747285865,-0.957513910790372,-1.197939673609051,-1.0293594068168206,-1.095709934625527,crypto
15826,2017-01-23,-0.018805,-0.018805,14.61,3881911.0,166303.0,2429686.83,BLOCK INC,XYZ,026367,2016-12-31,1211.362,635.209,576.153,451.917,-15.167,4968.7756,13.63,296012860.0,5376.400600110198,4217.086138577773,-160195.61086569526,2429745.886,5376.531278973794,-0.7346304494343694,-0.7468509087851692,-0.7346399127159716,0.28829886104813696,-0.4819556024718433,crypto
15488,2017-01-24,0.008169,0.008169,41.96,6107190.0,1207000.0,50645720.0,PAYPAL HOLDINGS INC,PYPL,024616,2016-12-31,33103.0,18391.0,14712.0,2981.0,390.0,47640.29,39.47,503251854.0,16989.50687688695,3442.476889613921,129860.82051282052,50649399.0,16990.741026501175,-1.1653306368399832,-0.9377004225441332,-1.1652502456689418,-1.000176492008747,-1.0671144492654512,crypto
15826,2017-01-24,0.003422,0.003422,14.66,3651872.0,166303.0,2438001.98,BLOCK INC,XYZ,026367,2016-12-31,1211.362,635.209,576.153,451.917,-15.167,4968.7756,13.63,296012860.0,5394.800328378884,4231.51832933266,-160743.85046482494,2438061.036,5394.9310072424805,-0.7327154792510846,-0.7449238324587271,-0.7327250680337689,0.2878130594797389,-0.4806378300659604,crypto
92213,2017-01-24,-0.07919,-0.07919,3.1,33397.0,4504.0,13962.4,RIOT PLATFORMS INC,RIOT,148170,2016-12-31,17.041,2.121,14.92,0.031,-2.287,17.2954,3.84,4869483.0,450400.0,935.8176943699732,-6105.115872321819,13949.600999999999,449987.129032258,-0.21694910735033016,-0.4288347079147881,-0.21700208640294877,0.10620836438847911,-0.18914438431989697,crypto
15488,2017-01-25,-0.005958,-0.005958,41.71,9253596.0,1207000.0,50343970.0,PAYPAL HOLDINGS INC,PYPL,024616,2016-12-31,33103.0,18391.0,14712.0,2981.0,390.0,47640.29,39.47,503251854.0,16888.282455551827,3421.966421968461,129087.10256410256,50347649.0,16889.516605166053,-1.1893718945207785,-0.9522691639016618,-1.1892865897425515,-1.021634517602919,-1.0881405414419776,crypto
15826,2017-01-25,-0.004093,-0.004093,14.6,3234557.0,166303.0,2428023.8,BLOCK INC,XYZ,026367,2016-12-31,1211.362,635.209,576.153,451.917,-15.167,4968.7756,13.63,296012860.0,5372.72065445646,4214.199700426796,-160085.9629458693,2428082.8559999997,5372.851333320056,-0.7350134434710265,-0.7472363240504577,-0.7350228816524121,0.2883960213618165,-0.48221915695302,crypto
92213,2017-01-25,0.03871,0.03871,3.22,971.0,4504.0,14502.880000000001,RIOT PLATFORMS INC,RIOT,148170,2016-12-31,17.041,2.121,14.92,0.031,-2.287,17.2954,3.84,4869483.0,467834.83870967745,972.0428954423593,-6341.442938347181,14490.081,467421.9677419355,-0.20712699405867135,-0.42019100730738274,-0.2071798275626218,0.08815618619197824,-0.18658541068417442,crypto
15826,2017-01-26,-0.013014,-0.013014,14.41,4310366.0,166303.0,2396426.23,BLOCK INC,XYZ,026367,2016-12-31,1211.362,635.209,576.153,451.917,-15.167,4968.7756,13.63,296012860.0,5302.801687035451,4159.357375558228,-158002.6524691765,2396485.286,5302.932365899048,-0.7422903301675091,-0.7545592140909376,-0.7422992914447822,0.2902420673217291,-0.48722669209537495,crypto
15488,2017-01-26,-0.005035,-0.005035,41.5,11838127.0,1207000.0,50090500.0,PAYPAL HOLDINGS INC,PYPL,024616,2016-12-31,33103.0,18391.0,14712.0,2981.0,390.0,47640.29,39.47,503251854.0,16803.253941630326,3404.737629146275,128437.17948717948,50094179.0,16804.488091244548,-1.209566550972646,-0.9645069066419857,-1.209477118764384,-1.0396592591020233,-1.1058024588702597,crypto
92213,2017-01-26,-0.037267,-0.037267,3.1,9745.0,4504.0,13962.4,RIOT PLATFORMS INC,RIOT,148170,2016-12-31,17.041,2.121,14.92,0.031,-2.287,17.2954,3.84,4869483.0,450400.0,935.8176943699732,-6105.115872321819,13949.600999999999,449987.129032258,-0.21694910735033016,-0.4288347079147881,-0.21700208640294877,0.10620836438847911,-0.18914438431989697,crypto
15488,2017-01-27,-0.029639,-0.029639,40.27,22756197.0,1207000.0,48605890.00000001,PAYPAL HOLDINGS INC,PYPL,024616,2016-12-31,33103.0,18391.0,14712.0,2981.0,390.0,47640.29,39.47,503251854.0,16305.229788661525,3303.826128330615,124630.4871794872,48609569.00000001,16306.463938275749,-1.3278495387621592,-1.036185114121025,-1.3277359316065431,-1.1452327450253479,-1.2092508323787687,crypto
92213,2017-01-27,0.003226,0.003226,3.11,26776.0,4504.0,14007.439999999999,RIOT PLATFORMS INC,RIOT,148170,2016-12-31,17.041,2.121,14.92,0.031,-2.287,17.2954,3.84,4869483.0,451852.9032258064,938.8364611260052,-6124.8097944905985,13994.640999999998,451440.0322580644,-0.2161305979093586,-0.4281143995308377,-0.21618356483292156,0.10470401620543739,-0.18893113651692012,crypto
15826,2017-01-27,0.008328,0.008328,14.53,2320034.0,166303.0,2416382.59,BLOCK INC,XYZ,026367,2016-12-31,1211.362,635.209,576.153,451.917,-15.167,4968.7756,13.63,296012860.0,5346.961034880299,4193.994633369955,-159318.42750708776,2416441.6459999997,5347.0917137438955,-0.7376944017276253,-0.7499342309074766,-0.7377036642074958,0.2890761435575738,-0.484064038321256,crypto
92213,2017-01-30,0.002605,0.002605,3.1181,1470.0,4504.0,14043.922400000001,RIOT PLATFORMS INC,RIOT,148170,2016-12-31,17.041,2.121,14.92,0.031,-2.287,17.2954,3.84,4869483.0,453029.7548387097,941.2816621983915,-6140.761871447312,14031.1234,452616.8838709678,-0.2154676052621716,-0.42753094973983774,-0.2155205623611994,0.10348549417717347,-0.18875840579650882,crypto
15488,2017-01-30,-0.010181,-0.010181,39.86,11489511.0,1207000.0,48111020.0,PAYPAL HOLDINGS INC,PYPL,024616,2016-12-31,33103.0,18391.0,14712.0,2981.0,390.0,47640.29,39.47,503251854.0,16139.221737671922,3270.1889613920607,123361.58974358975,48114699.0,16140.455887286145,-1.367277201358664,-1.0600778499473722,-1.3671555358872638,-1.18042390699979,-1.2437336235482725,crypto
15826,2017-01-30,-0.005506,-0.005506,14.45,2422176.0,166303.0,2403078.35,BLOCK INC,XYZ,026367,2016-12-31,1211.362,635.209,576.153,451.917,-15.167,4968.7756,13.63,296012860.0,5317.521469650401,4170.903128162137,-158441.24414848027,2403137.406,5317.652148513997,-0.7407583540208812,-0.753017553029784,-0.74076741569902,0.2898534260670106,-0.48617247417066867,crypto
92213,2017-01-31,0.010231,0.010231,3.15,4758.0,4504.0,14187.6,RIOT PLATFORMS INC,RIOT,148170,2016-12-31,17.041,2.121,14.92,0.031,-2.287,17.2954,3.84,4869483.0,457664.5161290323,950.9115281501341,-6203.58548316572,14174.801,457251.6451612903,-0.2128565601454723,-0.42523316599503586,-0.21290947855281253,0.09868662347327038,-0.18807814530501257,crypto
15488,2017-01-31,-0.002007,-0.002007,39.78,9100057.0,1207000.0,48014460.0,PAYPAL HOLDINGS INC,PYPL,024616,2016-12-31,33103.0,18391.0,14712.0,2981.0,390.0,47640.29,39.47,503251854.0,16106.829922844683,3263.6256117455137,123114.0,48018139.0,16108.064072458907,-1.3749704038165185,-1.0647398471817815,-1.3748471659908188,-1.1872904751899251,-1.250461973044761,crypto
15826,2017-01-31,0.011765,0.011765,14.62,3124127.0,166303.0,2431349.86,BLOCK INC,XYZ,026367,2016-12-31,1211.362,635.209,576.153,451.917,-15.167,4968.7756,13.63,296012860.0,5380.080545763934,4219.972576728751,-160305.2587855212,2431408.9159999997,5380.211224627531,-0.7342474553977125,-0.7464654935198808,-0.7342569437795311,0.2882017007344573,-0.4816920479906668,crypto
92213,2017-02-01,0.031746,0.031746,3.25,4357.0,4504.0,14638.0,RIOT PLATFORMS INC,RIOT,148170,2016-12-31,17.041,2.121,14.92,0.031,-2.287,17.2954,3.84,4869483.0,472193.5483870968,981.0991957104558,-6400.52470485352,14625.201,471780.6774193548,-0.20467146573575667,-0.4180300821555314,-0.20472426285254008,0.08364314164285308,-0.18594566727524375,crypto
15826,2017-02-01,-0.017784,-0.017784,14.36,4678993.0,166303.0,2388111.08,BLOCK INC,XYZ,026367,2016-12-31,1211.362,635.209,576.153,451.917,-15.167,4968.7756,13.63,296012860.0,5284.401958766765,4144.925184803342,-157454.41287004683,2388170.136,5284.532637630362,-0.744205300350794,-0.7564862904173798,-0.7442141361269848,0.2907278688901271,-0.4885444645012579,crypto
15488,2017-02-01,-0.011815,-0.011815,39.31,8860416.0,1207000.0,47447170.0,PAYPAL HOLDINGS INC,PYPL,024616,2016-12-31,33103.0,18391.0,14712.0,2981.0,390.0,47640.29,39.47,503251854.0,15916.528010734653,3225.06593257205,121659.41025641025,47450849.0,15917.762160348877,-1.4201679682564137,-1.0921290809339348,-1.420035492849205,-1.2276315633069683,-1.2899910263366303,crypto
92213,2017-02-02,-0.034338,-0.034338,3.1384,4657.0,4504.0,14135.353599999999,RIOT PLATFORMS INC,RIOT,148170,2016-12-31,17.041,2.121,14.92,0.031,-2.287,17.2954,3.84,4869483.0,455979.1483870967,947.4097587131366,-6180.7405334499335,14122.554599999998,455566.27741935477,-0.2138060310969994,-0.42606872372041843,-0.21385896357404416,0.1004316673655989,-0.18832551275646575,crypto
15488,2017-02-02,0.006868,0.006868,39.58,8736786.0,1207583.0,47796135.14,PAYPAL HOLDINGS INC,PYPL,024616,2016-12-31,33103.0,18391.0,14712.0,2981.0,390.0,47640.29,39.47,503251854.0,16033.591123783965,3248.7856946710167,122554.19266666667,47799814.14,16034.825273398188,-1.3923649496902009,-1.0752807532870294,-1.392238156727464,-1.2028159778700376,-1.265674959393683,crypto
15826,2017-02-02,0.0,0.0,14.36,2376156.0,166303.0,2388111.08,BLOCK INC,XYZ,026367,2016-12-31,1211.362,635.209,576.153,451.917,-15.167,4968.7756,13.63,296012860.0,5284.401958766765,4144.925184803342,-157454.41287004683,2388170.136,5284.532637630362,-0.744205300350794,-0.7564862904173798,-0.7442141361269848,0.2907278688901271,-0.4885444645012579,crypto
92213,2017-02-03,-0.002677,-0.002677,3.13,5781.0,4504.0,14097.519999999999,RIOT PLATFORMS INC,RIOT,148170,2016-12-31,17.041,2.121,14.92,0.031,-2.287,17.2954,3.84,4869483.0,454758.70967741933,944.8739946380696,-6164.197638828159,14084.720999999998,454345.83870967734,-0.21449357902741548,-0.42667378276293677,-0.21454652169286706,0.10169531983935388,-0.18850464091096636,crypto
15488,2017-02-03,0.000253,0.000253,39.59,7131059.0,1207583.0,47808210.970000006,PAYPAL HOLDINGS INC,PYPL,024616,2016-12-31,33103.0,18391.0,14712.0,2981.0,390.0,47640.29,39.47,503251854.0,16037.64205635693,3249.606509651985,122585.15633333335,47811889.970000006,16038.876205971153,-1.391402834890732,-1.0746977221554717,-1.3912762385672166,-1.2019572422637048,-1.2648335094692813,crypto
15826,2017-02-03,-0.005571,-0.005571,14.28,3632456.0,166303.0,2374806.84,BLOCK INC,XYZ,026367,2016-12-31,1211.362,635.209,576.153,451.917,-15.167,4968.7756,13.63,296012860.0,5254.962393536866,4121.833679595524,-156577.2295114393,2374865.8959999997,5255.093072400463,-0.74726925264405,-0.7595696125396872,-0.7472778876185091,0.291505151399564,-0.49065290035067055,crypto
92213,2017-02-06,0.031949,0.031949,3.23,5156.0,4504.0,14547.92,RIOT PLATFORMS INC,RIOT,148170,2016-12-31,17.041,2.121,14.92,0.031,-2.287,17.2954,3.84,4869483.0,469287.7419354839,975.0616621983914,-6361.13686051596,14535.121,468874.87096774194,-0.20630848461769982,-0.4194706989234323,-0.20636130599259456,0.08665183800893658,-0.1863721628811975,crypto
15826,2017-02-06,0.008403,0.008403,14.4,3157568.0,166303.0,2394763.2,BLOCK INC,XYZ,026367,2016-12-31,1211.362,635.209,576.153,451.917,-15.167,4968.7756,13.63,296012860.0,5299.121741381715,4156.470937407252,-157893.0045493506,2394822.256,5299.2524202453105,-0.7426733242041661,-0.754944629356226,-0.7426822603812228,0.29033922763540865,-0.48749024657655154,crypto
15488,2017-02-06,0.003789,0.003789,39.74,8206410.0,1207583.0,47989348.42,PAYPAL HOLDINGS INC,PYPL,024616,2016-12-31,33103.0,18391.0,14712.0,2981.0,390.0,47640.29,39.47,503251854.0,16098.40604495136,3261.9187343665035,123049.61133333333,47993027.42,16099.640194565583,-1.3769711128987119,-1.065952255182109,-1.3768474661635177,-1.1890762081687158,-1.2522117606032637,crypto
15826,2017-02-07,0.0,0.0,14.4,3085589.0,166303.0,2394763.2,BLOCK INC,XYZ,026367,2016-12-31,1211.362,635.209,576.153,451.917,-15.167,4968.7756,13.63,296012860.0,5299.121741381715,4156.470937407252,-157893.0045493506,2394822.256,5299.2524202453105,-0.7426733242041661,-0.754944629356226,-0.7426822603812228,0.29033922763540865,-0.48749024657655154,crypto
15488,2017-02-07,0.007046,0.007046,40.02,7956319.0,1207583.0,48327471.660000004,PAYPAL HOLDINGS INC,PYPL,024616,2016-12-31,33103.0,18391.0,14712.0,2981.0,390.0,47640.29,39.47,503251854.0,16211.832156994298,3284.9015538336057,123916.59400000001,48331150.660000004,16213.066306608522,-1.3500318985136068,-1.049627383498498,-1.3499137576766123,-1.1650316111914023,-1.2286511627200298,crypto
92213,2017-02-07,0.052632,0.052632,3.4,52201.0,4504.0,15313.6,RIOT PLATFORMS INC,RIOT,148170,2016-12-31,17.041,2.121,14.92,0.031,-2.287,17.2954,3.84,4869483.0,493987.0967741936,1026.3806970509384,-6695.933537385221,15300.801,493574.2258064516,-0.1923938241211832,-0.4072254563962746,-0.1924464393021314,0.06107791889722714,-0.1827469502305905,crypto
92213,2017-02-08,-0.063294,-0.063294,3.1848,17918.0,4504.0,14344.3392,RIOT PLATFORMS INC,RIOT,148170,2016-12-31,17.041,2.121,14.92,0.031,-2.287,17.2954,3.84,4869483.0,462720.61935483874,961.4168364611261,-6272.120332313074,14331.5402,462307.74838709674,-0.21000814729089126,-0.4227264928188883,-0.21006102348911773,0.09345149179628519,-0.187336042950653,crypto
15826,2017-02-08,0.004861,0.004861,14.47,2586244.0,166303.0,2406404.41,BLOCK INC,XYZ,026367,2016-12-31,1211.362,635.209,576.153,451.917,-15.167,4968.7756,13.63,296012860.0,5324.881360957876,4176.676004464092,-158660.53998813214,2406463.466,5325.012039821472,-0.7399923659475672,-0.7522467224992071,-0.740001477826139,0.2896591054396514,-0.48564536520831547,crypto
15488,2017-02-08,0.021489,0.021489,40.88,7398987.0,1207583.0,49365993.04000001,PAYPAL HOLDINGS INC,PYPL,024616,2016-12-31,33103.0,18391.0,14712.0,2981.0,390.0,47640.29,39.47,503251854.0,16560.21235826904,3355.4916421968464,126579.46933333336,49369672.04000001,16561.44650788326,-1.2672900257593556,-0.9994867061845512,-1.2671887958954027,-1.0911803490467968,-1.1562864692215267,crypto
92213,2017-02-09,0.067571,0.067571,3.4,25590.0,4504.0,15313.6,RIOT PLATFORMS INC,RIOT,148170,2016-12-31,17.041,2.121,14.92,0.031,-2.287,17.2954,3.84,4869483.0,493987.0967741936,1026.3806970509384,-6695.933537385221,15300.801,493574.2258064516,-0.1923938241211832,-0.4072254563962746,-0.1924464393021314,0.06107791889722714,-0.1827469502305905,crypto
15826,2017-02-09,0.017968,0.017968,14.73,2548295.0,166303.0,2449643.19,BLOCK INC,XYZ,026367,2016-12-31,1211.362,635.209,576.153,451.917,-15.167,4968.7756,13.63,296012860.0,5420.559947955045,4251.7233963895005,-161511.3859036065,2449702.246,5420.690626818641,-0.7300345209944857,-0.7422259256017081,-0.7300442854786853,0.28713293728398165,-0.4787929486977244,crypto
15488,2017-02-09,-0.001223,-0.001223,40.83,6467576.0,1207583.0,49305613.89,PAYPAL HOLDINGS INC,PYPL,024616,2016-12-31,33103.0,18391.0,14712.0,2981.0,390.0,47640.29,39.47,503251854.0,16539.957695404228,3351.3875672920067,126424.651,49309292.89,16541.19184501845,-1.272100599756696,-1.002401861842339,-1.2719983866966362,-1.0954740270784606,-1.160493718843533,crypto
92213,2017-02-10,-0.005882,-0.005882,3.38,13269.0,4504.0,15223.519999999999,RIOT PLATFORMS INC,RIOT,148170,2016-12-31,17.041,2.121,14.92,0.031,-2.287,17.2954,3.84,4869483.0,491081.2903225806,1020.3431635388739,-6656.54569304766,15210.720999999998,490668.41935483867,-0.19403084300312637,-0.4086660731641755,-0.1940834824421859,0.06408661526331064,-0.18317344583654427,crypto
15488,2017-02-10,-0.006123,-0.006123,40.58,6248231.0,1207583.0,49003718.14,PAYPAL HOLDINGS INC,PYPL,024616,2016-12-31,33103.0,18391.0,14712.0,2981.0,390.0,47640.29,39.47,503251854.0,16438.684381080173,3330.867192767809,125650.55933333334,49007397.14,16439.9185306944,-1.2961534697433976,-1.016977640131277,-1.2960463407028016,-1.116942417236776,-1.181529966953563,crypto
15826,2017-02-10,-0.008147,-0.008147,14.61,2160530.0,166303.0,2429686.83,BLOCK INC,XYZ,026367,2016-12-31,1211.362,635.209,576.153,451.917,-15.167,4968.7756,13.63,296012860.0,5376.400600110198,4217.086138577773,-160195.61086569526,2429745.886,5376.531278973794,-0.7346304494343694,-0.7468509087851692,-0.7346399127159716,0.28829886104813696,-0.4819556024718433,crypto
92213,2017-02-13,-0.038462,-0.038462,3.25,3246.0,4504.0,14638.0,RIOT PLATFORMS INC,RIOT,148170,2016-12-31,17.041,2.121,14.92,0.031,-2.287,17.2954,3.84,4869483.0,472193.5483870968,981.0991957104558,-6400.52470485352,14625.201,471780.6774193548,-0.20467146573575667,-0.4180300821555314,-0.20472426285254008,0.08364314164285308,-0.18594566727524375,crypto
15488,2017-02-13,0.014539,0.014539,41.17,6260907.0,1207583.0,49716192.11,PAYPAL HOLDINGS INC,PYPL,024616,2016-12-31,33103.0,18391.0,14712.0,2981.0,390.0,47640.29,39.47,503251854.0,16677.68940288494,3379.2952766449157,127477.41566666667,49719871.11,16678.92355249916,-1.2393886965747831,-0.9825788033693832,-1.2392931692482512,-1.0662770164631514,-1.1318844214138921,crypto
15826,2017-02-13,-0.007529,-0.007529,14.5,7216869.0,166303.0,2411393.5,BLOCK INC,XYZ,026367,2016-12-31,1211.362,635.209,576.153,451.917,-15.167,4968.7756,13.63,296012860.0,5335.921197919087,4185.335318917024,-158989.48374760995,2411452.556,5336.051876782683,-0.7388433838375963,-0.7510904767033418,-0.7388525710168174,0.2893676244986126,-0.48485470176478573,crypto
15826,2017-02-14,-0.011724,-0.011724,14.33,5903867.0,166303.0,2383121.99,BLOCK INC,XYZ,026367,2016-12-31,1211.362,635.209,576.153,451.917,-15.167,4968.7756,13.63,296012860.0,5273.362121805553,4136.26587035041,-157125.469110569,2383181.046,5273.49280066915,-0.745354282460765,-0.7576425362132451,-0.7453630429363064,0.2910193498311659,-0.4893351279447876,crypto
92213,2017-02-14,-0.012308,-0.012308,3.21,34443.0,4504.0,14457.84,RIOT PLATFORMS INC,RIOT,148170,2016-12-31,17.041,2.121,14.92,0.031,-2.287,17.2954,3.84,4869483.0,466381.93548387097,969.0241286863271,-6321.7490161784,14445.041,465969.06451612903,-0.20794550349964294,-0.42091131569133317,-0.20799834913264906,0.08966053437502002,-0.18679865848715127,crypto
15488,2017-02-14,0.01093,0.01093,41.62,6496404.0,1207583.0,50259604.45999999,PAYPAL HOLDINGS INC,PYPL,024616,2016-12-31,33103.0,18391.0,14712.0,2981.0,390.0,47640.29,39.47,503251854.0,16859.98136866823,3416.2319507884717,128870.78066666664,50263283.45999999,16861.215518282454,-1.1960935305987226,-0.9563424024492948,-1.1960068520371532,-1.0276339141781843,-1.0940191748158388,crypto
15826,2017-02-15,-0.001396,-0.001396,14.31,4068756.0,166303.0,2379795.93,BLOCK INC,XYZ,026367,2016-12-31,1211.362,635.209,576.153,451.917,-15.167,4968.7756,13.63,296012860.0,5266.0022304980785,4130.492994048456,-156906.17327091715,2379854.986,5266.132909361675,-0.7461202705340789,-0.7584133667438219,-0.7461289808091874,0.2912136704585251,-0.4898622369071408,crypto
92213,2017-02-15,0.034268,0.034268,3.32,10571.0,4504.0,14953.279999999999,RIOT PLATFORMS INC,RIOT,148170,2016-12-31,17.041,2.121,14.92,0.031,-2.287,17.2954,3.84,4869483.0,482363.8709677419,1002.2305630026809,-6538.38216003498,14940.480999999998,481950.99999999994,-0.19894189964895576,-0.4129879234678782,-0.19899461186234937,0.073112704361561,-0.1844529326544056,crypto
15488,2017-02-15,0.006007,0.006007,41.87,7124617.0,1207583.0,50561500.20999999,PAYPAL HOLDINGS INC,PYPL,024616,2016-12-31,33103.0,18391.0,14712.0,2981.0,390.0,47640.29,39.47,503251854.0,16961.254682992283,3436.7523253126697,129644.87233333332,50565179.20999999,16962.488832606505,-1.172040660612021,-0.9417666241603567,-1.1719588980309879,-1.0061655240198686,-1.0729829267058086,crypto
15826,2017-02-16,-0.02935,-0.02935,13.89,5932089.0,166303.0,2309948.67,BLOCK INC,XYZ,026367,2016-12-31,1211.362,635.209,576.153,451.917,-15.167,4968.7756,13.63,296012860.0,5111.444513041111,4009.2625917074106,-152300.96063822773,2310007.726,5111.575191904708,-0.7622060200736722,-0.7746008078859357,-0.7622136761396898,0.2952944036330687,-0.5009315251165573,crypto
15488,2017-02-16,0.006687,0.006687,42.15,5774302.0,1207583.0,50899623.449999996,PAYPAL HOLDINGS INC,PYPL,024616,2016-12-31,33103.0,18391.0,14712.0,2981.0,390.0,47640.29,39.47,503251854.0,17074.680795035223,3459.7351447797714,130511.85499999998,50903302.449999996,17075.914944649445,-1.1451014462269158,-0.9254417524767461,-1.1450251895440822,-0.9821209270425554,-1.0494223288225748,crypto
92213,2017-02-16,-0.030121,-0.030121,3.22,5323.0,4504.0,14502.880000000001,RIOT PLATFORMS INC,RIOT,148170,2016-12-31,17.041,2.121,14.92,0.031,-2.287,17.2954,3.84,4869483.0,467834.83870967745,972.0428954423593,-6341.442938347181,14490.081,467421.9677419355,-0.20712699405867135,-0.42019100730738274,-0.2071798275626218,0.08815618619197824,-0.18658541068417442,crypto
15488,2017-02-17,-0.004508,-0.004508,41.96,5106063.0,1207583.0,50670182.68,PAYPAL HOLDINGS INC,PYPL,024616,2016-12-31,33103.0,18391.0,14712.0,2981.0,390.0,47640.29,39.47,503251854.0,16997.713076148942,3444.1396601413812,129923.54533333333,50673861.68,16998.947225763168,-1.1633816274168087,-0.9365193439763388,-1.1633016345887672,-0.9984369035628748,-1.0654098773861973,crypto
92213,2017-02-17,0.018634,0.018634,3.28,2360.0,4504.0,14773.119999999999,RIOT PLATFORMS INC,RIOT,148170,2016-12-31,17.041,2.121,14.92,0.031,-2.287,17.2954,3.84,4869483.0,476552.2580645161,990.1554959785523,-6459.60647135986,14760.320999999998,476139.3870967741,-0.202215937412842,-0.41586915700368005,-0.20226869814245838,0.07913009709372794,-0.18530592386631312,crypto
15826,2017-02-17,0.041757,0.041757,14.47,7726391.0,166303.0,2406404.41,BLOCK INC,XYZ,026367,2016-12-31,1211.362,635.209,576.153,451.917,-15.167,4968.7756,13.63,296012860.0,5324.881360957876,4176.676004464092,-158660.53998813214,2406463.466,5325.012039821472,-0.7399923659475672,-0.7522467224992071,-0.740001477826139,0.2896591054396514,-0.48564536520831547,crypto
15488,2017-02-21,0.011201,0.011201,42.43,5874724.0,1207583.0,51237746.69,PAYPAL HOLDINGS INC,PYPL,024616,2016-12-31,33103.0,18391.0,14712.0,2981.0,390.0,47640.29,39.47,503251854.0,17188.10690707816,3482.717964246873,131378.83766666666,51241425.69,17189.341056692385,-1.1181622318418114,-0.9091168807931354,-1.1180914810571763,-0.9580763300652418,-1.0258617309393412,crypto
92213,2017-02-21,-0.02439,-0.02439,3.2,5200.0,4504.0,14412.800000000001,RIOT PLATFORMS INC,RIOT,148170,2016-12-31,17.041,2.121,14.92,0.031,-2.287,17.2954,3.84,4869483.0,464929.03225806454,966.005361930295,-6302.05509400962,14400.001,464516.1612903226,-0.2087640129406145,-0.42163162407528365,-0.20881687070267627,0.09116488255806174,-0.18701190629012818,crypto
15826,2017-02-21,0.011057,0.011057,14.63,6042251.0,166303.0,2433012.89,BLOCK INC,XYZ,026367,2016-12-31,1211.362,635.209,576.153,451.917,-15.167,4968.7756,13.63,296012860.0,5383.760491417673,4222.859014879728,-160414.90670534715,2433071.946,5383.891170281268,-0.7338644613610554,-0.7460800782545923,-0.7338739748430906,0.28810454042077766,-0.4814284935094902,crypto
15488,2017-02-22,-0.000236,-0.000236,42.42,4316768.0,1207583.0,51225670.86,PAYPAL HOLDINGS INC,PYPL,024616,2016-12-31,33103.0,18391.0,14712.0,2981.0,390.0,47640.29,39.47,503251854.0,17184.055974505198,3481.897149265905,131347.874,51229349.86,17185.290124119423,-1.1191243466412795,-0.9096999119246929,-1.119053399217423,-0.9589350656715739,-1.0267031808637423,crypto
15826,2017-02-22,0.028025,0.028025,15.04,12329759.0,166303.0,2501197.1199999996,BLOCK INC,XYZ,026367,2016-12-31,1211.362,635.209,576.153,451.917,-15.167,4968.7756,13.63,296012860.0,5534.638263220901,4341.202979069795,-164910.47141821057,2501256.1759999995,5534.768942084497,-0.7181617058581193,-0.730278052377767,-0.7181722484490288,0.2841209675599138,-0.47062275978125034,crypto
92213,2017-02-22,-0.015625,-0.015625,3.15,9578.0,4504.0,14187.6,RIOT PLATFORMS INC,RIOT,148170,2016-12-31,17.041,2.121,14.92,0.031,-2.287,17.2954,3.84,4869483.0,457664.5161290323,950.9115281501341,-6203.58548316572,14174.801,457251.6451612903,-0.2128565601454723,-0.42523316599503586,-0.21290947855281253,0.09868662347327038,-0.18807814530501257,crypto
15488,2017-02-23,0.002593,0.002593,42.53,5456296.0,1207583.0,51358504.99,PAYPAL HOLDINGS INC,PYPL,024616,2016-12-31,33103.0,18391.0,14712.0,2981.0,390.0,47640.29,39.47,503251854.0,17228.616232807784,3490.9261140565527,131688.47433333335,51362183.99,17229.850382422006,-1.1085410838471301,-0.9032865694775599,-1.10847229945471,-0.9494889740019151,-1.0174472316953287,crypto
15826,2017-02-23,0.140293,0.140293,17.15,43946638.0,166303.0,2852096.4499999997,BLOCK INC,XYZ,026367,2016-12-31,1211.362,635.209,576.153,451.917,-15.167,4968.7756,13.63,296012860.0,6311.106796159472,4950.241428925997,-188046.18250148348,2852155.5059999996,6311.237475023067,-0.637349964123496,-0.6489554314019096,-0.637365802860077,0.2636201413735165,-0.4150127642529915,crypto
92213,2017-02-23,0.009524,0.009524,3.18,5883.0,4504.0,14322.720000000001,RIOT PLATFORMS INC,RIOT,148170,2016-12-31,17.041,2.121,14.92,0.031,-2.287,17.2954,3.84,4869483.0,462023.22580645164,959.9678284182306,-6262.66724967206,14309.921,461610.3548387097,-0.21040103182255762,-0.4230722408431845,-0.21045391384273077,0.09417357892414517,-0.18743840189608194,crypto
15826,2017-02-24,0.016327,0.016327,17.43,15892263.0,166303.0,2898661.29,BLOCK INC,XYZ,026367,2016-12-31,1211.362,635.209,576.153,451.917,-15.167,4968.7756,13.63,296012860.0,6414.1452744641165,5031.06169715336,-191116.32425660975,2898720.346,6414.275953327713,-0.6266261310971005,-0.6381638039738338,-0.626642672639742,0.26089965259048753,-0.4076332387800472,crypto
92213,2017-02-24,-0.009434,-0.009434,3.15,12494.0,4504.0,14187.6,RIOT PLATFORMS INC,RIOT,148170,2016-12-31,17.041,2.121,14.92,0.031,-2.287,17.2954,3.84,4869483.0,457664.5161290323,950.9115281501341,-6203.58548316572,14174.801,457251.6451612903,-0.2128565601454723,-0.42523316599503586,-0.21290947855281253,0.09868662347327038,-0.18807814530501257,crypto
15488,2017-02-24,0.012697,0.012697,43.07,6770328.0,1207583.0,52010599.81,PAYPAL HOLDINGS INC,PYPL,024616,2016-12-31,33103.0,18391.0,14712.0,2981.0,390.0,47640.29,39.47,503251854.0,17447.366591747737,3535.2501230288203,133360.51233333335,52014278.81,17448.60074136196,-1.0565868846758564,-0.8718028883734535,-1.0565287188013923,-0.9031172512599537,-0.972008935777664,crypto
15488,2017-02-27,-0.009984,-0.009984,42.64,5026742.0,1207583.0,51491339.12,PAYPAL HOLDINGS INC,PYPL,024616,2016-12-31,33103.0,18391.0,14712.0,2981.0,390.0,47640.29,39.47,503251854.0,17273.176491110364,3499.9550788471993,132029.07466666665,51495018.12,17274.41064072459,-1.0979578210529826,-0.8968732270304275,-1.0978911996919973,-0.940042882332257,-1.0081912825269161,crypto
92213,2017-02-27,0.028571,0.028571,3.24,2234.0,4504.0,14592.960000000001,RIOT PLATFORMS INC,RIOT,148170,2016-12-31,17.041,2.121,14.92,0.031,-2.287,17.2954,3.84,4869483.0,470740.64516129036,978.0804289544236,-6380.83078268474,14580.161,470327.77419354836,-0.20548997517672823,-0.4187503905394818,-0.20554278442256732,0.0851474898258948,-0.18615891507822063,crypto
15826,2017-02-27,0.028686,0.028686,17.93,12652687.0,166303.0,2981812.79,BLOCK INC,XYZ,026367,2016-12-31,1211.362,635.209,576.153,451.917,-15.167,4968.7756,13.63,296012860.0,6598.142557150982,5175.383604702223,-196598.72024790663,2981871.846,6598.273236014578,-0.6074764292642514,-0.6188930407094125,-0.6074942258177156,0.2560416369065071,-0.3944555147212181,crypto
92213,2017-02-28,-0.049383,-0.049383,3.08,15386.0,4504.0,13872.32,RIOT PLATFORMS INC,RIOT,148170,2016-12-31,17.041,2.121,14.92,0.031,-2.287,17.2954,3.84,4869483.0,447494.1935483871,929.7801608579089,-6065.728027984259,13859.520999999999,447081.32258064515,-0.2185861262322733,-0.43027532468268903,-0.21863912954300324,0.10921706075456254,-0.18957087992585075,crypto
15488,2017-02-28,-0.015009,-0.015009,42.0,6956821.0,1207583.0,50718486.0,PAYPAL HOLDINGS INC,PYPL,024616,2016-12-31,33103.0,18391.0,14712.0,2981.0,390.0,47640.29,39.47,503251854.0,17013.916806440793,3447.422920065253,130047.4,50722165.0,17015.150956055015,-1.159533168218936,-0.9341872194501086,-1.159453961947781,-0.9950019611375444,-1.0620440776885924,crypto
15826,2017-02-28,-0.034021,-0.034021,17.32,12769726.0,208288.0,3607548.16,BLOCK INC,XYZ,026367,2016-12-31,1211.362,635.209,576.153,451.917,-15.167,4968.7756,13.63,296012860.0,7982.767101038466,6261.441249112649,-237855.0906573482,3607607.216,7982.897779902062,-0.46337024041898073,-0.473875834989191,-0.4633974812357648,0.21948388098531182,-0.29528991891465617,crypto
92213,2017-03-01,0.019481,0.019481,3.14,13010.0,4504.0,14142.560000000001,RIOT PLATFORMS INC,RIOT,148170,2016-12-31,17.041,2.121,14.92,0.031,-2.287,17.2954,3.84,4869483.0,456211.6129032259,947.892761394102,-6183.89156099694,14129.761,455798.7419354839,-0.21367506958644386,-0.42595347437898634,-0.21372800012283977,0.1001909716563121,-0.18829139310798948,crypto
15488,2017-03-01,0.010238,0.010238,42.43,6003750.0,1207583.0,51237746.69,PAYPAL HOLDINGS INC,PYPL,024616,2016-12-31,33103.0,18391.0,14712.0,2981.0,390.0,47640.29,39.47,503251854.0,17188.10690707816,3482.717964246873,131378.83766666666,51241425.69,17189.341056692385,-1.1181622318418114,-0.9091168807931354,-1.1180914810571763,-0.9580763300652418,-1.0258617309393412,crypto
15826,2017-03-01,-0.005774,-0.005774,17.22,13025561.0,208288.0,3586719.36,BLOCK INC,XYZ,026367,2016-12-31,1211.362,635.209,576.153,451.917,-15.167,4968.7756,13.63,296012860.0,7936.677221702215,6225.289740745947,-236481.79336717873,3586778.4159999997,7936.807900565812,-0.468167090861078,-0.4787030103724611,-0.4681940173074728,0.22070077589494655,-0.29859083566151634,crypto
15488,2017-03-02,0.008013,0.008013,42.77,4572587.0,1207583.0,51648324.910000004,PAYPAL HOLDINGS INC,PYPL,024616,2016-12-31,33103.0,18391.0,14712.0,2981.0,390.0,47640.29,39.47,503251854.0,17325.838614558874,3510.6256735997827,132431.60233333334,51652003.910000004,17327.0727641731,-1.0854503286598975,-0.8892938223201794,-1.0853862636087905,-0.9288793194499323,-0.9972524335096999,crypto
15826,2017-03-02,-0.013357,-0.013357,16.99,7293731.0,208288.0,3538813.1199999996,BLOCK INC,XYZ,026367,2016-12-31,1211.362,635.209,576.153,451.917,-15.167,4968.7756,13.63,296012860.0,7830.6704992288405,6142.141271502534,-233323.209599789,3538872.1759999995,7830.801178092437,-0.4791998468779016,-0.48980551375398207,-0.47922605027240117,0.2234996341871064,-0.3061829441792946,crypto
92213,2017-03-02,-0.00637,-0.00637,3.12,1572.0,4504.0,14052.480000000001,RIOT PLATFORMS INC,RIOT,148170,2016-12-31,17.041,2.121,14.92,0.031,-2.287,17.2954,3.84,4869483.0,453305.80645161297,941.8552278820376,-6144.50371665938,14039.681,452892.93548387097,-0.21531208846838698,-0.4273940911468872,-0.21536504326289424,0.10319966802239554,-0.18871788871394324,crypto
15826,2017-03-03,-0.005886,-0.005886,16.89,13050544.0,208288.0,3517984.3200000003,BLOCK INC,XYZ,026367,2016-12-31,1211.362,635.209,576.153,451.917,-15.167,4968.7756,13.63,296012860.0,7784.580619892592,6105.989763135834,-231949.9123096196,3518043.376,7784.711298756189,-0.4839966973199987,-0.4946326891372519,-0.484022586344109,0.22471652909674106,-0.30948386092615465,crypto
15488,2017-03-03,0.006079,0.006079,43.03,4214435.0,1207583.0,51962296.49,PAYPAL HOLDINGS INC,PYPL,024616,2016-12-31,33103.0,18391.0,14712.0,2981.0,390.0,47640.29,39.47,503251854.0,17431.162861455887,3531.9668631049485,133236.65766666667,51965975.49,17432.397011070112,-1.060435343873729,-0.8741350128996838,-1.0603763914423785,-0.9065521936852845,-0.9753747354752689,crypto
92213,2017-03-03,0.003205,0.003205,3.13,1833.0,4504.0,14097.519999999999,RIOT PLATFORMS INC,RIOT,148170,2016-12-31,17.041,2.121,14.92,0.031,-2.287,17.2954,3.84,4869483.0,454758.70967741933,944.8739946380696,-6164.197638828159,14084.720999999998,454345.83870967734,-0.21449357902741548,-0.42667378276293677,-0.21454652169286706,0.10169531983935388,-0.18850464091096636,crypto
15488,2017-03-06,-0.003718,-0.003718,42.87,6032844.0,1207583.0,51769083.20999999,PAYPAL HOLDINGS INC,PYPL,024616,2016-12-31,33103.0,18391.0,14712.0,2981.0,390.0,47640.29,39.47,503251854.0,17366.34794028849,3518.8338234094613,132741.23899999997,51772762.20999999,17367.582089902717,-1.075829180665218,-0.8834635110046045,-1.075767082006325,-0.9202919633866072,-0.9888379342656887,crypto
15826,2017-03-06,-0.001776,-0.001776,16.86,6005743.0,208288.0,3511735.6799999997,BLOCK INC,XYZ,026367,2016-12-31,1211.362,635.209,576.153,451.917,-15.167,4968.7756,13.63,296012860.0,7770.753656091716,6095.144310625823,-231537.92312256873,3511794.7359999996,7770.884334955312,-0.485435752452628,-0.49608084175223305,-0.4854615471656216,0.2250815975696315,-0.3104741359502128,crypto
92213,2017-03-06,0.0,0.0,3.13,10104.0,4504.0,14097.519999999999,RIOT PLATFORMS INC,RIOT,148170,2016-12-31,17.041,2.121,14.92,0.031,-2.287,17.2954,3.84,4869483.0,454758.70967741933,944.8739946380696,-6164.197638828159,14084.720999999998,454345.83870967734,-0.21449357902741548,-0.42667378276293677,-0.21454652169286706,0.10169531983935388,-0.18850464091096636,crypto
15826,2017-03-07,-0.005931,-0.005931,16.76,5762731.0,208288.0,3490906.8800000004,BLOCK INC,XYZ,026367,2016-12-31,1211.362,635.209,576.153,451.917,-15.167,4968.7756,13.63,296012860.0,7724.663776755468,6058.992802259123,-230164.62583239932,3490965.936,7724.794455619064,-0.4902326028947251,-0.5009080171355029,-0.4902580832373294,0.22629849247926617,-0.3137750526970728,crypto
92213,2017-03-07,-0.003195,-0.003195,3.12,216.0,4504.0,14052.480000000001,RIOT PLATFORMS INC,RIOT,148170,2016-12-31,17.041,2.121,14.92,0.031,-2.287,17.2954,3.84,4869483.0,453305.80645161297,941.8552278820376,-6144.50371665938,14039.681,452892.93548387097,-0.21531208846838698,-0.4273940911468872,-0.21536504326289424,0.10319966802239554,-0.18871788871394324,crypto
15488,2017-03-07,0.000467,0.000467,42.89,4404707.0,1207583.0,51793234.87,PAYPAL HOLDINGS INC,PYPL,024616,2016-12-31,33103.0,18391.0,14712.0,2981.0,390.0,47640.29,39.47,503251854.0,17374.44980543442,3520.475453371397,132803.16633333333,51796913.87,17375.68395504864,-1.0739049510662813,-0.8822974487414894,-1.073843245685832,-0.9185744921739414,-0.987155034416886,crypto
15488,2017-03-08,-0.002332,-0.002332,42.79,4573934.0,1207583.0,51672476.57,PAYPAL HOLDINGS INC,PYPL,024616,2016-12-31,33103.0,18391.0,14712.0,2981.0,390.0,47640.29,39.47,503251854.0,17333.940479704797,3512.2673035617186,132493.52966666667,51676155.57,17335.17462931902,-1.0835260990609616,-0.8881277600570643,-1.0834624272882982,-0.9271618482372673,-0.9955695336608978,crypto
15826,2017-03-08,0.004177,0.004177,16.83,3872065.0,208288.0,3505487.0399999996,BLOCK INC,XYZ,026367,2016-12-31,1211.362,635.209,576.153,451.917,-15.167,4968.7756,13.63,296012860.0,7756.926692290841,6084.298858115812,-231125.93393551788,3505546.0959999994,7757.057371154437,-0.4868748075852572,-0.4975289943672141,-0.486900507987134,0.22544666604252192,-0.31146441097427086,crypto
92213,2017-03-08,0.0,0.0,3.12,4760.0,4504.0,14052.480000000001,RIOT PLATFORMS INC,RIOT,148170,2016-12-31,17.041,2.121,14.92,0.031,-2.287,17.2954,3.84,4869483.0,453305.80645161297,941.8552278820376,-6144.50371665938,14039.681,452892.93548387097,-0.21531208846838698,-0.4273940911468872,-0.21536504326289424,0.10319966802239554,-0.18871788871394324,crypto
15488,2017-03-09,0.003038,0.003038,42.92,3487918.0,1207583.0,51829462.36,PAYPAL HOLDINGS INC,PYPL,024616,2016-12-31,33103.0,18391.0,14712.0,2981.0,390.0,47640.29,39.47,503251854.0,17386.602603153304,3522.937898314301,132896.05733333333,51833141.36,17387.83675276753,-1.0710186066678773,-0.8805483553468169,-1.0709574912050914,-0.9159982853549434,-0.9846306846436822,crypto
92213,2017-03-09,0.041667,0.041667,3.25,10079.0,4504.0,14638.0,RIOT PLATFORMS INC,RIOT,148170,2016-12-31,17.041,2.121,14.92,0.031,-2.287,17.2954,3.84,4869483.0,472193.5483870968,981.0991957104558,-6400.52470485352,14625.201,471780.6774193548,-0.20467146573575667,-0.4180300821555314,-0.20472426285254008,0.08364314164285308,-0.18594566727524375,crypto
15826,2017-03-09,0.01426,0.01426,17.07,5693724.0,208288.0,3555476.16,BLOCK INC,XYZ,026367,2016-12-31,1211.362,635.209,576.153,451.917,-15.167,4968.7756,13.63,296012860.0,7867.542402697842,6171.062478195896,-234421.84743192457,3555535.216,7867.673081561437,-0.4753623665242237,-0.485943773447366,-0.47538882141503475,0.2225261182593986,-0.30354221078180643,crypto
15488,2017-03-10,0.001631,0.001631,42.99,4636199.0,1207583.0,51913993.17,PAYPAL HOLDINGS INC,PYPL,024616,2016-12-31,33103.0,18391.0,14712.0,2981.0,390.0,47640.29,39.47,503251854.0,17414.95913116404,3528.6836031810767,133112.803,51917672.17,17416.19328077826,-1.0642838030716009,-0.876467137425914,-1.0642240640833656,-0.9099871361106147,-0.9787405351728737,crypto
92213,2017-03-10,0.058462,0.058462,3.44,45626.0,4504.0,15493.76,RIOT PLATFORMS INC,RIOT,148170,2016-12-31,17.041,2.121,14.92,0.031,-2.287,17.2954,3.84,4869483.0,499798.7096774194,1038.455764075067,-6774.709226060341,15480.961,499385.8387096774,-0.18911978635729693,-0.4043442228604728,-0.18917235302202243,0.05506052616506021,-0.181893959018683,crypto
15826,2017-03-10,-0.009373,-0.009373,16.91,4865642.0,208288.0,3522150.08,BLOCK INC,XYZ,026367,2016-12-31,1211.362,635.209,576.153,451.917,-15.167,4968.7756,13.63,296012860.0,7793.798595759841,6113.220064809174,-232224.57176765346,3522209.136,7793.929274623438,-0.4830373272315794,-0.493667254060598,-0.4830632791297675,0.22447315011481414,-0.3088236775767827,crypto
92213,2017-03-13,0.026163,0.026163,3.53,2742.0,4504.0,15899.119999999999,RIOT PLATFORMS INC,RIOT,148170,2016-12-31,17.041,2.121,14.92,0.031,-2.287,17.2954,3.84,4869483.0,512874.8387096774,1065.6246648793565,-6951.954525579361,15886.320999999998,512461.9677419354,-0.1817532013885529,-0.39786144740491874,-0.18180565889177724,0.04152139251768469,-0.17997472879189105,crypto
15826,2017-03-13,0.001183,0.001183,16.93,3717992.0,208288.0,3526315.84,BLOCK INC,XYZ,026367,2016-12-31,1211.362,635.209,576.153,451.917,-15.167,4968.7756,13.63,296012860.0,7803.016571627091,6120.450366482513,-232499.23122568734,3526374.8959999997,7803.147250490687,-0.48207795714315993,-0.4927018189839441,-0.482103971915426,0.2242297711328872,-0.3081634942274107,crypto
15488,2017-03-13,-0.009305,-0.009305,42.59,5527468.0,1207583.0,51430959.970000006,PAYPAL HOLDINGS INC,PYPL,024616,2016-12-31,33103.0,18391.0,14712.0,2981.0,390.0,47640.29,39.47,503251854.0,17252.92182824556,3495.8510039423604,131874.25633333335,51434638.970000006,17254.15597785978,-1.1027683950503215,-0.8997883826882146,-1.10270079049323,-0.9443365603639192,-1.0123985321489213,crypto
92213,2017-03-14,-0.022663,-0.022663,3.45,7188.0,4504.0,15538.800000000001,RIOT PLATFORMS INC,RIOT,148170,2016-12-31,17.041,2.121,14.92,0.031,-2.287,17.2954,3.84,4869483.0,501251.6129032258,1041.4745308310992,-6794.403148229122,15526.001,500838.7419354839,-0.1883012769163254,-0.40362391447652235,-0.18835383145199516,0.05355617798201842,-0.18168071121570611,crypto
15826,2017-03-14,-0.009451,-0.009451,16.77,3950492.0,208288.0,3492989.76,BLOCK INC,XYZ,026367,2016-12-31,1211.362,635.209,576.153,451.917,-15.167,4968.7756,13.63,296012860.0,7729.272764689091,6062.607953095791,-230301.95556141622,3493048.8159999996,7729.403443552687,-0.48975291785051556,-0.5004252995971762,-0.4897784296301588,0.22617680298830276,-0.31344496102238695,crypto
15488,2017-03-14,-0.011505,-0.011505,42.1,5888061.0,1207583.0,50839244.300000004,PAYPAL HOLDINGS INC,PYPL,024616,2016-12-31,33103.0,18391.0,14712.0,2981.0,390.0,47640.29,39.47,503251854.0,17054.426132170414,3455.631069874932,130357.03666666668,50842923.300000004,17055.660281784636,-1.1499120202242556,-0.9283569081345335,-1.1498347803453148,-0.9864146050742176,-1.0536295784445804,crypto
92213,2017-03-15,0.031884,0.031884,3.56,15267.0,4504.0,16034.24,RIOT PLATFORMS INC,RIOT,148170,2016-12-31,17.041,2.121,14.92,0.031,-2.287,17.2954,3.84,4869483.0,517233.5483870968,1074.680965147453,-7011.036292085702,16021.440999999999,516820.6774193548,-0.17929767306563818,-0.3957005222530674,-0.1793500941816955,0.0370083479685594,-0.17933498538296042,crypto
15488,2017-03-15,0.006888,0.006888,42.39,4291806.0,1207583.0,51189443.37,PAYPAL HOLDINGS INC,PYPL,024616,2016-12-31,33103.0,18391.0,14712.0,2981.0,390.0,47640.29,39.47,503251854.0,17171.903176786313,3479.4347043230014,131254.983,51193122.37,17173.137326400534,-1.1220106910396832,-0.9114490053193656,-1.1219391536981633,-0.9615112724905719,-1.029227530636946,crypto
15826,2017-03-15,0.010734,0.010734,16.95,4548747.0,208288.0,3530481.5999999996,BLOCK INC,XYZ,026367,2016-12-31,1211.362,635.209,576.153,451.917,-15.167,4968.7756,13.63,296012860.0,7812.23454749434,6127.680668155854,-232773.89068372123,3530540.6559999995,7812.365226357937,-0.48111858705474053,-0.4917363839072901,-0.4811446647010844,0.22398639215096025,-0.30750331087803867,crypto
15488,2017-03-16,0.000236,0.000236,42.4,3998562.0,1207583.0,51201519.199999996,PAYPAL HOLDINGS INC,PYPL,024616,2016-12-31,33103.0,18391.0,14712.0,2981.0,390.0,47640.29,39.47,503251854.0,17175.954109359274,3480.2555193039693,131285.94666666666,51205198.199999996,17177.188258973496,-1.1210485762402154,-0.910865974187808,-1.1209772355379168,-0.9606525368842398,-1.028386080712545,crypto
15826,2017-03-16,0.015339,0.015339,17.21,8838380.0,208288.0,3584636.48,BLOCK INC,XYZ,026367,2016-12-31,1211.362,635.209,576.153,451.917,-15.167,4968.7756,13.63,296012860.0,7932.06823376859,6221.6745899092775,-236344.4636381618,3584695.536,7932.198912632187,-0.4686467759052877,-0.479185727910788,-0.4686736709146436,0.22082246538591,-0.29892092733620235,crypto
92213,2017-03-16,0.0,0.0,3.56,12263.0,4504.0,16034.24,RIOT PLATFORMS INC,RIOT,148170,2016-12-31,17.041,2.121,14.92,0.031,-2.287,17.2954,3.84,4869483.0,517233.5483870968,1074.680965147453,-7011.036292085702,16021.440999999999,516820.6774193548,-0.17929767306563818,-0.3957005222530674,-0.1793500941816955,0.0370083479685594,-0.17933498538296042,crypto
15488,2017-03-17,0.016038,0.016038,43.08,12309652.0,1207583.0,52022675.64,PAYPAL HOLDINGS INC,PYPL,024616,2016-12-31,33103.0,18391.0,14712.0,2981.0,390.0,47640.29,39.47,503251854.0,17451.4175243207,3536.070938009788,133391.476,52026354.64,17452.65167393492,-1.0556247698763883,-0.8712198572418963,-1.0555668006411458,-0.9022585156536216,-0.9711674858532631,crypto
15826,2017-03-17,0.004068,0.004068,17.28,5685873.0,208288.0,3599216.64,BLOCK INC,XYZ,026367,2016-12-31,1211.362,635.209,576.153,451.917,-15.167,4968.7756,13.63,296012860.0,7964.3311493039655,6246.980645765969,-237305.77174128042,3599275.696,7964.461828167562,-0.46528898059581963,-0.4758067051424989,-0.465316095664448,0.2199706389491657,-0.2966102856134002,crypto
92213,2017-03-17,-0.061798,-0.061798,3.34,71686.0,4504.0,15043.359999999999,RIOT PLATFORMS INC,RIOT,148170,2016-12-31,17.041,2.121,14.92,0.031,-2.287,17.2954,3.84,4869483.0,485269.6774193548,1008.2680965147453,-6577.77000437254,15030.560999999998,484856.80645161285,-0.19730488076701264,-0.41154730669997736,-0.1973575687222949,0.07010400799547757,-0.18402643704845184,crypto
15826,2017-03-20,-0.002315,-0.002315,17.24,4596089.0,208288.0,3590885.1199999996,BLOCK INC,XYZ,026367,2016-12-31,1211.362,635.209,576.153,451.917,-15.167,4968.7756,13.63,296012860.0,7945.8951975694645,6232.520042419287,-236756.45282521262,3590944.1759999995,7946.025876433061,-0.4672077207726586,-0.47773757529580707,-0.4672347100931313,0.2204573969130196,-0.29793065231214433,crypto
92213,2017-03-20,-0.008982,-0.008982,3.31,3127.0,4504.0,14908.24,RIOT PLATFORMS INC,RIOT,148170,2016-12-31,17.041,2.121,14.92,0.031,-2.287,17.2954,3.84,4869483.0,480910.96774193546,999.2117962466488,-6518.6882378662,14895.440999999999,480498.0967741935,-0.19976040908992732,-0.4137082318518287,-0.1998131334323766,0.07461705254460273,-0.18466618045738248,crypto
15488,2017-03-20,0.001857,0.001857,43.16,6686901.0,1207583.0,52119282.279999994,PAYPAL HOLDINGS INC,PYPL,024616,2016-12-31,33103.0,18391.0,14712.0,2981.0,390.0,47640.29,39.47,503251854.0,17483.824984904393,3542.637457857531,133639.18533333333,52122961.279999994,17485.059134518615,-1.0479278514806447,-0.8665556081894363,-1.0478714553591735,-0.8953886308029607,-0.9644358864580538,crypto
15826,2017-03-21,-0.042343,-0.042343,16.51,6528121.0,208288.0,3438834.8800000004,BLOCK INC,XYZ,026367,2016-12-31,1211.362,635.209,576.153,451.917,-15.167,4968.7756,13.63,296012860.0,7609.439078414843,5968.614031342369,-226731.3826069757,3438893.936,7609.569757278439,-0.5022247289999682,-0.512975955593678,-0.5022494234165993,0.22934072975335296,-0.3220273445642231,crypto
15488,2017-03-21,-0.012048,-0.012048,42.64,7838436.0,1207583.0,51491339.12,PAYPAL HOLDINGS INC,PYPL,024616,2016-12-31,33103.0,18391.0,14712.0,2981.0,390.0,47640.29,39.47,503251854.0,17273.176491110364,3499.9550788471993,132029.07466666665,51495018.12,17274.41064072459,-1.0979578210529826,-0.8968732270304275,-1.0978911996919973,-0.940042882332257,-1.0081912825269161,crypto
92213,2017-03-21,-0.033233,-0.033233,3.2,340.0,4504.0,14412.800000000001,RIOT PLATFORMS INC,RIOT,148170,2016-12-31,17.041,2.121,14.92,0.031,-2.287,17.2954,3.84,4869483.0,464929.03225806454,966.005361930295,-6302.05509400962,14400.001,464516.1612903226,-0.2087640129406145,-0.42163162407528365,-0.20881687070267627,0.09116488255806174,-0.18701190629012818,crypto
15488,2017-03-22,0.012899,0.012899,43.19,6513636.0,1207583.0,52155509.769999996,PAYPAL HOLDINGS INC,PYPL,024616,2016-12-31,33103.0,18391.0,14712.0,2981.0,390.0,47640.29,39.47,503251854.0,17495.97778262328,3545.099902800435,133732.07633333333,52159188.769999996,17497.211932237504,-1.045041507082241,-0.8648065147947637,-1.0449857008784331,-0.8928124239839628,-0.9619115366848501,crypto
92213,2017-03-22,0.090625,0.090625,3.49,7025.0,4504.0,15718.960000000001,RIOT PLATFORMS INC,RIOT,148170,2016-12-31,17.041,2.121,14.92,0.031,-2.287,17.2954,3.84,4869483.0,507063.22580645164,1053.549597855228,-6873.178836904242,15706.161,506650.3548387097,-0.18502723915243913,-0.4007426809407205,-0.18507974517188616,0.04753878524985149,-0.18082772000379857,crypto
15826,2017-03-22,-0.006057,-0.006057,16.41,5054249.0,208288.0,3418006.08,BLOCK INC,XYZ,026367,2016-12-31,1211.362,635.209,576.153,451.917,-15.167,4968.7756,13.63,296012860.0,7563.349199078592,5932.4625229756675,-225358.08531680625,3418065.136,7563.479877942189,-0.5070215794420655,-0.5178031309769481,-0.5070459594883073,0.23055762466298768,-0.3253282613110833,crypto
15826,2017-03-23,0.012188,0.012188,16.61,6410198.0,208288.0,3459663.6799999997,BLOCK INC,XYZ,026367,2016-12-31,1211.362,635.209,576.153,451.917,-15.167,4968.7756,13.63,296012860.0,7655.528957751091,6004.765539709069,-228104.6798971451,3459722.7359999996,7655.659636614688,-0.49742787855787113,-0.5081487802104081,-0.4974528873448915,0.2281238348437183,-0.31872642781736316,crypto
92213,2017-03-23,-0.045845,-0.045845,3.33,8864.0,4504.0,14998.32,RIOT PLATFORMS INC,RIOT,148170,2016-12-31,17.041,2.121,14.92,0.031,-2.287,17.2954,3.84,4869483.0,483816.77419354836,1005.2493297587131,-6558.07608220376,14985.520999999999,483403.9032258064,-0.19812339020798417,-0.4122676150839278,-0.1981760902923221,0.0716083561785193,-0.1842396848514287,crypto
15488,2017-03-23,-0.001158,-0.001158,43.14,7176360.0,1207583.0,52095130.62,PAYPAL HOLDINGS INC,PYPL,024616,2016-12-31,33103.0,18391.0,14712.0,2981.0,390.0,47640.29,39.47,503251854.0,17475.72311975847,3540.995827895595,133577.258,52098809.62,17476.95726937269,-1.0498520810795806,-0.8677216704525514,-1.0497952916796667,-0.8971061020156257,-0.9661187863068561,crypto
15826,2017-03-24,-0.001204,-0.001204,16.59,4008488.0,208288.0,3455497.92,BLOCK INC,XYZ,026367,2016-12-31,1211.362,635.209,576.153,451.917,-15.167,4968.7756,13.63,296012860.0,7646.310981883842,5997.53523803573,-227830.02043911122,3455556.976,7646.441660747438,-0.49838724864629047,-0.509114215287062,-0.4984121945592331,0.22836721382564523,-0.31938661116673506,crypto
15488,2017-03-24,-0.000232,-0.000232,43.13,5739538.0,1207583.0,52083054.79000001,PAYPAL HOLDINGS INC,PYPL,024616,2016-12-31,33103.0,18391.0,14712.0,2981.0,390.0,47640.29,39.47,503251854.0,17471.67218718551,3540.175012914628,133546.29433333335,52086733.79000001,17472.906336799733,-1.0508141958790478,-0.8683047015841083,-1.0507572098399123,-0.8979648376219578,-0.9669602362312566,crypto
92213,2017-03-24,0.012012,0.012012,3.37,9875.0,4504.0,15178.480000000001,RIOT PLATFORMS INC,RIOT,148170,2016-12-31,17.041,2.121,14.92,0.031,-2.287,17.2954,3.84,4869483.0,489628.38709677424,1017.324396782842,-6636.851770878881,15165.681,489215.5161290323,-0.19484935244409787,-0.4093863815481259,-0.1949020040122131,0.06559096344635229,-0.18338669363952115,crypto
15826,2017-03-27,0.039783,0.039783,17.25,6935536.0,208288.0,3592968.0,BLOCK INC,XYZ,026367,2016-12-31,1211.362,635.209,576.153,451.917,-15.167,4968.7756,13.63,296012860.0,7950.50418550309,6236.135193255958,-236893.78255422958,3593027.056,7950.634864366687,-0.4667280357284488,-0.47725485775747994,-0.4667550564859604,0.22033570742205613,-0.29760056063745827,crypto
15488,2017-03-27,-0.001159,-0.001159,43.08,3850321.0,1207583.0,52022675.64,PAYPAL HOLDINGS INC,PYPL,024616,2016-12-31,33103.0,18391.0,14712.0,2981.0,390.0,47640.29,39.47,503251854.0,17451.4175243207,3536.070938009788,133391.476,52026354.64,17452.65167393492,-1.0556247698763883,-0.8712198572418963,-1.0555668006411458,-0.9022585156536216,-0.9711674858532631,crypto
92213,2017-03-27,0.032641,0.032641,3.48,34973.0,4504.0,15673.92,RIOT PLATFORMS INC,RIOT,148170,2016-12-31,17.041,2.121,14.92,0.031,-2.287,17.2954,3.84,4869483.0,505610.32258064515,1050.5308310991957,-6853.484914735462,15661.121,505197.4516129032,-0.18584574859341071,-0.401462989324671,-0.18589826674191343,0.04904313343289327,-0.18104096780677548,crypto
15488,2017-03-28,0.001625,0.001625,43.15,4396544.0,1207583.0,52107206.449999996,PAYPAL HOLDINGS INC,PYPL,024616,2016-12-31,33103.0,18391.0,14712.0,2981.0,390.0,47640.29,39.47,503251854.0,17479.77405233143,3541.816642876563,133608.22166666665,52110885.449999996,17481.008201945653,-1.0488899662801128,-0.8671386393209939,-1.04883337351942,-0.8962473664092936,-0.965277336382455,crypto
92213,2017-03-28,0.008621,0.008621,3.51,1175.0,4504.0,15809.039999999999,RIOT PLATFORMS INC,RIOT,148170,2016-12-31,17.041,2.121,14.92,0.031,-2.287,17.2954,3.84,4869483.0,509969.0322580645,1059.5871313672922,-6912.566681241801,15796.240999999998,509556.16129032255,-0.183390220270496,-0.39930206417281966,-0.18344270203183172,0.044530088883768124,-0.1804012243978448,crypto
15826,2017-03-28,-0.001159,-0.001159,17.23,7385346.0,208288.0,3588802.24,BLOCK INC,XYZ,026367,2016-12-31,1211.362,635.209,576.153,451.917,-15.167,4968.7756,13.63,296012860.0,7941.286209635841,6228.904891582618,-236619.12309619572,3588861.296,7941.416888499438,-0.4676874058168682,-0.478220292834134,-0.4677143637003019,0.22057908640398305,-0.2982607439868302,crypto
15826,2017-03-29,-0.00058,-0.00058,17.22,5381470.0,208288.0,3586719.36,BLOCK INC,XYZ,026367,2016-12-31,1211.362,635.209,576.153,451.917,-15.167,4968.7756,13.63,296012860.0,7936.677221702215,6225.289740745947,-236481.79336717873,3586778.4159999997,7936.807900565812,-0.468167090861078,-0.4787030103724611,-0.4681940173074728,0.22070077589494655,-0.29859083566151634,crypto
92213,2017-03-29,0.143333,0.143333,4.0131,103509.0,4504.0,18075.002399999998,RIOT PLATFORMS INC,RIOT,148170,2016-12-31,17.041,2.121,14.92,0.031,-2.287,17.2954,3.84,4869483.0,583064.593548387,1211.4612868632705,-7903.367905553126,18062.2034,582651.7225806451,-0.1422110102952166,-0.3630633493762725,-0.142262881843761,-0.031153668205061328,-0.16967272743007786,crypto
15488,2017-03-29,0.002086,0.002086,43.24,3951121.0,1207583.0,52215888.92,PAYPAL HOLDINGS INC,PYPL,024616,2016-12-31,33103.0,18391.0,14712.0,2981.0,390.0,47640.29,39.47,503251854.0,17516.23244548809,3549.2039777052746,133886.89466666666,52219567.92,17517.466595102316,-1.0402309330849002,-0.8618913591369759,-1.0401761100771993,-0.8885187459522997,-0.9577042870628438,crypto
92213,2017-03-30,-0.015724,-0.015724,3.95,86413.0,4504.0,17790.8,RIOT PLATFORMS INC,RIOT,148170,2016-12-31,17.041,2.121,14.92,0.031,-2.287,17.2954,3.84,4869483.0,573896.7741935484,1192.4128686327078,-7779.099256668124,17778.001,573483.9032258064,-0.14737580486774718,-0.3676084952789998,-0.14742775295063293,-0.021661231170068074,-0.171018321066862,crypto
15826,2017-03-30,0.005807,0.005807,17.32,4580854.0,208288.0,3607548.16,BLOCK INC,XYZ,026367,2016-12-31,1211.362,635.209,576.153,451.917,-15.167,4968.7756,13.63,296012860.0,7982.767101038466,6261.441249112649,-237855.0906573482,3607607.216,7982.897779902062,-0.46337024041898073,-0.473875834989191,-0.4633974812357648,0.21948388098531182,-0.29528991891465617,crypto
15488,2017-03-30,0.006938,0.006938,43.54,5691682.0,1207583.0,52578163.82,PAYPAL HOLDINGS INC,PYPL,024616,2016-12-31,33103.0,18391.0,14712.0,2981.0,390.0,47640.29,39.47,503251854.0,17637.760422676954,3573.8284271343123,134815.80466666666,52581842.82,17638.994572291176,-1.011367489100859,-0.8444004251902502,-1.0113185652698014,-0.8627566777623211,-0.9324607893308079,crypto
15488,2017-03-31,-0.011943,-0.011943,43.02,5177925.0,1196000.0,51451920.00000001,PAYPAL HOLDINGS INC,PYPL,024616,2017-03-31,33493.0,18867.0,14626.0,2975.0,384.0,51451.92,43.02,400925719.0,17294.763025210086,3517.839463968276,133989.37500000003,51456161.00000001,17296.188571428575,-1.0928309216162493,-0.8841698120878103,-1.0927198998346317,-0.8856765918841274,-0.9888493063557047,crypto
15826,2017-03-31,-0.002309,-0.002309,17.28,2356270.0,208288.0,3599216.64,BLOCK INC,XYZ,026367,2017-03-31,1591.113,963.18,627.933,461.554,-15.09,6451.7645,17.28,378048795.0,7798.040185980406,5731.8482067354325,-238516.675944334,3599551.887,7798.766530026823,-0.4825958794730319,-0.5445904085384672,-0.4825598699135895,0.21889764246741383,-0.3227121288644187,crypto
92213,2017-03-31,0.012658,0.012658,4.0,17998.0,5410.0,21640.0,RIOT PLATFORMS INC,RIOT,148170,2017-03-31,13.322,1.916,11.406,0.024,-4.354,19.64,4.0,1584003.0,901666.6666666666,1897.2470629493248,-4970.142397795131,21630.510000000002,901271.2500000001,0.03727706580543089,-0.19942790350365766,0.03723768721848387,0.19290492333555592,0.016997943213953252,crypto
92213,2017-04-03,-0.0325,-0.0325,3.87,15453.0,5410.0,20936.7,RIOT PLATFORMS INC,RIOT,148170,2017-03-31,13.322,1.916,11.406,0.024,-4.354,19.64,4.0,1584003.0,872362.5,1835.5865334034718,-4808.61276986679,20927.210000000003,871967.0833333335,0.02076823256008016,-0.21414073161532018,0.02072860933752159,0.20524359311392132,0.008149925849050721,crypto
15826,2017-04-03,-0.014468,-0.014468,17.03,8709084.0,208288.0,3547144.64,BLOCK INC,XYZ,026367,2017-03-31,1591.113,963.18,627.933,461.554,-15.09,6451.7645,17.28,378048795.0,7685.221317548977,5648.922162077802,-235065.91385023194,3547479.887,7685.947661595394,-0.4943376164162782,-0.5556632123988997,-0.49430083734057556,0.2219554034174519,-0.3305865656845754,crypto
15488,2017-04-03,-0.009066,-0.009066,42.63,7772986.0,1196000.0,50985480.0,PAYPAL HOLDINGS INC,PYPL,024616,2017-03-31,33493.0,18867.0,14626.0,2975.0,384.0,51451.92,43.02,400925719.0,17137.976470588233,3485.948311226583,132774.6875,50989721.0,17139.40201680672,-1.130068437137024,-0.9068223407340801,-1.1299498046668863,-0.9193643142732881,-1.0215512242028195,crypto
92213,2017-04-04,0.010336,0.010336,3.91,17864.0,5410.0,21153.100000000002,RIOT PLATFORMS INC,RIOT,148170,2017-03-31,13.322,1.916,11.406,0.024,-4.354,19.64,4.0,1584003.0,881379.1666666667,1854.5590040329653,-4858.314193844741,21143.610000000004,880983.7500000001,0.025847873558649665,-0.20961370758096243,0.02580832560858689,0.20144707933596273,0.010872392730559219,crypto
15826,2017-04-04,0.000587,0.000587,17.04,5979232.0,208288.0,3549227.52,BLOCK INC,XYZ,026367,2017-03-31,1591.113,963.18,627.933,461.554,-15.09,6451.7645,17.28,378048795.0,7689.734072286234,5652.2392038641065,-235203.94433399604,3549562.767,7690.46041633265,-0.4938679469385484,-0.5552203002444824,-0.49383119864349617,0.22183309297945036,-0.33027158821176916,crypto
15488,2017-04-04,0.002111,0.002111,42.72,4681835.0,1196000.0,51093120.0,PAYPAL HOLDINGS INC,PYPL,024616,2017-03-31,33493.0,18867.0,14626.0,2975.0,384.0,51451.92,43.02,400925719.0,17174.157983193276,3493.307808013127,133055.0,51097361.0,17175.583529411764,-1.1214751643245375,-0.9015948341234026,-1.1213582881671353,-0.9115902244911743,-1.0140046277765624,crypto
15488,2017-04-05,0.003979,0.003979,42.89,5292287.0,1201129.0,51516422.81,PAYPAL HOLDINGS INC,PYPL,024616,2017-03-31,33493.0,18867.0,14626.0,2975.0,384.0,51451.92,43.02,400925719.0,17316.444642016806,3522.249610966772,134157.35106770834,51520663.81,17317.870188235294,-1.0876814396067556,-0.8810372510911336,-1.0875714702880392,-0.8810180018048022,-0.9843270406976826,crypto
92213,2017-04-05,-0.025576,-0.025576,3.81,17636.0,5410.0,20612.1,RIOT PLATFORMS INC,RIOT,148170,2017-03-31,13.322,1.916,11.406,0.024,-4.354,19.64,4.0,1584003.0,858837.4999999999,1807.1278274592319,-4734.060633899861,20602.61,858442.0833333334,0.013148771062225902,-0.22093126766685675,0.013109034930923538,0.2109383637808593,0.004066225526787995,crypto
15826,2017-04-05,-0.017019,-0.017019,16.75,5388480.0,208288.0,3488824.0,BLOCK INC,XYZ,026367,2017-03-31,1591.113,963.18,627.933,461.554,-15.09,6451.7645,17.28,378048795.0,7558.864184905775,5556.044992061255,-231201.06030483765,3489159.247,7559.5905289521925,-0.5074883617927143,-0.568064752722584,-0.5074507208587999,0.2253800956814945,-0.33940593492315096,crypto
15826,2017-04-06,0.014925,0.014925,17.0,4800134.0,208288.0,3540896.0,BLOCK INC,XYZ,026367,2017-03-31,1591.113,963.18,627.933,461.554,-15.09,6451.7645,17.28,378048795.0,7671.683053337205,5638.971036718885,-234651.8223989397,3541231.247,7672.409397383622,-0.4957466248494678,-0.5569919488621516,-0.49570975343181395,0.22232233473145646,-0.3315314981029942,crypto
92213,2017-04-06,0.086614,0.086614,4.14,18350.0,5410.0,22397.399999999998,RIOT PLATFORMS INC,RIOT,148170,2017-03-31,13.322,1.916,11.406,0.024,-4.354,19.64,4.0,1584003.0,933224.9999999999,1963.650710152551,-5144.09738171796,22387.91,932829.5833333333,0.05505580930042396,-0.18358331938340575,0.05501669416721239,0.17961712511270084,0.026526577299232863,crypto
15488,2017-04-06,0.000233,0.000233,42.9,5395420.0,1201129.0,51528434.1,PAYPAL HOLDINGS INC,PYPL,024616,2017-03-31,33493.0,18867.0,14626.0,2975.0,384.0,51451.92,43.02,400925719.0,17320.482050420167,3523.070839600711,134188.63046875,51532675.1,17321.907596638655,-1.0867225368587077,-0.8804539261387204,-1.0866127635227263,-0.8801505097306758,-0.9834849340627075,crypto
15488,2017-04-07,0.003263,0.003263,43.04,4861189.0,1201129.0,51696592.16,PAYPAL HOLDINGS INC,PYPL,024616,2017-03-31,33493.0,18867.0,14626.0,2975.0,384.0,51451.92,43.02,400925719.0,17377.005768067225,3534.5680404758646,134626.54208333333,51700833.16,17378.431314285714,-1.0732978983860357,-0.8722873768049348,-1.0731908688083442,-0.8680056206929008,-0.9716954411730538,crypto
15826,2017-04-07,-0.018235,-0.018235,16.69,4319486.0,208288.0,3476326.72,BLOCK INC,XYZ,026367,2017-03-31,1591.113,963.18,627.933,461.554,-15.09,6451.7645,17.28,378048795.0,7531.787656482233,5536.142741343424,-230372.87740225316,3476661.967,7532.514000528649,-0.5103063786590932,-0.5707222256490878,-0.5102685530412766,0.22611395830950362,-0.3412957997599885,crypto
92213,2017-04-07,-0.028986,-0.028986,4.02,14990.0,5410.0,21748.199999999997,RIOT PLATFORMS INC,RIOT,148170,2017-03-31,13.322,1.916,11.406,0.024,-4.354,19.64,4.0,1584003.0,906174.9999999999,1906.7332982640712,-4994.993109784105,21738.71,905779.5833333333,0.039816886304715575,-0.19716439148647885,0.03977754535401642,0.19100666644657668,0.01835917665470746,crypto
15826,2017-04-10,0.017975,0.017975,16.99,3781535.0,208288.0,3538813.1199999996,BLOCK INC,XYZ,026367,2017-03-31,1591.113,963.18,627.933,461.554,-15.09,6451.7645,17.28,378048795.0,7667.170298599946,5635.65399493258,-234513.7919151756,3539148.3669999996,7667.896642646364,-0.4962162943271978,-0.557434861016569,-0.4961793921288934,0.222444645169458,-0.33184647557580055,crypto
15488,2017-04-10,0.000232,0.000232,43.05,4579501.0,1201129.0,51708603.449999996,PAYPAL HOLDINGS INC,PYPL,024616,2017-03-31,33493.0,18867.0,14626.0,2975.0,384.0,51451.92,43.02,400925719.0,17381.043176470586,3535.389269109804,134657.821484375,51712844.449999996,17382.468722689075,-1.0723389956379876,-0.8717040518525216,-1.0722321620430313,-0.8671381286187743,-0.9708533345380788,crypto
92213,2017-04-10,0.039801,0.039801,4.18,9803.0,5410.0,22613.8,RIOT PLATFORMS INC,RIOT,148170,2017-03-31,13.322,1.916,11.406,0.024,-4.354,19.64,4.0,1584003.0,942241.6666666666,1982.6231807820443,-5193.798805695911,22604.31,941846.25,0.06013545029899346,-0.17905629534904802,0.06009641043827775,0.17582061133474225,0.02924904418074136,crypto
15488,2017-04-11,-0.008362,-0.008362,42.69,4856260.0,1201129.0,51276197.01,PAYPAL HOLDINGS INC,PYPL,024616,2017-03-31,33493.0,18867.0,14626.0,2975.0,384.0,51451.92,43.02,400925719.0,17235.696473949578,3505.82503828798,133531.76304687498,51280438.01,17237.122020168066,-1.1068594945677162,-0.8927037501393996,-1.1067456055942997,-0.8983678432873383,-1.0011691733971884,crypto
15826,2017-04-11,-0.00412,-0.00412,16.92,3198961.0,208288.0,3524232.9600000004,BLOCK INC,XYZ,026367,2017-03-31,1591.113,963.18,627.933,461.554,-15.09,6451.7645,17.28,378048795.0,7635.581015439148,5612.434702428444,-233547.57852882706,3524568.2070000004,7636.307359485565,-0.4995039806713066,-0.56053524609749,-0.4994668630084494,0.22330081823546863,-0.33405131788544434,crypto
92213,2017-04-11,-0.011962,-0.011962,4.13,8761.0,5410.0,22343.3,RIOT PLATFORMS INC,RIOT,148170,2017-03-31,13.322,1.916,11.406,0.024,-4.354,19.64,4.0,1584003.0,930970.8333333333,1958.9075924951778,-5131.672025723472,22333.81,930575.4166666667,0.05378589905078161,-0.18471507539199514,0.05374676509944614,0.18056625355719053,0.02584596057885579,crypto
15826,2017-04-12,0.022459,0.022459,17.3,11161398.0,208288.0,3603382.4000000004,BLOCK INC,XYZ,026367,2017-03-31,1591.113,963.18,627.933,461.554,-15.09,6451.7645,17.28,378048795.0,7807.065695454921,5738.482290308043,-238792.7369118622,3603717.6470000003,7807.792039501338,-0.48165654051757206,-0.5437045842296326,-0.4816205925194305,0.21865302159141078,-0.3220821739188061,crypto
92213,2017-04-12,0.0,0.0,4.13,12633.0,5410.0,22343.3,RIOT PLATFORMS INC,RIOT,148170,2017-03-31,13.322,1.916,11.406,0.024,-4.354,19.64,4.0,1584003.0,930970.8333333333,1958.9075924951778,-5131.672025723472,22333.81,930575.4166666667,0.05378589905078161,-0.18471507539199514,0.05374676509944614,0.18056625355719053,0.02584596057885579,crypto
15488,2017-04-12,-0.004685,-0.004685,42.49,5800144.0,1201129.0,51035971.21,PAYPAL HOLDINGS INC,PYPL,024616,2017-03-31,33493.0,18867.0,14626.0,2975.0,384.0,51451.92,43.02,400925719.0,17154.948305882353,3489.4004656091893,132906.17502604166,51040212.21,17156.37385210084,-1.1260375495286759,-0.9043702491876651,-1.1259197409005592,-0.9157176847698736,-1.0180113060966933,crypto
15488,2017-04-13,0.001412,0.001412,42.55,3651522.0,1201129.0,51108038.949999996,PAYPAL HOLDINGS INC,PYPL,024616,2017-03-31,33493.0,18867.0,14626.0,2975.0,384.0,51451.92,43.02,400925719.0,17179.17275630252,3494.3278374128263,133093.85143229165,51112279.949999996,17180.598302521008,-1.120284133040388,-0.9008702994731855,-1.1201675003086817,-0.9105127323251133,-1.0129586662868422,crypto
92213,2017-04-13,-0.026634,-0.026634,4.02,14775.0,5410.0,21748.199999999997,RIOT PLATFORMS INC,RIOT,148170,2017-03-31,13.322,1.916,11.406,0.024,-4.354,19.64,4.0,1584003.0,906174.9999999999,1906.7332982640712,-4994.993109784105,21738.71,905779.5833333333,0.039816886304715575,-0.19716439148647885,0.03977754535401642,0.19100666644657668,0.01835917665470746,crypto
15826,2017-04-13,-0.021965,-0.021965,16.92,5285972.0,208288.0,3524232.9600000004,BLOCK INC,XYZ,026367,2017-03-31,1591.113,963.18,627.933,461.554,-15.09,6451.7645,17.28,378048795.0,7635.581015439148,5612.434702428444,-233547.57852882706,3524568.2070000004,7636.307359485565,-0.4995039806713066,-0.56053524609749,-0.4994668630084494,0.22330081823546863,-0.33405131788544434,crypto
15488,2017-04-17,0.012926,0.012926,43.1,3151602.0,1201129.0,51768659.9,PAYPAL HOLDINGS INC,PYPL,024616,2017-03-31,33493.0,18867.0,14626.0,2975.0,384.0,51451.92,43.02,400925719.0,17401.230218487395,3539.495412279502,134814.21848958332,51772900.9,17402.655764705883,-1.067544481897747,-0.8687874270904551,-1.0674386282164656,-0.8628006682481405,-0.966642801363202,crypto
15826,2017-04-17,0.009456,0.009456,17.08,2195952.0,208288.0,3557559.0399999996,BLOCK INC,XYZ,026367,2017-03-31,1591.113,963.18,627.933,461.554,-15.09,6451.7645,17.28,378048795.0,7707.7850912352615,5665.507371009327,-235756.06626905233,3557894.2869999995,7708.511435281678,-0.4919892690276291,-0.5534486516268133,-0.49195264385517845,0.2213438512274443,-0.3290116783205441,crypto
92213,2017-04-17,0.032338,0.032338,4.15,19931.0,5410.0,22451.500000000004,RIOT PLATFORMS INC,RIOT,148170,2017-03-31,13.322,1.916,11.406,0.024,-4.354,19.64,4.0,1584003.0,935479.1666666667,1968.393827809925,-5156.522737712449,22442.010000000006,935083.7500000002,0.05632571955006643,-0.1824515633748162,0.05628662323497889,0.1786679966682111,0.027207194019610057,crypto
15826,2017-04-18,-0.005855,-0.005855,16.98,3282058.0,208288.0,3536730.24,BLOCK INC,XYZ,026367,2017-03-31,1591.113,963.18,627.933,461.554,-15.09,6451.7645,17.28,378048795.0,7662.6575438626905,5632.336953146276,-234375.76143141155,3537065.487,7663.383887909108,-0.4966859638049275,-0.5578777731709861,-0.4966490308259727,0.22256695560745948,-0.33216145304860667,crypto
92213,2017-04-18,-0.053012,-0.053012,3.93,17764.0,5410.0,21261.3,RIOT PLATFORMS INC,RIOT,148170,2017-03-31,13.322,1.916,11.406,0.024,-4.354,19.64,4.0,1584003.0,885887.5,1864.0452393477115,-4883.164905833716,21251.81,885492.0833333334,0.028387694057934353,-0.20735019556378367,0.028348183744119508,0.19954882244698344,0.012233626171313405,crypto
15488,2017-04-18,-0.000232,-0.000232,43.09,3711648.0,1201129.0,51756648.61000001,PAYPAL HOLDINGS INC,PYPL,024616,2017-03-31,33493.0,18867.0,14626.0,2975.0,384.0,51451.92,43.02,400925719.0,17397.192810084034,3538.674183645563,134782.9390885417,51760889.61000001,17398.618356302522,-1.0685033846457952,-0.869370752042868,-1.0683973349817786,-0.8636681603222661,-0.967484907998177,crypto
92213,2017-04-19,0.015267,0.015267,3.99,16106.0,5410.0,21585.9,RIOT PLATFORMS INC,RIOT,148170,2017-03-31,13.322,1.916,11.406,0.024,-4.354,19.64,4.0,1584003.0,899412.5,1892.5039452919516,-4957.7170418006435,21576.410000000003,899017.0833333335,0.036007155555788546,-0.20055965951224705,0.03596775815071756,0.19385405178004553,0.016317326493576145,crypto
15488,2017-04-19,0.004874,0.004874,43.3,4913855.0,1201129.0,52008885.699999996,PAYPAL HOLDINGS INC,PYPL,024616,2017-03-31,33493.0,18867.0,14626.0,2975.0,384.0,51451.92,43.02,400925719.0,17481.97838655462,3555.9199849582933,135439.80651041665,52013126.699999996,17483.403932773108,-1.0483664269367874,-0.8571209280421893,-1.048264492910206,-0.8454508267656052,-0.9498006686636971,crypto
15826,2017-04-19,0.012957,0.012957,17.2,3799343.0,208288.0,3582553.5999999996,BLOCK INC,XYZ,026367,2017-03-31,1591.113,963.18,627.933,461.554,-15.09,6451.7645,17.28,378048795.0,7761.938148082348,5705.31187244499,-237412.43207422132,3582888.8469999996,7762.664492128764,-0.4863532352948708,-0.5481337057738057,-0.4863169794902252,0.21987612597142603,-0.3252319486468689,crypto
92213,2017-04-20,-0.032582,-0.032582,3.86,9492.0,5410.0,20882.6,RIOT PLATFORMS INC,RIOT,148170,2017-03-31,13.322,1.916,11.406,0.024,-4.354,19.64,4.0,1584003.0,870108.3333333333,1830.8434157460983,-4796.187413872301,20873.11,869712.9166666666,0.01949832231043775,-0.21527248762390963,0.019458680269755148,0.20619272155841106,0.007469309128673579,crypto
15826,2017-04-20,0.029651,0.029651,17.71,4897124.0,208288.0,3688780.48,BLOCK INC,XYZ,026367,2017-03-31,1591.113,963.18,627.933,461.554,-15.09,6451.7645,17.28,378048795.0,7992.088639682464,5874.481003546557,-244451.98674618953,3689115.727,7992.814983728881,-0.4624000919306482,-0.5255451858985235,-0.46236540593917347,0.2136382936333484,-0.3091680975337492,crypto
15488,2017-04-20,0.009007,0.009007,43.69,4811155.0,1201129.0,52477326.01,PAYPAL HOLDINGS INC,PYPL,024616,2017-03-31,33493.0,18867.0,14626.0,2975.0,384.0,51451.92,43.02,400925719.0,17639.437314285715,3587.947901681936,136659.70315104167,52481567.01,17640.8628605042,-1.0109692197629143,-0.8343712548980714,-1.0108749290629988,-0.8116186358746603,-0.9169585098996612,crypto
15488,2017-04-21,0.002747,0.002747,43.81,8015796.0,1201258.0,52627112.980000004,PAYPAL HOLDINGS INC,PYPL,024616,2017-03-31,33493.0,18867.0,14626.0,2975.0,384.0,51451.92,43.02,400925719.0,17689.785875630252,3598.189045535348,137049.7733854167,52631353.980000004,17691.21142184874,-0.9990112088286364,-0.8270968924318097,-0.9989193621343221,-0.8008005631045856,-0.9064570066248384,crypto
92213,2017-04-21,-0.012953,-0.012953,3.81,29936.0,5410.0,20612.1,RIOT PLATFORMS INC,RIOT,148170,2017-03-31,13.322,1.916,11.406,0.024,-4.354,19.64,4.0,1584003.0,858837.4999999999,1807.1278274592319,-4734.060633899861,20602.61,858442.0833333334,0.013148771062225902,-0.22093126766685675,0.013109034930923538,0.2109383637808593,0.004066225526787995,crypto
15826,2017-04-21,-0.012422,-0.012422,17.49,5177302.0,208288.0,3642957.1199999996,BLOCK INC,XYZ,026367,2017-03-31,1591.113,963.18,627.933,461.554,-15.09,6451.7645,17.28,378048795.0,7892.8080354628055,5801.5060842478415,-241415.3161033797,3643292.3669999996,7893.534379509223,-0.4727328204407051,-0.5352892532957041,-0.47269745727492124,0.2163291232693819,-0.31609760193548714,crypto
15488,2017-04-24,0.0105,0.0105,44.27,4643797.0,1201258.0,53179691.660000004,PAYPAL HOLDINGS INC,PYPL,024616,2017-03-31,33493.0,18867.0,14626.0,2975.0,384.0,51451.92,43.02,400925719.0,17875.52660840336,3635.9696198550528,138488.78036458333,53183932.660000004,17876.95215462185,-0.9548969451013646,-0.8002610627902313,-0.9548141145810841,-0.7608916419785926,-0.8677159411128181,crypto
92213,2017-04-24,0.010499,0.010499,3.85,12592.0,5410.0,20828.5,RIOT PLATFORMS INC,RIOT,148170,2017-03-31,13.322,1.916,11.406,0.024,-4.354,19.64,4.0,1584003.0,867854.1666666666,1826.1002980887251,-4783.762057877813,20819.010000000002,867458.7500000001,0.018228412060795406,-0.21640424363249905,0.018188751201988904,0.20714185000290067,0.006788692408296479,crypto
15826,2017-04-24,0.020583,0.020583,17.85,5380808.0,208288.0,3717940.8000000003,BLOCK INC,XYZ,026367,2017-03-31,1591.113,963.18,627.933,461.554,-15.09,6451.7645,17.28,378048795.0,8055.267206004066,5920.919588554831,-246384.4135188867,3718276.0470000003,8055.993550050483,-0.4558247192424301,-0.5193444157366813,-0.4557904641800612,0.21192594750132707,-0.3047584129144614,crypto
15488,2017-04-25,0.009939,0.009939,44.71,7827949.0,1201258.0,53708245.18,PAYPAL HOLDINGS INC,PYPL,024616,2017-03-31,33493.0,18867.0,14626.0,2975.0,384.0,51451.92,43.02,400925719.0,18053.191657142856,3672.107560508683,139865.22182291668,53712486.18,18054.617203361344,-0.9127006928404962,-0.7745920083504608,-0.9126264864866828,-0.7227178913363376,-0.8306592697534944,crypto
92213,2017-04-25,-0.023377,-0.023377,3.76,12025.0,5410.0,20341.6,RIOT PLATFORMS INC,RIOT,148170,2017-03-31,13.322,1.916,11.406,0.024,-4.354,19.64,4.0,1584003.0,847566.6666666666,1783.4122391723652,-4671.933853927422,20332.11,847171.25,0.006799219814014119,-0.22659004770980393,0.006759389592091863,0.21568400600330756,0.0006631419249024037,crypto
15826,2017-04-25,0.020728,0.020728,18.22,7965525.0,208288.0,3795007.36,BLOCK INC,XYZ,026367,2017-03-31,1591.113,963.18,627.933,461.554,-15.09,6451.7645,17.28,378048795.0,8222.23913128258,6043.650134648123,-251491.54141815772,3795342.607,8222.965475328998,-0.43844694856642563,-0.5029566660232415,-0.4384138323881218,0.2074004612952708,-0.29310424642062954,crypto
15826,2017-04-26,-0.007684,-0.007684,18.08,4504943.0,208288.0,3765847.0399999996,BLOCK INC,XYZ,026367,2017-03-31,1591.113,963.18,627.933,461.554,-15.09,6451.7645,17.28,378048795.0,8159.060564960979,5997.211549639849,-249559.11464546053,3766182.2869999995,8159.786909007396,-0.4450223212546437,-0.5091574361850837,-0.44498877414723415,0.20911280742729213,-0.29751393103991736,crypto
15488,2017-04-26,-0.00671,-0.00671,44.41,9846931.0,1201258.0,53347867.779999994,PAYPAL HOLDINGS INC,PYPL,024616,2017-03-31,33493.0,18867.0,14626.0,2975.0,384.0,51451.92,43.02,400925719.0,17932.056396638654,3647.468055517571,138926.73901041664,53352108.779999994,17933.48194285714,-0.941470864836543,-0.7920936363775775,-0.94139077836923,-0.7487454485924213,-0.855925182043943,crypto
92213,2017-04-26,0.0,0.0,3.76,22273.0,5410.0,20341.6,RIOT PLATFORMS INC,RIOT,148170,2017-03-31,13.322,1.916,11.406,0.024,-4.354,19.64,4.0,1584003.0,847566.6666666666,1783.4122391723652,-4671.933853927422,20332.11,847171.25,0.006799219814014119,-0.22659004770980393,0.006759389592091863,0.21568400600330756,0.0006631419249024037,crypto
15826,2017-04-27,0.008296,0.008296,18.23,5680420.0,208288.0,3797090.24,BLOCK INC,XYZ,026367,2017-03-31,1591.113,963.18,627.933,461.554,-15.09,6451.7645,17.28,378048795.0,8226.751886019838,6046.967176434429,-251629.57190192182,3797425.487,8227.478230066255,-0.4379772790886957,-0.502513753868824,-0.4379441936910423,0.20727815085726925,-0.2927892689478232,crypto
92213,2017-04-27,-0.010638,-0.010638,3.72,7016.0,5410.0,20125.2,RIOT PLATFORMS INC,RIOT,148170,2017-03-31,13.322,1.916,11.406,0.024,-4.354,19.64,4.0,1584003.0,838550.0,1764.4397685428721,-4622.232429949472,20115.710000000003,838154.5833333335,0.0017195788154446795,-0.23111707174416157,0.0016796733210266276,0.21948051978126606,-0.0020593249566060526,crypto
15488,2017-04-27,0.061698,0.061698,47.15,34420209.0,1201258.0,56639314.699999996,PAYPAL HOLDINGS INC,PYPL,024616,2017-03-31,33493.0,18867.0,14626.0,2975.0,384.0,51451.92,43.02,400925719.0,19038.425109243697,3872.508867769725,147498.21536458333,56643555.699999996,19039.85065546218,-0.6787032939393147,-0.6322454337299143,-0.6786769125086377,-0.511027092320198,-0.6251631831245161,crypto
92213,2017-04-28,-0.018817,-0.018817,3.65,17809.0,5410.0,19746.5,RIOT PLATFORMS INC,RIOT,148170,2017-03-31,13.322,1.916,11.406,0.024,-4.354,19.64,4.0,1584003.0,822770.8333333334,1731.237944941259,-4535.254937988057,19737.010000000002,822375.4166666667,-0.007169792932051856,-0.23903936380428753,-0.007209830153337731,0.22612441889269366,-0.006823641999245865,crypto
15488,2017-04-28,0.012089,0.012089,47.72,11642778.0,1201258.0,57324031.76,PAYPAL HOLDINGS INC,PYPL,024616,2017-03-31,33493.0,18867.0,14626.0,2975.0,384.0,51451.92,43.02,400925719.0,19268.58210420168,3919.323927252837,149281.33270833333,57328272.76,19270.007650420168,-0.6240399671468259,-0.5989923404783932,-0.6240247579317985,-0.4615747335336409,-0.5771579497726647,crypto
15826,2017-04-28,0.000549,0.000549,18.24,4644522.0,208288.0,3799173.1199999996,BLOCK INC,XYZ,026367,2017-03-31,1591.113,963.18,627.933,461.554,-15.09,6451.7645,17.28,378048795.0,8231.264640757094,6050.284218220733,-251767.60238568587,3799508.3669999996,8231.990984803511,-0.43750760961096596,-0.5020708417144069,-0.43747455499396304,0.20715584041926774,-0.292474291475017,crypto
92213,2017-05-01,0.00274,0.00274,3.66,18188.0,5410.0,19800.600000000002,RIOT PLATFORMS INC,RIOT,148170,2017-03-31,13.322,1.916,11.406,0.024,-4.354,19.64,4.0,1584003.0,825025.0000000001,1735.9810625986324,-4547.680293982545,19791.110000000004,824629.5833333335,-0.005899882682409447,-0.23790760779569808,-0.0059399010855713565,0.225175290448204,-0.006143025278868723,crypto
15488,2017-05-01,-0.003772,-0.003772,47.54,14537516.0,1201258.0,57107805.32,PAYPAL HOLDINGS INC,PYPL,024616,2017-03-31,33493.0,18867.0,14626.0,2975.0,384.0,51451.92,43.02,400925719.0,19195.90094789916,3904.5402242581704,148718.24302083332,57112046.32,19197.326494117646,-0.6413020703444534,-0.6094933172946628,-0.6412833330613267,-0.47719126788729066,-0.5923174971469334,crypto
15826,2017-05-01,0.020285,0.020285,18.61,5865160.0,208288.0,3876239.6799999997,BLOCK INC,XYZ,026367,2017-03-31,1591.113,963.18,627.933,461.554,-15.09,6451.7645,17.28,378048795.0,8398.23656603561,6173.014764314027,-256874.7302849569,3876574.9269999997,8398.962910082028,-0.4201298389349613,-0.4856830920009668,-0.4200979232020236,0.20263035421321143,-0.2808201249811851,crypto
15488,2017-05-02,0.031763,0.031763,49.05,16820809.0,1201258.0,58921704.9,PAYPAL HOLDINGS INC,PYPL,024616,2017-03-31,33493.0,18867.0,14626.0,2975.0,384.0,51451.92,43.02,400925719.0,19805.615092436976,4028.559066046766,153441.93984375,58925945.9,19807.04063865546,-0.4964922046310176,-0.5214017895581771,-0.4965030639191756,-0.346185896365007,-0.4651457386183443,crypto
15826,2017-05-02,0.010747,0.010747,18.81,9125386.0,208288.0,3917897.28,BLOCK INC,XYZ,026367,2017-03-31,1591.113,963.18,627.933,461.554,-15.09,6451.7645,17.28,378048795.0,8488.491660780754,6239.355600040131,-259635.33996023855,3918232.527,8489.218004827171,-0.4107364493803642,-0.47682484891262095,-0.4107051492604347,0.200184145453181,-0.2745205755250597,crypto
92213,2017-05-02,0.027322,0.027322,3.76,20616.0,5410.0,20341.6,RIOT PLATFORMS INC,RIOT,148170,2017-03-31,13.322,1.916,11.406,0.024,-4.354,19.64,4.0,1584003.0,847566.6666666666,1783.4122391723652,-4671.933853927422,20332.11,847171.25,0.006799219814014119,-0.22659004770980393,0.006759389592091863,0.21568400600330756,0.0006631419249024037,crypto
15488,2017-05-03,-0.000612,-0.000612,49.02,11613055.0,1201258.0,58885667.160000004,PAYPAL HOLDINGS INC,PYPL,024616,2017-03-31,33493.0,18867.0,14626.0,2975.0,384.0,51451.92,43.02,400925719.0,19793.501566386556,4026.095115547655,153348.09156250002,58889908.160000004,19794.927112605044,-0.4993692218306222,-0.5231519523608886,-0.4993794931074293,-0.3487886520906149,-0.46767232984738877,crypto
92213,2017-05-03,-0.00266,-0.00266,3.75,16863.0,5410.0,20287.5,RIOT PLATFORMS INC,RIOT,148170,2017-03-31,13.322,1.916,11.406,0.024,-4.354,19.64,4.0,1584003.0,845312.5,1778.669121514992,-4659.508497932935,20278.010000000002,844917.0833333334,0.0055293095643717755,-0.22772180371839332,0.005489460524325554,0.21663313444779717,-1.747479547470343e-05,crypto
15826,2017-05-03,-0.028176,-0.028176,18.28,14720665.0,208288.0,3807504.64,BLOCK INC,XYZ,026367,2017-03-31,1591.113,963.18,627.933,461.554,-15.09,6451.7645,17.28,378048795.0,8249.315659706124,6063.552385365955,-252319.7243207422,3807839.887,8250.042003752542,-0.4356289317000464,-0.5002991930967375,-0.4355960002056451,0.20666659866726164,-0.2912143815837918,crypto
92213,2017-05-04,-0.010667,-0.010667,3.71,16331.0,5410.0,20071.1,RIOT PLATFORMS INC,RIOT,148170,2017-03-31,13.322,1.916,11.406,0.024,-4.354,19.64,4.0,1584003.0,836295.8333333333,1759.6966508854987,-4609.807073954984,20061.61,835900.4166666666,0.0004496685658022703,-0.23224882775275102,0.00040974425326018764,0.22042964822575573,-0.0027399416769832083,crypto
15488,2017-05-04,-0.002244,-0.002244,48.91,7148798.0,1201258.0,58753528.779999994,PAYPAL HOLDINGS INC,PYPL,024616,2017-03-31,33493.0,18867.0,14626.0,2975.0,384.0,51451.92,43.02,400925719.0,19749.08530420168,4017.060630384247,153003.98119791664,58757769.779999994,19750.510850420167,-0.5099182848958402,-0.5295692159708316,-0.5099264001310305,-0.35833208975117986,-0.4769364976872206,crypto
15826,2017-05-04,0.088621,0.088621,19.9,26533638.0,208288.0,4144931.1999999997,BLOCK INC,XYZ,026367,2017-03-31,1591.113,963.18,627.933,461.554,-15.09,6451.7645,17.28,378048795.0,8980.381927141787,6600.913154747401,-274680.6626905235,4145266.4469999997,8981.108271188203,-0.35954247630781,-0.4285474240811356,-0.35951453127877553,0.1868523077110151,-0.24018803098917652,crypto
92213,2017-05-05,0.013477,0.013477,3.76,16632.0,5410.0,20341.6,RIOT PLATFORMS INC,RIOT,148170,2017-03-31,13.322,1.916,11.406,0.024,-4.354,19.64,4.0,1584003.0,847566.6666666666,1783.4122391723652,-4671.933853927422,20332.11,847171.25,0.006799219814014119,-0.22659004770980393,0.006759389592091863,0.21568400600330756,0.0006631419249024037,crypto
15826,2017-05-05,-0.00603,-0.00603,19.78,9608330.0,208288.0,4119936.64,BLOCK INC,XYZ,026367,2017-03-31,1591.113,963.18,627.933,461.554,-15.09,6451.7645,17.28,378048795.0,8926.2288702947,6561.108653311739,-273024.29688535456,4120271.887,8926.955214341118,-0.3651785100405682,-0.4338623699341431,-0.36515019564372864,0.18832003296703334,-0.24396776066285167,crypto
15488,2017-05-05,0.007974,0.007974,49.3,4876241.0,1201258.0,59222019.4,PAYPAL HOLDINGS INC,PYPL,024616,2017-03-31,33493.0,18867.0,14626.0,2975.0,384.0,51451.92,43.02,400925719.0,19906.561142857143,4049.0919868726924,154224.00885416666,59226260.4,19907.98668907563,-0.4725170613009788,-0.5068170995355802,-0.4725328206837195,-0.32449626531827164,-0.44409081170963755,crypto
92213,2017-05-08,-0.005319,-0.005319,3.74,36423.0,5410.0,20233.4,RIOT PLATFORMS INC,RIOT,148170,2017-03-31,13.322,1.916,11.406,0.024,-4.354,19.64,4.0,1584003.0,843058.3333333334,1773.9260038576188,-4647.083141938448,20223.910000000003,842662.9166666667,0.004259399314729432,-0.2288535597269827,0.004219531456559246,0.21758226289228677,-0.0006980915158518175,crypto
15826,2017-05-08,-0.011122,-0.011122,19.56,6361646.0,208288.0,4074113.28,BLOCK INC,XYZ,026367,2017-03-31,1591.113,963.18,627.933,461.554,-15.09,6451.7645,17.28,378048795.0,8826.948266075042,6488.133734013023,-269987.62624254473,4074448.527,8827.67461012146,-0.3755112385506251,-0.4436064373313237,-0.3754822469794765,0.19101086260306682,-0.25089726506458965,crypto
15488,2017-05-08,-0.002637,-0.002637,49.17,6641007.0,1201258.0,59065855.86,PAYPAL HOLDINGS INC,PYPL,024616,2017-03-31,33493.0,18867.0,14626.0,2975.0,384.0,51451.92,43.02,400925719.0,19854.069196638655,4038.414868043211,153817.33296875,59070096.86,19855.494742857143,-0.48498413583259925,-0.5144011383473305,-0.4849973471661565,-0.33577487346257384,-0.455039373702165,crypto
15488,2017-05-09,0.001017,0.001017,49.22,4774764.0,1201258.0,59125918.76,PAYPAL HOLDINGS INC,PYPL,024616,2017-03-31,33493.0,18867.0,14626.0,2975.0,384.0,51451.92,43.02,400925719.0,19874.25840672269,4042.5214522083957,153973.74677083333,59130159.76,19875.683952941177,-0.48018910716659136,-0.5114842003428114,-0.48020329851906524,-0.3314369472532271,-0.45082838832042377,crypto
92213,2017-05-09,0.013369,0.013369,3.79,48899.0,5410.0,20503.9,RIOT PLATFORMS INC,RIOT,148170,2017-03-31,13.322,1.916,11.406,0.024,-4.354,19.64,4.0,1584003.0,854329.1666666667,1797.6415921444855,-4709.209921910887,20494.410000000003,853933.7500000001,0.010608950562941281,-0.22319477968403556,0.010569176795390921,0.21283662066983852,0.0027049920860337945,crypto
15826,2017-05-09,0.01227,0.01227,19.8,8102357.0,208288.0,4124102.4000000004,BLOCK INC,XYZ,026367,2017-03-31,1591.113,963.18,627.933,461.554,-15.09,6451.7645,17.28,378048795.0,8935.254379769216,6567.74273688435,-273300.3578528827,4124437.6470000003,8935.980723815634,-0.36423917108510845,-0.4329765456253084,-0.36421091824956964,0.1880754120910303,-0.24333780571723906,crypto
15488,2017-05-10,0.011581,0.011581,49.79,6507686.0,1201258.0,59810635.82,PAYPAL HOLDINGS INC,PYPL,024616,2017-03-31,33493.0,18867.0,14626.0,2975.0,384.0,51451.92,43.02,400925719.0,20104.41540168067,4089.3365116915083,155756.86411458332,59814876.82,20105.84094789916,-0.4255257803741025,-0.47823110709128996,-0.4255511439422269,-0.2819845884666699,-0.4028231549685723,crypto
15826,2017-05-10,0.007576,0.007576,19.95,5784532.0,208288.0,4155345.5999999996,BLOCK INC,XYZ,026367,2017-03-31,1591.113,963.18,627.933,461.554,-15.09,6451.7645,17.28,378048795.0,9002.945700828071,6617.498363678927,-275370.8151093439,4155680.8469999996,9003.672044874489,-0.35719412891916086,-0.4263328633090492,-0.35716633779337825,0.1862407555210075,-0.23861314362514519,crypto
92213,2017-05-10,-0.036939,-0.036939,3.65,30157.0,5410.0,19746.5,RIOT PLATFORMS INC,RIOT,148170,2017-03-31,13.322,1.916,11.406,0.024,-4.354,19.64,4.0,1584003.0,822770.8333333334,1731.237944941259,-4535.254937988057,19737.010000000002,822375.4166666667,-0.007169792932051856,-0.23903936380428753,-0.007209830153337731,0.22612441889269366,-0.006823641999245865,crypto
15488,2017-05-11,-0.001808,-0.001808,49.7,5547776.0,1201258.0,59702522.6,PAYPAL HOLDINGS INC,PYPL,024616,2017-03-31,33493.0,18867.0,14626.0,2975.0,384.0,51451.92,43.02,400925719.0,20068.074823529412,4081.944660194175,155475.31927083334,59706763.6,20069.5003697479,-0.4341568319729162,-0.48348159549942477,-0.43418043150699054,-0.2897928556434944,-0.4104029286557065,crypto
15826,2017-05-11,-0.01203,-0.01203,19.71,4439223.0,208288.0,4105356.48,BLOCK INC,XYZ,026367,2017-03-31,1591.113,963.18,627.933,461.554,-15.09,6451.7645,17.28,378048795.0,8894.639587133901,6537.889360807602,-272058.08349900594,4105691.727,8895.365931180317,-0.36846619638467715,-0.43696275501506415,-0.3684376665232849,0.18917620603304403,-0.24617260297249555,crypto
92213,2017-05-11,-0.030137,-0.030137,3.54,10324.0,5410.0,19151.4,RIOT PLATFORMS INC,RIOT,148170,2017-03-31,13.322,1.916,11.406,0.024,-4.354,19.64,4.0,1584003.0,797975.0,1679.0636507101526,-4398.576022048691,19141.910000000003,797579.5833333335,-0.021138805678117895,-0.2514886798987712,-0.021179049898767326,0.23656483178207977,-0.014310425923394161,crypto
15826,2017-05-12,0.018772,0.018772,20.08,7809175.0,208288.0,4182423.0399999996,BLOCK INC,XYZ,026367,2017-03-31,1591.113,963.18,627.933,461.554,-15.09,6451.7645,17.28,378048795.0,9061.611512412415,6660.619906900894,-277165.21139827697,4182758.2869999995,9062.337856458833,-0.35108842570867266,-0.42057500530162434,-0.3510610347313454,0.18465071982698772,-0.23451843647866366,crypto
92213,2017-05-12,0.022599,0.022599,3.62,24998.0,5410.0,19584.2,RIOT PLATFORMS INC,RIOT,148170,2017-03-31,13.322,1.916,11.406,0.024,-4.354,19.64,4.0,1584003.0,816008.3333333334,1717.008591969139,-4497.978870004594,19574.710000000003,815612.9166666667,-0.010979523680978952,-0.24243463183005584,-0.011019617356636723,0.22897180422616256,-0.008865492160377242,crypto
15488,2017-05-12,-0.00664,-0.00664,49.37,4933734.0,1201258.0,59306107.45999999,PAYPAL HOLDINGS INC,PYPL,024616,2017-03-31,33493.0,18867.0,14626.0,2975.0,384.0,51451.92,43.02,400925719.0,19934.826036974788,4054.8412047039515,154442.98817708332,59310348.45999999,19936.251583193276,-0.4658040211685684,-0.5027333863292532,-0.46582115257779244,-0.318423168625186,-0.4381954321752,crypto
15488,2017-05-15,0.008102,0.008102,49.77,4705853.0,1201258.0,59786610.660000004,PAYPAL HOLDINGS INC,PYPL,024616,2017-03-31,33493.0,18867.0,14626.0,2975.0,384.0,51451.92,43.02,400925719.0,20096.33971764706,4087.6938780254345,155694.29859375002,59790851.660000004,20097.76526386555,-0.42744379184050496,-0.4793978822930975,-0.42746876340106266,-0.28371975895040796,-0.4045075491212683,crypto
92213,2017-05-15,0.0221,0.0221,3.7,4501.0,5410.0,20017.0,RIOT PLATFORMS INC,RIOT,148170,2017-03-31,13.322,1.916,11.406,0.024,-4.354,19.64,4.0,1584003.0,834041.6666666666,1754.9535332281255,-4597.381717960496,20007.510000000002,833646.2500000001,-0.0008202416838400732,-0.2333805837613404,-0.0008601848145060556,0.22137877667024541,-0.0034205583973602807,crypto
15826,2017-05-15,0.008466,0.008466,20.25,4503245.0,208288.0,4217832.0,BLOCK INC,XYZ,026367,2017-03-31,1591.113,963.18,627.933,461.554,-15.09,6451.7645,17.28,378048795.0,9138.328342945788,6717.009617268084,-279511.72962226643,4218167.2469999995,9139.054686992204,-0.3431040445872651,-0.4130454986765302,-0.34307717688099504,0.1825714423809618,-0.22916381944095715,crypto
92213,2017-05-16,-0.054054,-0.054054,3.5,6051.0,5410.0,18935.0,RIOT PLATFORMS INC,RIOT,148170,2017-03-31,13.322,1.916,11.406,0.024,-4.354,19.64,4.0,1584003.0,788958.3333333334,1660.0911800806591,-4348.874598070739,18925.510000000002,788562.9166666667,-0.026218446676687338,-0.25601570393312895,-0.026258766169832692,0.2403613455600384,-0.01703289280490264,crypto
15488,2017-05-16,0.011453,0.011453,50.34,5347215.0,1201258.0,60471327.720000006,PAYPAL HOLDINGS INC,PYPL,024616,2017-03-31,33493.0,18867.0,14626.0,2975.0,384.0,51451.92,43.02,400925719.0,20326.496712605043,4134.508937508547,157477.41593750002,60475568.720000006,20327.92225882353,-0.37278046504801604,-0.44614478904157606,-0.3728166088242243,-0.2342674001638508,-0.3565023157694168,crypto
15826,2017-05-16,0.004444,0.004444,20.34,8379003.0,208288.0,4236577.92,BLOCK INC,XYZ,026367,2017-03-31,1591.113,963.18,627.933,461.554,-15.09,6451.7645,17.28,378048795.0,9178.943135581103,6746.862993344831,-280754.00397614314,4236913.166999999,9179.669479627519,-0.33887701928769637,-0.40905928928677454,-0.33885042860728,0.1814706484389481,-0.2263290221857007,crypto
92213,2017-05-17,-0.022857,-0.022857,3.42,13241.0,5410.0,18502.2,RIOT PLATFORMS INC,RIOT,148170,2017-03-31,13.322,1.916,11.406,0.024,-4.354,19.64,4.0,1584003.0,770925.0,1622.1462388216728,-4249.471750114837,18492.710000000003,770529.5833333335,-0.036377728673826285,-0.26506975200184435,-0.03641819871196329,0.24795437311595556,-0.022477826567919593,crypto
15488,2017-05-17,-0.025626,-0.025626,49.05,6598437.0,1201258.0,58921704.9,PAYPAL HOLDINGS INC,PYPL,024616,2017-03-31,33493.0,18867.0,14626.0,2975.0,384.0,51451.92,43.02,400925719.0,19805.615092436976,4028.559066046766,153441.93984375,58925945.9,19807.04063865546,-0.4964922046310176,-0.5214017895581771,-0.4965030639191756,-0.346185896365007,-0.4651457386183443,crypto
15826,2017-05-17,-0.038348,-0.038348,19.56,12443073.0,208288.0,4074113.28,BLOCK INC,XYZ,026367,2017-03-31,1591.113,963.18,627.933,461.554,-15.09,6451.7645,17.28,378048795.0,8826.948266075042,6488.133734013023,-269987.62624254473,4074448.527,8827.67461012146,-0.3755112385506251,-0.4436064373313237,-0.3754822469794765,0.19101086260306682,-0.25089726506458965,crypto
15826,2017-05-18,0.006135,0.006135,19.68,5818709.0,208288.0,4099107.84,BLOCK INC,XYZ,026367,2017-03-31,1591.113,963.18,627.933,461.554,-15.09,6451.7645,17.28,378048795.0,8881.101322922128,6527.938235448686,-271643.9920477137,4099443.087,8881.827666968546,-0.3698752048178669,-0.4382914914783161,-0.3698465826145232,0.18954313734704856,-0.2471175353909144,crypto
15488,2017-05-18,0.001223,0.001223,49.11,9932138.0,1201258.0,58993780.38,PAYPAL HOLDINGS INC,PYPL,024616,2017-03-31,33493.0,18867.0,14626.0,2975.0,384.0,51451.92,43.02,400925719.0,19829.842144537815,4033.4869670449884,153629.63640625,58998021.38,19831.267690756304,-0.49073817023180843,-0.5179014639527537,-0.4907502055426656,-0.3409803849137904,-0.4600925561602545,crypto
92213,2017-05-18,0.061404,0.061404,3.63,8915.0,5410.0,19638.3,RIOT PLATFORMS INC,RIOT,148170,2017-03-31,13.322,1.916,11.406,0.024,-4.354,19.64,4.0,1584003.0,818262.5,1721.7517096265121,-4510.404225999081,19628.81,817867.0833333334,-0.00970961343133661,-0.24130287582146645,-0.009749688288870415,0.22802267578167296,-0.008184875440000128,crypto
15826,2017-05-19,0.011687,0.011687,19.91,5086741.0,208288.0,4147014.08,BLOCK INC,XYZ,026367,2017-03-31,1591.113,963.18,627.933,461.554,-15.09,6451.7645,17.28,378048795.0,8984.894681879045,6604.2301965337065,-274818.6931742876,4147349.327,8985.62102592546,-0.3590728068300801,-0.4281045119267183,-0.35904489258169603,0.18672999727301354,-0.23987305351637023,crypto
92213,2017-05-19,0.0,0.0,3.63,2403.0,5410.0,19638.3,RIOT PLATFORMS INC,RIOT,148170,2017-03-31,13.322,1.916,11.406,0.024,-4.354,19.64,4.0,1584003.0,818262.5,1721.7517096265121,-4510.404225999081,19628.81,817867.0833333334,-0.00970961343133661,-0.24130287582146645,-0.009749688288870415,0.22802267578167296,-0.008184875440000128,crypto
15488,2017-05-19,0.005701,0.005701,49.39,7813796.0,1201258.0,59330132.62,PAYPAL HOLDINGS INC,PYPL,024616,2017-03-31,33493.0,18867.0,14626.0,2975.0,384.0,51451.92,43.02,400925719.0,19942.901721008402,4056.4838383700258,154505.55369791665,59334373.62,19944.32726722689,-0.46388600970216504,-0.5015666111274454,-0.46390353311895577,-0.31668799814144716,-0.43651103802250335,crypto
15488,2017-05-22,0.007694,0.007694,49.77,13172888.0,1201258.0,59786610.660000004,PAYPAL HOLDINGS INC,PYPL,024616,2017-03-31,33493.0,18867.0,14626.0,2975.0,384.0,51451.92,43.02,400925719.0,20096.33971764706,4087.6938780254345,155694.29859375002,59790851.660000004,20097.76526386555,-0.42744379184050496,-0.4793978822930975,-0.42746876340106266,-0.28371975895040796,-0.4045075491212683,crypto
15826,2017-05-22,0.052235,0.052235,20.95,9835980.0,208288.0,4363633.6,BLOCK INC,XYZ,026367,2017-03-31,1591.113,963.18,627.933,461.554,-15.09,6451.7645,17.28,378048795.0,9454.22117455379,6949.20254230945,-289173.86348575214,4363968.846999999,9454.947518600206,-0.31022718114617537,-0.38204164786731937,-0.3102024680854341,0.17400971172085528,-0.2071153963445184,crypto
92213,2017-05-22,0.00551,0.00551,3.65,4463.0,5410.0,19746.5,RIOT PLATFORMS INC,RIOT,148170,2017-03-31,13.322,1.916,11.406,0.024,-4.354,19.64,4.0,1584003.0,822770.8333333334,1731.237944941259,-4535.254937988057,19737.010000000002,822375.4166666667,-0.007169792932051856,-0.23903936380428753,-0.007209830153337731,0.22612441889269366,-0.006823641999245865,crypto
92213,2017-05-23,-0.016438,-0.016438,3.59,3568.0,5410.0,19421.899999999998,RIOT PLATFORMS INC,RIOT,148170,2017-03-31,13.322,1.916,11.406,0.024,-4.354,19.64,4.0,1584003.0,809245.8333333333,1702.7792389970189,-4460.702802021129,19412.41,808850.4166666666,-0.014789254429906114,-0.24582989985582415,-0.014829404559935781,0.2318191895596316,-0.010907342321508612,crypto
15826,2017-05-23,0.032936,0.032936,21.64,12887966.0,208288.0,4507352.32,BLOCK INC,XYZ,026367,2017-03-31,1591.113,963.18,627.933,461.554,-15.09,6451.7645,17.28,378048795.0,9765.601251424536,7178.078425564511,-298697.96686547383,4507687.567,9766.327595470953,-0.2778199871828153,-0.35148070921252583,-0.27779739798695224,0.16557029149875024,-0.18538195072088579,crypto
15488,2017-05-23,0.007233,0.007233,50.13,7134231.0,1201258.0,60219063.54000001,PAYPAL HOLDINGS INC,PYPL,024616,2017-03-31,33493.0,18867.0,14626.0,2975.0,384.0,51451.92,43.02,400925719.0,20241.7020302521,4117.2612840147685,156820.47796875003,60223304.54000001,20243.12757647059,-0.392919585445249,-0.4583959286605579,-0.3929516131420071,-0.25248669024310844,-0.37418845437273063,crypto
92213,2017-05-24,-0.019499,-0.019499,3.52,2526.0,5410.0,19043.2,RIOT PLATFORMS INC,RIOT,148170,2017-03-31,13.322,1.916,11.406,0.024,-4.354,19.64,4.0,1584003.0,793466.6666666666,1669.577415395406,-4373.725310059715,19033.710000000003,793071.2500000001,-0.02367862617740265,-0.25375219191595005,-0.023718908034300008,0.23846308867105906,-0.01567165936414841,crypto
15826,2017-05-24,0.012939,0.012939,21.92,6625731.0,208288.0,4565672.96,BLOCK INC,XYZ,026367,2017-03-31,1591.113,963.18,627.933,461.554,-15.09,6451.7645,17.28,378048795.0,9891.958384067737,7270.955595581057,-302562.82041086815,4566008.2069999995,9892.684728114153,-0.26466924180637935,-0.33907916888884154,-0.26464751446872803,0.16214559923470762,-0.17656258148231033,crypto
15488,2017-05-24,0.018352,0.018352,51.05,6311013.0,1201258.0,61324220.9,PAYPAL HOLDINGS INC,PYPL,024616,2017-03-31,33493.0,18867.0,14626.0,2975.0,384.0,51451.92,43.02,400925719.0,20613.18349579832,4192.822432654178,159698.49192708332,61328461.9,20614.609042016808,-0.3046910579907055,-0.4047242693774011,-0.30474111803553106,-0.17266884799112242,-0.29670632334869,crypto
92213,2017-05-25,0.03125,0.03125,3.63,2156.0,5410.0,19638.3,RIOT PLATFORMS INC,RIOT,148170,2017-03-31,13.322,1.916,11.406,0.024,-4.354,19.64,4.0,1584003.0,818262.5,1721.7517096265121,-4510.404225999081,19628.81,817867.0833333334,-0.00970961343133661,-0.24130287582146645,-0.009749688288870415,0.22802267578167296,-0.008184875440000128,crypto
15488,2017-05-25,-0.002351,-0.002351,50.93,4950501.0,1201258.0,61180069.94,PAYPAL HOLDINGS INC,PYPL,024616,2017-03-31,33493.0,18867.0,14626.0,2975.0,384.0,51451.92,43.02,400925719.0,20564.729391596637,4182.966630657733,159323.09880208332,61184310.94,20566.154937815125,-0.3161991267891247,-0.4117249205882477,-0.31624683478855015,-0.1830798708935556,-0.3068126882648695,crypto
15826,2017-05-25,0.018704,0.018704,22.33,9841468.0,208288.0,4651071.04,BLOCK INC,XYZ,026367,2017-03-31,1591.113,963.18,627.933,461.554,-15.09,6451.7645,17.28,378048795.0,10076.981328295282,7406.954308819571,-308222.0702451955,4651406.287,10077.707672341698,-0.24541279321945525,-0.3209197705577324,-0.2453923278884708,0.15713087127664527,-0.1636485050972533,crypto
15826,2017-05-26,0.0,0.0,22.33,6402179.0,208288.0,4651071.04,BLOCK INC,XYZ,026367,2017-03-31,1591.113,963.18,627.933,461.554,-15.09,6451.7645,17.28,378048795.0,10076.981328295282,7406.954308819571,-308222.0702451955,4651406.287,10077.707672341698,-0.24541279321945525,-0.3209197705577324,-0.2453923278884708,0.15713087127664527,-0.1636485050972533,crypto
92213,2017-05-26,-0.002755,-0.002755,3.62,27413.0,5410.0,19584.2,RIOT PLATFORMS INC,RIOT,148170,2017-03-31,13.322,1.916,11.406,0.024,-4.354,19.64,4.0,1584003.0,816008.3333333334,1717.008591969139,-4497.978870004594,19574.710000000003,815612.9166666667,-0.010979523680978952,-0.24243463183005584,-0.011019617356636723,0.22897180422616256,-0.008865492160377242,crypto
15488,2017-05-26,0.005105,0.005105,51.19,4780790.0,1201258.0,61492397.019999996,PAYPAL HOLDINGS INC,PYPL,024616,2017-03-31,33493.0,18867.0,14626.0,2975.0,384.0,51451.92,43.02,400925719.0,20669.713284033613,4204.320868316696,160136.45057291666,61496638.019999996,20671.1388302521,-0.2912649777258838,-0.3965568429647472,-0.2913177818236761,-0.16052265460495038,-0.28491556427981435,crypto
15488,2017-05-30,-0.00254,-0.00254,51.06,5550300.0,1201258.0,61336233.480000004,PAYPAL HOLDINGS INC,PYPL,024616,2017-03-31,33493.0,18867.0,14626.0,2975.0,384.0,51451.92,43.02,400925719.0,20617.22133781513,4193.643749487215,159729.7746875,61340474.480000004,20618.646884033617,-0.3037320522575034,-0.4041408817764968,-0.3037823083061123,-0.1718012627492526,-0.29586412627234127,crypto
92213,2017-05-30,0.023481,0.023481,3.705,1207.0,5410.0,20044.05,RIOT PLATFORMS INC,RIOT,148170,2017-03-31,13.322,1.916,11.406,0.024,-4.354,19.64,4.0,1584003.0,835168.75,1757.325092056812,-4603.59439595774,20034.56,834773.3333333334,-0.00018528655901886863,-0.23281470575704571,-0.000225220280622934,0.22090421244800057,-0.0030802500371717376,crypto
15826,2017-05-30,0.018361,0.018361,22.74,7032588.0,208288.0,4736469.12,BLOCK INC,XYZ,026367,2017-03-31,1591.113,963.18,627.933,461.554,-15.09,6451.7645,17.28,378048795.0,10262.004272522827,7542.953022058086,-313881.32007952285,4736804.367,10262.730616569243,-0.22615634463253118,-0.30276037222662316,-0.22613714130821358,0.15211614331858286,-0.15073442871219628,crypto
92213,2017-05-31,0.049933,0.049933,3.89,54445.0,5410.0,21044.9,RIOT PLATFORMS INC,RIOT,148170,2017-03-31,13.322,1.916,11.406,0.024,-4.354,19.64,4.0,1584003.0,876870.8333333334,1845.0727687182184,-4833.463481855765,21035.410000000003,876475.4166666667,0.02330805305936491,-0.21187721959814135,0.023268467473054204,0.20334533622494202,0.009511159289804942,crypto
15826,2017-05-31,0.010994,0.010994,22.99,10844297.0,229954.0,5286642.46,BLOCK INC,XYZ,026367,2017-03-31,1591.113,963.18,627.933,461.554,-15.09,6451.7645,17.28,378048795.0,11454.006378451926,8419.118695784422,-350340.7859509609,5286977.7069999995,11454.732722498342,-0.10209752931014605,-0.1857692544846699,-0.10208645640776552,0.11980898102783145,-0.06753606479368751,crypto
15488,2017-05-31,0.022523,0.022523,52.21,11437174.0,1201258.0,62717680.18,PAYPAL HOLDINGS INC,PYPL,024616,2017-03-31,33493.0,18867.0,14626.0,2975.0,384.0,51451.92,43.02,400925719.0,21081.5731697479,4288.095185286476,163327.29213541668,62721921.18,21082.998715966387,-0.1934463929393244,-0.33705130767255104,-0.19351918942301763,-0.07202895993426844,-0.19901146249229038,crypto
15826,2017-06-01,0.010439,0.010439,23.23,5882159.0,229954.0,5341831.42,BLOCK INC,XYZ,026367,2017-03-31,1591.113,963.18,627.933,461.554,-15.09,6451.7645,17.28,378048795.0,11573.578432859427,8507.0085821258,-353998.1060304838,5342166.666999999,11574.304776905843,-0.0896529477597669,-0.17403364745322777,-0.08964269043585672,0.1165681866131515,-0.05919027475892497,crypto
15488,2017-06-01,0.018196,0.018196,53.16,13898324.0,1201258.0,63858875.279999994,PAYPAL HOLDINGS INC,PYPL,024616,2017-03-31,33493.0,18867.0,14626.0,2975.0,384.0,51451.92,43.02,400925719.0,21465.168161344536,4366.1202844249965,166299.15437499998,63863116.279999994,21466.593707563025,-0.10234084828517624,-0.2816294855866827,-0.10243226512828703,0.010391638043326292,-0.11900274023920493,crypto
92213,2017-06-01,-0.023136,-0.023136,3.8,1015.0,5410.0,20558.0,RIOT PLATFORMS INC,RIOT,148170,2017-03-31,13.322,1.916,11.406,0.024,-4.354,19.64,4.0,1584003.0,856583.3333333334,1802.3847098018587,-4721.635277905374,20548.510000000002,856187.9166666667,0.011878860812583623,-0.22206302367544614,0.011839105863157229,0.21188749222534892,0.0033856088064109086,crypto
92213,2017-06-02,0.028947,0.028947,3.91,14256.0,5410.0,21153.100000000002,RIOT PLATFORMS INC,RIOT,148170,2017-03-31,13.322,1.916,11.406,0.024,-4.354,19.64,4.0,1584003.0,881379.1666666667,1854.5590040329653,-4858.314193844741,21143.610000000004,880983.7500000001,0.025847873558649665,-0.20961370758096243,0.02580832560858689,0.20144707933596273,0.010872392730559219,crypto
15488,2017-06-02,0.006772,0.006772,53.52,9246798.0,1201258.0,64291328.160000004,PAYPAL HOLDINGS INC,PYPL,024616,2017-03-31,33493.0,18867.0,14626.0,2975.0,384.0,51451.92,43.02,400925719.0,21610.53047394958,4395.687690414331,167425.33375000002,64295569.160000004,21611.95602016807,-0.06781664188991948,-0.2606275319541428,-0.06791511486923058,0.041624706750626614,-0.08868364549066655,crypto
15826,2017-06-02,-0.001291,-0.001291,23.2,8156486.0,229954.0,5334932.8,BLOCK INC,XYZ,026367,2017-03-31,1591.113,963.18,627.933,461.554,-15.09,6451.7645,17.28,378048795.0,11558.63192605849,8496.022346333128,-353540.9410205434,5335268.046999999,11559.358270104905,-0.0912085204535643,-0.17550059833215803,-0.09119816118234533,0.11697328591498653,-0.060233498513270284,crypto
92213,2017-06-05,0.01023,0.01023,3.95,9864.0,5410.0,21369.5,RIOT PLATFORMS INC,RIOT,148170,2017-03-31,13.322,1.916,11.406,0.024,-4.354,19.64,4.0,1584003.0,890395.8333333334,1873.5314746624583,-4908.015617822692,21360.010000000002,890000.4166666667,0.030927514557219104,-0.20508668354660478,0.03088804187965219,0.19765056555800417,0.013594859612067668,crypto
15826,2017-06-05,0.00819,0.00819,23.39,7817437.0,229954.0,5378624.0600000005,BLOCK INC,XYZ,026367,2017-03-31,1591.113,963.18,627.933,461.554,-15.09,6451.7645,17.28,378048795.0,11653.293135797763,8565.601839686718,-356436.31941683235,5378959.307,11654.019479844179,-0.08135656005951394,-0.16620990943226635,-0.08134684645458401,0.11440765700336492,-0.05362641473574985,crypto
15488,2017-06-05,0.005232,0.005232,53.8,9656350.0,1201258.0,64627680.4,PAYPAL HOLDINGS INC,PYPL,024616,2017-03-31,33493.0,18867.0,14626.0,2975.0,384.0,51451.92,43.02,400925719.0,21723.590050420167,4418.684561739368,168301.25104166666,64631921.4,21725.015596638656,-0.04096448136027609,-0.24429267912883434,-0.04106844244552078,0.06591709352296987,-0.06510212735291533,crypto
92213,2017-06-06,-0.005063,-0.005063,3.93,23463.0,5410.0,21261.3,RIOT PLATFORMS INC,RIOT,148170,2017-03-31,13.322,1.916,11.406,0.024,-4.354,19.64,4.0,1584003.0,885887.5,1864.0452393477115,-4883.164905833716,21251.81,885492.0833333334,0.028387694057934353,-0.20735019556378367,0.028348183744119508,0.19954882244698344,0.012233626171313405,crypto
15488,2017-06-06,-0.007435,-0.007435,53.4,6307991.0,1201258.0,64147177.199999996,PAYPAL HOLDINGS INC,PYPL,024616,2017-03-31,33493.0,18867.0,14626.0,2975.0,384.0,51451.92,43.02,400925719.0,21562.076369747898,4385.831888417885,167049.940625,64151418.199999996,21563.501915966386,-0.07932471068833868,-0.26762818316499004,-0.07942083162224968,0.031213683848192637,-0.09879001040684644,crypto
15826,2017-06-06,0.035058,0.035058,24.21,14665091.0,229954.0,5567186.34,BLOCK INC,XYZ,026367,2017-03-31,1591.113,963.18,627.933,461.554,-15.09,6451.7645,17.28,378048795.0,12061.830988356725,8865.892284686424,-368932.1630218688,5567521.586999999,12062.557332403141,-0.0388375730957185,-0.12611325207483928,-0.03883064605056228,0.10333494275320859,-0.025111632116977867,crypto
15488,2017-06-07,0.008427,0.008427,53.85,6368670.0,1201258.0,64687743.300000004,PAYPAL HOLDINGS INC,PYPL,024616,2017-03-31,33493.0,18867.0,14626.0,2975.0,384.0,51451.92,43.02,400925719.0,21743.7792605042,4422.791145904554,168457.66484375,64691984.300000004,21745.20480672269,-0.036169452694268155,-0.24137574112431498,-0.036274393798429554,0.07025501973231743,-0.06089114197117382,crypto
15826,2017-06-07,0.003305,0.003305,24.29,9844901.0,229954.0,5585582.66,BLOCK INC,XYZ,026367,2017-03-31,1591.113,963.18,627.933,461.554,-15.09,6451.7645,17.28,378048795.0,12101.688339825894,8895.188913466884,-370151.2697150431,5585917.907,12102.41468387231,-0.03468937924559193,-0.12220138306435856,-0.034682724059925826,0.10225467794831529,-0.022329702105390255,crypto
92213,2017-06-07,0.005089,0.005089,3.95,9675.0,5410.0,21369.5,RIOT PLATFORMS INC,RIOT,148170,2017-03-31,13.322,1.916,11.406,0.024,-4.354,19.64,4.0,1584003.0,890395.8333333334,1873.5314746624583,-4908.015617822692,21360.010000000002,890000.4166666667,0.030927514557219104,-0.20508668354660478,0.03088804187965219,0.19765056555800417,0.013594859612067668,crypto
15826,2017-06-08,0.020173,0.020173,24.78,6943208.0,229954.0,5698260.12,BLOCK INC,XYZ,026367,2017-03-31,1591.113,963.18,627.933,461.554,-15.09,6451.7645,17.28,378048795.0,12345.814617574542,9074.630764747195,-377618.2982107356,5698595.367,12346.540961620958,-0.009281691913567827,-0.09824118537516444,-0.009276701867278699,0.0956380560183438,-0.005290380784416793,crypto
15488,2017-06-08,0.010028,0.010028,54.39,6369854.0,1201258.0,65336422.62,PAYPAL HOLDINGS INC,PYPL,024616,2017-03-31,33493.0,18867.0,14626.0,2975.0,384.0,51451.92,43.02,400925719.0,21961.822729411764,4467.142254888555,170146.93390625,65340663.62,21963.248275630252,0.015616856898616138,-0.20987281067550537,0.015501331590154257,0.1171046227932659,-0.015412499848367268,crypto
92213,2017-06-08,0.01519,0.01519,4.01,19036.0,5410.0,21694.1,RIOT PLATFORMS INC,RIOT,148170,2017-03-31,13.322,1.916,11.406,0.024,-4.354,19.64,4.0,1584003.0,903920.8333333333,1901.990180606698,-4982.567753789618,21684.61,903525.4166666666,0.03854697605507323,-0.19829614749506827,0.03850761628625011,0.1919557948910663,0.01767855993433034,crypto
15488,2017-06-09,-0.018202,-0.018202,53.4,11174120.0,1201258.0,64147177.199999996,PAYPAL HOLDINGS INC,PYPL,024616,2017-03-31,33493.0,18867.0,14626.0,2975.0,384.0,51451.92,43.02,400925719.0,21562.076369747898,4385.831888417885,167049.940625,64151418.199999996,21563.501915966386,-0.07932471068833868,-0.26762818316499004,-0.07942083162224968,0.031213683848192637,-0.09879001040684644,crypto
92213,2017-06-09,-0.002494,-0.002494,4.0,6266.0,5410.0,21640.0,RIOT PLATFORMS INC,RIOT,148170,2017-03-31,13.322,1.916,11.406,0.024,-4.354,19.64,4.0,1584003.0,901666.6666666666,1897.2470629493248,-4970.142397795131,21630.510000000002,901271.2500000001,0.03727706580543089,-0.19942790350365766,0.03723768721848387,0.19290492333555592,0.016997943213953252,crypto
15826,2017-06-09,-0.070622,-0.070622,23.03,16322145.0,229954.0,5295840.62,BLOCK INC,XYZ,026367,2017-03-31,1591.113,963.18,627.933,461.554,-15.09,6451.7645,17.28,378048795.0,11473.93505418651,8433.767010174653,-350950.33929754805,5296175.867,11474.661398232925,-0.10002343238508286,-0.18381331997942932,-0.10001249541244739,0.11926884862538478,-0.06614509978789371,crypto
15488,2017-06-12,-0.023221,-0.023221,52.16,15765618.0,1201258.0,62657617.279999994,PAYPAL HOLDINGS INC,PYPL,024616,2017-03-31,33493.0,18867.0,14626.0,2975.0,384.0,51451.92,43.02,400925719.0,21061.383959663865,4283.98860112129,163170.87833333333,62661858.279999994,21062.80950588235,-0.1982414216053323,-0.339968245677071,-0.19831323807010973,-0.07636688614361599,-0.20322244787403226,crypto
92213,2017-06-12,-0.005,-0.005,3.98,6342.0,5410.0,21531.8,RIOT PLATFORMS INC,RIOT,148170,2017-03-31,13.322,1.916,11.406,0.024,-4.354,19.64,4.0,1584003.0,897158.3333333333,1887.7608276345782,-4945.291685806155,21522.31,896762.9166666667,0.034737245306146136,-0.20169141552083653,0.03469782908295118,0.1948031802245352,0.015636709773198997,crypto
15826,2017-06-12,0.02475,0.02475,23.6,16378790.0,229954.0,5426914.4,BLOCK INC,XYZ,026367,2017-03-31,1591.113,963.18,627.933,461.554,-15.09,6451.7645,17.28,378048795.0,11757.918683404327,8642.505490235424,-359636.47448641487,5427249.647,11758.645027450742,-0.07046755120293219,-0.15594125327975447,-0.07045855122916381,0.11157196189051999,-0.04632384845533262,crypto
15826,2017-06-13,-0.005085,-0.005085,23.48,6790568.0,229954.0,5399319.92,BLOCK INC,XYZ,026367,2017-03-31,1591.113,963.18,627.933,461.554,-15.09,6451.7645,17.28,378048795.0,11698.132656200574,8598.560547064735,-357807.8144466534,5399655.166999999,11698.859000246992,-0.07668984197812195,-0.16180905679547555,-0.0766804342151182,0.11319235909785996,-0.050496743472713934,crypto
15488,2017-06-13,-0.001917,-0.001917,52.06,10411769.0,1201258.0,62537491.480000004,PAYPAL HOLDINGS INC,PYPL,024616,2017-03-31,33493.0,18867.0,14626.0,2975.0,384.0,51451.92,43.02,400925719.0,21021.0055394958,4275.775432790921,162858.0507291667,62541732.480000004,21022.43108571429,-0.20783147893734732,-0.3458021216861092,-0.20790133536429045,-0.0850427385623095,-0.21164441863751413,crypto
92213,2017-06-13,0.01005,0.01005,4.02,5851.0,5410.0,21748.199999999997,RIOT PLATFORMS INC,RIOT,148170,2017-03-31,13.322,1.916,11.406,0.024,-4.354,19.64,4.0,1584003.0,906174.9999999999,1906.7332982640712,-4994.993109784105,21738.71,905779.5833333333,0.039816886304715575,-0.19716439148647885,0.03977754535401642,0.19100666644657668,0.01835917665470746,crypto
15826,2017-06-14,-0.000426,-0.000426,23.47,6888309.0,229954.0,5397020.38,BLOCK INC,XYZ,026367,2017-03-31,1591.113,963.18,627.933,461.554,-15.09,6451.7645,17.28,378048795.0,11693.150487266928,8594.898468467178,-357655.42611000664,5397355.626999999,11693.876831313346,-0.07720836620938774,-0.16229804042178564,-0.07719892446394774,0.11332739219847163,-0.05084448472416238,crypto
92213,2017-06-14,-0.022388,-0.022388,3.93,6333.0,5410.0,21261.3,RIOT PLATFORMS INC,RIOT,148170,2017-03-31,13.322,1.916,11.406,0.024,-4.354,19.64,4.0,1584003.0,885887.5,1864.0452393477115,-4883.164905833716,21251.81,885492.0833333334,0.028387694057934353,-0.20735019556378367,0.028348183744119508,0.19954882244698344,0.012233626171313405,crypto
15488,2017-06-14,-0.003073,-0.003073,51.9,7132478.0,1201258.0,62345290.199999996,PAYPAL HOLDINGS INC,PYPL,024616,2017-03-31,33493.0,18867.0,14626.0,2975.0,384.0,51451.92,43.02,400925719.0,20956.40006722689,4262.634363462327,162357.5265625,62349531.199999996,20957.825613445377,-0.22317557066857321,-0.3551363233005716,-0.22324229103498286,-0.0989241024322212,-0.2251195718590872,crypto
15488,2017-06-15,0.007514,0.007514,52.29,12401612.0,1201258.0,62813780.82,PAYPAL HOLDINGS INC,PYPL,024616,2017-03-31,33493.0,18867.0,14626.0,2975.0,384.0,51451.92,43.02,400925719.0,21113.875905882353,4294.665719950773,163577.55421875,62818021.82,21115.30145210084,-0.18577434707371188,-0.3323842068653201,-0.18584871158767186,-0.065088277999313,-0.1922738858815042,crypto
92213,2017-06-15,0.025445,0.025445,4.03,19673.0,5410.0,21802.300000000003,RIOT PLATFORMS INC,RIOT,148170,2017-03-31,13.322,1.916,11.406,0.024,-4.354,19.64,4.0,1584003.0,908429.1666666667,1911.476415921445,-5007.4184657785945,21792.810000000005,908033.7500000002,0.04108679655435805,-0.1960326354778893,0.04104747442178292,0.19005753800208694,0.01903979337508465,crypto
15826,2017-06-15,0.022156,0.022156,23.99,8937169.0,229954.0,5516596.46,BLOCK INC,XYZ,026367,2017-03-31,1591.113,963.18,627.933,461.554,-15.09,6451.7645,17.28,378048795.0,11952.223271816516,8785.326555540161,-365579.6196156395,5516931.7069999995,11952.949615862932,-0.05024510618356606,-0.13687089185366125,-0.05023743152481201,0.10630567096666517,-0.03276193964884354,crypto
15488,2017-06-16,-0.008606,-0.008606,51.84,10931122.0,1201258.0,62273214.720000006,PAYPAL HOLDINGS INC,PYPL,024616,2017-03-31,33493.0,18867.0,14626.0,2975.0,384.0,51451.92,43.02,400925719.0,20932.173015126053,4257.706462464105,162169.83000000002,62277455.720000006,20933.59856134454,-0.22892960506778154,-0.35863664890599456,-0.22899514941149113,-0.10412961388343697,-0.23017275431717604,crypto
15826,2017-06-16,-0.017924,-0.017924,23.56,9809466.0,229954.0,5417716.239999999,BLOCK INC,XYZ,026367,2017-03-31,1591.113,963.18,627.933,461.554,-15.09,6451.7645,17.28,378048795.0,11737.990007669741,8627.857175845193,-359026.92113982764,5418051.486999999,11738.716351716157,-0.07254164812799557,-0.15789718778499506,-0.07253251222448213,0.11211209429296672,-0.047714813461126514,crypto
92213,2017-06-16,-0.109181,-0.109181,3.59,36382.0,5410.0,19421.899999999998,RIOT PLATFORMS INC,RIOT,148170,2017-03-31,13.322,1.916,11.406,0.024,-4.354,19.64,4.0,1584003.0,809245.8333333333,1702.7792389970189,-4460.702802021129,19412.41,808850.4166666666,-0.014789254429906114,-0.24582989985582415,-0.014829404559935781,0.2318191895596316,-0.010907342321508612,crypto
15488,2017-06-19,0.021026,0.021026,52.93,5643921.0,1201258.0,63582585.94,PAYPAL HOLDINGS INC,PYPL,024616,2017-03-31,33493.0,18867.0,14626.0,2975.0,384.0,51451.92,43.02,400925719.0,21372.297794957984,4347.229997265144,165579.65088541666,63586826.94,21373.72334117647,-0.1243979801488117,-0.29504740040747174,-0.12448488890490647,-0.009562822519670215,-0.13837327299521504,crypto
92213,2017-06-19,0.114206,0.114206,4.0,18523.0,5410.0,21640.0,RIOT PLATFORMS INC,RIOT,148170,2017-03-31,13.322,1.916,11.406,0.024,-4.354,19.64,4.0,1584003.0,901666.6666666666,1897.2470629493248,-4970.142397795131,21630.510000000002,901271.2500000001,0.03727706580543089,-0.19942790350365766,0.03723768721848387,0.19290492333555592,0.016997943213953252,crypto
15826,2017-06-19,0.027165,0.027165,24.2,8147606.0,229954.0,5564886.8,BLOCK INC,XYZ,026367,2017-03-31,1591.113,963.18,627.933,461.554,-15.09,6451.7645,17.28,378048795.0,12056.84881942308,8862.230206088865,-368779.774685222,5565222.046999999,12057.575163469495,-0.0393560973269843,-0.12660223570114962,-0.03934913629939182,0.10346997585382024,-0.025459373368426373,crypto
15488,2017-06-20,-0.007746,-0.007746,52.52,4578671.0,1201258.0,63090070.160000004,PAYPAL HOLDINGS INC,PYPL,024616,2017-03-31,33493.0,18867.0,14626.0,2975.0,384.0,51451.92,43.02,400925719.0,21206.74627226891,4313.556007110626,164297.05770833333,63094311.160000004,21208.171818487397,-0.16371721521007554,-0.3189662920445304,-0.16379608781105243,-0.04513381743631648,-0.1729033531254937,crypto
15826,2017-06-20,-0.014463,-0.014463,23.85,7159920.0,229954.0,5484402.9,BLOCK INC,XYZ,026367,2017-03-31,1591.113,963.18,627.933,461.554,-15.09,6451.7645,17.28,378048795.0,11882.472906745474,8734.05745517436,-363446.1829025845,5484738.147,11883.199250791891,-0.057504445421287236,-0.14371666262200225,-0.05749629500842529,0.10819613437522844,-0.03763031716912159,crypto
92213,2017-06-20,0.0025,0.0025,4.01,8892.0,5410.0,21694.1,RIOT PLATFORMS INC,RIOT,148170,2017-03-31,13.322,1.916,11.406,0.024,-4.354,19.64,4.0,1584003.0,903920.8333333333,1901.990180606698,-4982.567753789618,21684.61,903525.4166666666,0.03854697605507323,-0.19829614749506827,0.03850761628625011,0.1919557948910663,0.01767855993433034,crypto
15488,2017-06-21,0.019421,0.019421,53.54,8016566.0,1201258.0,64315353.32,PAYPAL HOLDINGS INC,PYPL,024616,2017-03-31,33493.0,18867.0,14626.0,2975.0,384.0,51451.92,43.02,400925719.0,21618.606157983195,4397.330324080404,167487.89927083332,64319594.32,21620.03170420168,-0.06589863042351612,-0.25946075675233554,-0.06599749541039478,0.04335987723436467,-0.08699925133797044,crypto
15826,2017-06-21,0.012998,0.012998,24.16,4203063.0,229954.0,5555688.64,BLOCK INC,XYZ,026367,2017-03-31,1591.113,963.18,627.933,461.554,-15.09,6451.7645,17.28,378048795.0,12036.920143688496,8847.581891698635,-368170.22133863484,5556023.886999999,12037.646487734912,-0.0414301942520475,-0.12855817020638996,-0.04142309729470995,0.10401010825626691,-0.02685033837422012,crypto
92213,2017-06-21,-0.027182,-0.027182,3.901,28689.0,5410.0,21104.41,RIOT PLATFORMS INC,RIOT,148170,2017-03-31,13.322,1.916,11.406,0.024,-4.354,19.64,4.0,1584003.0,879350.4166666666,1850.290198141329,-4847.131373449702,21094.920000000002,878955.0000000001,0.02470495433397147,-0.21063228798869296,0.02466538944759719,0.2023012949360034,0.010259837682219775,crypto
15488,2017-06-22,0.006164,0.006164,53.87,9673131.0,1201258.0,64711768.45999999,PAYPAL HOLDINGS INC,PYPL,024616,2017-03-31,33493.0,18867.0,14626.0,2975.0,384.0,51451.92,43.02,400925719.0,21751.854944537812,4424.433779570627,168520.23036458332,64716009.45999999,21753.2804907563,-0.03425144122786567,-0.24020896592250773,-0.034356774339593756,0.07199019021605549,-0.059206747818477914,crypto
92213,2017-06-22,0.009997,0.009997,3.94,18549.0,5410.0,21315.4,RIOT PLATFORMS INC,RIOT,148170,2017-03-31,13.322,1.916,11.406,0.024,-4.354,19.64,4.0,1584003.0,888141.6666666667,1868.7883570050851,-4895.590261828204,21305.910000000003,887746.2500000001,0.02965760430757676,-0.20621843955519417,0.02961811281188588,0.19859969400249378,0.012914242891690561,crypto
15826,2017-06-22,0.004967,0.004967,24.28,5175123.0,229954.0,5583283.12,BLOCK INC,XYZ,026367,2017-03-31,1591.113,963.18,627.933,461.554,-15.09,6451.7645,17.28,378048795.0,12096.706170892248,8891.526834869326,-369998.8813783963,5583618.367,12097.432514938664,-0.035207903476857726,-0.12269036669066864,-0.03520121430875536,0.10238971104892694,-0.0226774433568387,crypto
15488,2017-06-23,0.008539,0.008539,54.33,6257335.0,1201258.0,65264347.14,PAYPAL HOLDINGS INC,PYPL,024616,2017-03-31,33493.0,18867.0,14626.0,2975.0,384.0,51451.92,43.02,400925719.0,21937.595677310925,4462.214353890332,169959.23734375,65268588.14,21939.021223529413,0.009862822499406964,-0.21337313628092902,0.009748473213645137,0.11189911134204931,-0.020465682306456904,crypto
15826,2017-06-23,-0.004531,-0.004531,24.17,15013719.0,229954.0,5557988.180000001,BLOCK INC,XYZ,026367,2017-03-31,1591.113,963.18,627.933,461.554,-15.09,6451.7645,17.28,378048795.0,12041.902312622144,8851.243970296195,-368322.6096752817,5558323.427,12042.62865666856,-0.040911670020781506,-0.12806918658007962,-0.040904607045880226,0.10387507515565521,-0.026502597122771535,crypto
92213,2017-06-23,0.0,0.0,3.94,21832.0,5410.0,21315.4,RIOT PLATFORMS INC,RIOT,148170,2017-03-31,13.322,1.916,11.406,0.024,-4.354,19.64,4.0,1584003.0,888141.6666666667,1868.7883570050851,-4895.590261828204,21305.910000000003,887746.2500000001,0.02965760430757676,-0.20621843955519417,0.02961811281188588,0.19859969400249378,0.012914242891690561,crypto
15826,2017-06-26,-0.00993,-0.00993,23.93,5205385.0,229954.0,5502799.22,BLOCK INC,XYZ,026367,2017-03-31,1591.113,963.18,627.933,461.554,-15.09,6451.7645,17.28,378048795.0,11922.33025821464,8763.354083954817,-364665.2895957588,5503134.466999999,11923.056602261056,-0.05335625157116085,-0.13980479361152176,-0.05334837301778921,0.10711586957033516,-0.03484838715753417,crypto
92213,2017-06-26,0.017513,0.017513,4.009,14016.0,5410.0,21688.690000000002,RIOT PLATFORMS INC,RIOT,148170,2017-03-31,13.322,1.916,11.406,0.024,-4.354,19.64,4.0,1584003.0,903695.4166666667,1901.515868840961,-4981.325218190171,21679.200000000004,903300.0000000001,0.03841998503010908,-0.19840932309592713,0.03838062337947356,0.19205070773551516,0.01761049826229267,crypto
15488,2017-06-26,-0.01086,-0.01086,53.74,4890334.0,1201258.0,64555604.92,PAYPAL HOLDINGS INC,PYPL,024616,2017-03-31,33493.0,18867.0,14626.0,2975.0,384.0,51451.92,43.02,400925719.0,21699.362998319328,4413.756660741146,168113.55447916666,64559845.92,21700.788544537816,-0.04671851575948526,-0.24779300473425736,-0.04682130082202989,0.06071158207175329,-0.0701553098110048,crypto
92213,2017-06-27,-0.002245,-0.002245,4.0,5928.0,5410.0,21640.0,RIOT PLATFORMS INC,RIOT,148170,2017-03-31,13.322,1.916,11.406,0.024,-4.354,19.64,4.0,1584003.0,901666.6666666666,1897.2470629493248,-4970.142397795131,21630.510000000002,901271.2500000001,0.03727706580543089,-0.19942790350365766,0.03723768721848387,0.19290492333555592,0.016997943213953252,crypto
15488,2017-06-27,-0.018794,-0.018794,52.73,7706819.0,1201258.0,63342334.339999996,PAYPAL HOLDINGS INC,PYPL,024616,2017-03-31,33493.0,18867.0,14626.0,2975.0,384.0,51451.92,43.02,400925719.0,21291.540954621847,4330.8036606044025,164953.99567708332,63346575.339999996,21292.966500840335,-0.14357809481284345,-0.3067151524255499,-0.1436610834932705,-0.026914527357058834,-0.15521721452218068,crypto
15826,2017-06-27,-0.025491,-0.025491,23.32,5745779.0,229954.0,5362527.28,BLOCK INC,XYZ,026367,2017-03-31,1591.113,963.18,627.933,461.554,-15.09,6451.7645,17.28,378048795.0,11618.417953262242,8539.967289503817,-355369.60106030485,5362862.527,11619.144297308658,-0.08498622967837453,-0.16963279481643698,-0.08497627819639074,0.11535288870764655,-0.05606060349588893,crypto
92213,2017-06-28,-0.0025,-0.0025,3.99,5600.0,5410.0,21585.9,RIOT PLATFORMS INC,RIOT,148170,2017-03-31,13.322,1.916,11.406,0.024,-4.354,19.64,4.0,1584003.0,899412.5,1892.5039452919516,-4957.7170418006435,21576.410000000003,899017.0833333335,0.036007155555788546,-0.20055965951224705,0.03596775815071756,0.19385405178004553,0.016317326493576145,crypto
15488,2017-06-28,0.031481,0.031481,54.39,7934293.0,1201258.0,65336422.62,PAYPAL HOLDINGS INC,PYPL,024616,2017-03-31,33493.0,18867.0,14626.0,2975.0,384.0,51451.92,43.02,400925719.0,21961.822729411764,4467.142254888555,170146.93390625,65340663.62,21963.248275630252,0.015616856898616138,-0.20987281067550537,0.015501331590154257,0.1171046227932659,-0.015412499848367268,crypto
15826,2017-06-28,0.042024,0.042024,24.3,6957710.0,229954.0,5587882.2,BLOCK INC,XYZ,026367,2017-03-31,1591.113,963.18,627.933,461.554,-15.09,6451.7645,17.28,378048795.0,12106.67050875954,8898.850992064441,-370303.65805168985,5588217.447,12107.396852805956,-0.03417085501432613,-0.12171239943804847,-0.034164233811096296,0.10211964484770364,-0.021981960853941815,crypto
92213,2017-06-29,0.0,0.0,3.99,7109.0,5410.0,21585.9,RIOT PLATFORMS INC,RIOT,148170,2017-03-31,13.322,1.916,11.406,0.024,-4.354,19.64,4.0,1584003.0,899412.5,1892.5039452919516,-4957.7170418006435,21576.410000000003,899017.0833333335,0.036007155555788546,-0.20055965951224705,0.03596775815071756,0.19385405178004553,0.016317326493576145,crypto
15488,2017-06-29,-0.017834,-0.017834,53.42,11616229.0,1201258.0,64171202.36,PAYPAL HOLDINGS INC,PYPL,024616,2017-03-31,33493.0,18867.0,14626.0,2975.0,384.0,51451.92,43.02,400925719.0,21570.152053781512,4387.47452208396,167112.50614583332,64175443.36,21571.5776,-0.07740669922193534,-0.2664614079631815,-0.07750321216341302,0.032948854331931496,-0.0971056162541496,crypto
15826,2017-06-29,-0.037037,-0.037037,23.4,7136266.0,229954.0,5380923.6,BLOCK INC,XYZ,026367,2017-03-31,1591.113,963.18,627.933,461.554,-15.09,6451.7645,17.28,378048795.0,11658.275304731407,8569.263918284276,-356588.70775347913,5381258.846999999,11659.001648777823,-0.08083803582824833,-0.16572092580595627,-0.08082835620575467,0.11427262390275326,-0.0532786734843015,crypto
92213,2017-06-30,0.022556,0.022556,4.08,15349.0,5393.0,22003.44,RIOT PLATFORMS INC,RIOT,148170,2017-06-30,12.907,1.894,11.013,0.024,-1.312,22.0034,4.08,1041275.0,916809.9999999999,1997.9515118496322,-16770.91463414634,21994.321,916430.0416666666,0.045808233663656744,-0.17539879999671945,0.04577769025125895,-0.7085138047422102,-0.19808167020600348,crypto
15826,2017-06-30,0.002564,0.002564,23.46,4259014.0,229954.0,5394720.84,BLOCK INC,XYZ,026367,2017-06-30,1741.714,1037.97,703.744,551.505,-15.962,8976.2652,23.46,482642017.0,9781.81673783556,7665.743281647871,-337972.7377521614,5395055.066,9782.422763166245,-0.2761323441627052,-0.2863646491938575,-0.27612238704002756,0.13076845426277742,-0.1769627315334532,crypto
15488,2017-06-30,0.00468,0.00468,53.67,8234950.0,1202000.0,64511340.0,PAYPAL HOLDINGS INC,PYPL,024616,2017-06-30,35290.0,20292.0,14998.0,3136.0,411.0,64511.34,53.67,499371934.0,20571.218112244896,4301.329510601414,156961.89781021897,64516634.0,20572.90625,-0.3146580263010611,-0.3276508656208361,-0.31464369534370445,-0.24856460134392672,-0.3013792971523821,crypto
15826,2017-07-03,-0.026854,-0.026854,22.83,3584138.0,229954.0,5249849.819999999,BLOCK INC,XYZ,026367,2017-06-30,1741.714,1037.97,703.744,551.505,-15.962,8976.2652,23.46,482642017.0,9519.13367965839,7459.885725491086,-328896.7435158501,5250184.045999999,9519.739704989073,-0.30347134703914747,-0.31385203692497227,-0.3034595982047876,0.13881079969308,-0.19549304561895683,crypto
15488,2017-07-03,-0.014906,-0.014906,52.87,4831590.0,1202000.0,63549740.0,PAYPAL HOLDINGS INC,PYPL,024616,2017-06-30,35290.0,20292.0,14998.0,3136.0,411.0,64511.34,53.67,499371934.0,20264.585459183672,4237.214295239365,154622.2384428224,63555034.0,20266.273596938776,-0.38748466762297074,-0.3731923913353268,-0.3874554521902319,-0.3134519038427617,-0.3653961037478228,crypto
92213,2017-07-03,-0.051471,-0.051471,3.87,16104.0,5371.0,20785.77,RIOT PLATFORMS INC,RIOT,148170,2017-06-30,12.907,1.894,11.013,0.024,-1.312,22.0034,4.08,1041275.0,866073.75,1887.3849087442115,-15842.8125,20776.651,865693.7916666667,0.017225394224063113,-0.2017811135830917,0.01719442725778345,-0.637619406601777,-0.20124517467575553,crypto
15826,2017-07-05,0.040736,0.040736,23.76,9202982.0,229954.0,5463707.04,BLOCK INC,XYZ,026367,2017-06-30,1741.714,1037.97,703.744,551.505,-15.962,8976.2652,23.46,482642017.0,9906.903908396116,7763.770689341579,-342294.63976945245,5464041.266,9907.509933726802,-0.2631137713643994,-0.27327541694094565,-0.263104667437761,0.12693876596263334,-0.16813877244511818,crypto
15488,2017-07-05,0.032911,0.032911,54.61,9800564.0,1202000.0,65641220.0,PAYPAL HOLDINGS INC,PYPL,024616,2017-06-30,35290.0,20292.0,14998.0,3136.0,411.0,64511.34,53.67,499371934.0,20931.511479591838,4376.664888651821,159710.99756690997,65646514.0,20933.199617346938,-0.2290867227478165,-0.27413957290631,-0.2290898810490348,-0.17232202090779533,-0.22615954940273916,crypto
92213,2017-07-05,0.01292,0.01292,3.92,2484.0,5371.0,21054.32,RIOT PLATFORMS INC,RIOT,148170,2017-06-30,12.907,1.894,11.013,0.024,-1.312,22.0034,4.08,1041275.0,877263.3333333333,1911.769726686643,-16047.5,21045.201,876883.375,0.0235291723671584,-0.1959626485526481,0.02349829881321128,-0.6532547516629293,-0.20054748225880195,crypto
15488,2017-07-06,-0.020875,-0.020875,53.47,7447943.0,1202000.0,64270940.0,PAYPAL HOLDINGS INC,PYPL,024616,2017-06-30,35290.0,20292.0,14998.0,3136.0,411.0,64511.34,53.67,499371934.0,20494.559948979593,4285.300706760901,156376.98296836982,64276234.0,20496.248086734693,-0.33286468663153784,-0.33903624704945895,-0.33284663455533653,-0.26478642696863564,-0.3173834988012422,crypto
92213,2017-07-06,-0.005102,-0.005102,3.9,3246.0,5371.0,20946.899999999998,RIOT PLATFORMS INC,RIOT,148170,2017-06-30,12.907,1.894,11.013,0.024,-1.312,22.0034,4.08,1041275.0,872787.4999999999,1902.0157995096702,-15965.624999999998,20937.781,872407.5416666666,0.021007661109920243,-0.1982900345648256,0.02097675019104011,-0.6470006136384684,-0.2008265592255834,crypto
15826,2017-07-06,-0.022727,-0.022727,23.22,5135124.0,229954.0,5339531.88,BLOCK INC,XYZ,026367,2017-06-30,1741.714,1037.97,703.744,551.505,-15.962,8976.2652,23.46,482642017.0,9681.747001387113,7587.321355492906,-334515.21613832854,5339866.106,9682.3530267178,-0.28654720240134984,-0.2968360349961868,-0.28653656272184086,0.13383220490289266,-0.18402189880412123,crypto
15826,2017-07-07,0.015935,0.015935,23.59,3423880.0,229954.0,5424614.86,BLOCK INC,XYZ,026367,2017-06-30,1741.714,1037.97,703.744,551.505,-15.962,8976.2652,23.46,482642017.0,9836.021178411802,7708.221824981812,-339845.5619596542,5424949.086,9836.627203742486,-0.2704909626167725,-0.28069264855092896,-0.2704813752123788,0.1291089226660483,-0.173139015928508,crypto
15488,2017-07-07,0.009351,0.009351,53.97,4948120.0,1202000.0,64871940.0,PAYPAL HOLDINGS INC,PYPL,024616,2017-06-30,35290.0,20292.0,14998.0,3136.0,411.0,64511.34,53.67,499371934.0,20686.20535714286,4325.372716362182,157839.2700729927,64877234.0,20687.89349489796,-0.28734803580534424,-0.31057279347790256,-0.2873392865262568,-0.22423186290686367,-0.2773729946790918,crypto
92213,2017-07-07,0.015385,0.015385,3.96,17603.0,5371.0,21269.16,RIOT PLATFORMS INC,RIOT,148170,2017-06-30,12.907,1.894,11.013,0.024,-1.312,22.0034,4.08,1041275.0,886215.0,1931.2775810405883,-16211.25,21260.041,885835.0416666667,0.0285721948816347,-0.19130787652829323,0.028541396057553625,-0.6657630277118513,-0.19998932832523902,crypto
15488,2017-07-10,0.017973,0.017973,54.94,10469616.0,1202000.0,66037880.0,PAYPAL HOLDINGS INC,PYPL,024616,2017-06-30,35290.0,20292.0,14998.0,3136.0,411.0,64511.34,53.67,499371934.0,21057.997448979593,4403.1124149886655,160676.10705596107,66043174.0,21059.685586734693,-0.19904573320252872,-0.25535369354908277,-0.19905503134984218,-0.1455560086270256,-0.19975261668211983,crypto
15826,2017-07-10,0.014837,0.014837,23.94,4661096.0,229954.0,5505098.760000001,BLOCK INC,XYZ,026367,2017-06-30,1741.714,1037.97,703.744,551.505,-15.962,8976.2652,23.46,482642017.0,9981.956210732451,7822.587133957803,-344887.78097982716,5505432.9860000005,9982.562236063137,-0.25530262768541584,-0.2654218775891985,-0.255294035676401,0.12464095298254683,-0.16284439699211714,crypto
92213,2017-07-10,-0.030303,-0.030303,3.84,6869.0,5371.0,20624.64,RIOT PLATFORMS INC,RIOT,148170,2017-06-30,12.907,1.894,11.013,0.024,-1.312,22.0034,4.08,1041275.0,859360.0,1872.7540179787522,-15719.999999999998,20615.521,858980.0416666666,0.013443127338205917,-0.20527219260135793,0.013412104324526657,-0.6282381995650855,-0.20166379012592772,crypto
15826,2017-07-11,0.062657,0.062657,25.44,17666020.0,229954.0,5850029.760000001,BLOCK INC,XYZ,026367,2017-06-30,1741.714,1037.97,703.744,551.505,-15.962,8976.2652,23.46,482642017.0,10607.392063535237,8312.724172426337,-366497.2910662825,5850363.9860000005,10607.998088865923,-0.1902097636938866,-0.19997571632463987,-0.19020543766506812,0.10549251148182648,-0.11872460155044202,crypto
92213,2017-07-11,-0.023438,-0.023438,3.75,4608.0,5371.0,20141.25,RIOT PLATFORMS INC,RIOT,148170,2017-06-30,12.907,1.894,11.013,0.024,-1.312,22.0034,4.08,1041275.0,839218.75,1828.8613456823755,-15351.5625,20132.131,838838.7916666667,0.0020963266806343275,-0.2157454296561564,0.0020651355247565456,-0.6000945784550114,-0.20291963647644423,crypto
15488,2017-07-11,-0.003276,-0.003276,54.76,9011496.0,1202000.0,65821520.0,PAYPAL HOLDINGS INC,PYPL,024616,2017-06-30,35290.0,20292.0,14998.0,3136.0,411.0,64511.34,53.67,499371934.0,20989.005102040817,4388.686491532204,160149.68369829684,65826814.0,20990.693239795917,-0.2154317274999585,-0.2656005368348436,-0.21543767664031097,-0.1601556516892634,-0.2141563981660941,crypto
15488,2017-07-12,0.032688,0.032688,56.55,17490833.0,1202000.0,67973100.0,PAYPAL HOLDINGS INC,PYPL,024616,2017-06-30,35290.0,20292.0,14998.0,3136.0,411.0,64511.34,53.67,499371934.0,21675.095663265307,4532.1442859047875,165384.67153284673,67978394.0,21676.783801020407,-0.052482117542185514,-0.16370137304867113,-0.052521370696205605,-0.01497031234811919,-0.07091879340879537,crypto
92213,2017-07-12,-0.02664,-0.02664,3.6501,14714.0,5371.0,19604.6871,RIOT PLATFORMS INC,RIOT,148170,2017-06-30,12.907,1.894,11.013,0.024,-1.312,22.0034,4.08,1041275.0,816861.9624999999,1780.1404794333969,-14942.596875,19595.5681,816482.0041666667,-0.01049862204927019,-0.22737072278698278,-0.010529999842988405,-0.5688551590228289,-0.20431362592551758,crypto
15826,2017-07-12,0.030267,0.030267,26.21,15317864.0,229954.0,6027094.34,BLOCK INC,XYZ,026367,2017-06-30,1741.714,1037.97,703.744,551.505,-15.962,8976.2652,23.46,482642017.0,10928.449134640665,8564.327852173517,-377590.17291066283,6027428.566,10929.05515997135,-0.15679542684490183,-0.16638002020883305,-0.15679329068591746,0.09566297817812341,-0.09607643989038223,crypto
15488,2017-07-13,0.023873,0.023873,57.9,14795531.0,1202000.0,69595800.0,PAYPAL HOLDINGS INC,PYPL,024616,2017-06-30,35290.0,20292.0,14998.0,3136.0,411.0,64511.34,53.67,499371934.0,22192.538265306124,4640.3387118282435,169332.84671532846,69601094.0,22194.226403061224,0.07041283968853738,-0.08685004840546903,0.07034846898230987,0.09452701061866485,0.03710956772101077,crypto
15826,2017-07-13,-0.008775,-0.008775,25.98,8412977.0,229954.0,5974204.92,BLOCK INC,XYZ,026367,2017-06-30,1741.714,1037.97,703.744,551.505,-15.962,8976.2652,23.46,482642017.0,10832.548970544238,8489.173506275009,-374276.71469740634,5974539.146,10833.154995874924,-0.1667763326569363,-0.17641509826939877,-0.1667735423809885,0.09859907254156722,-0.10284147519143909,crypto
92213,2017-07-13,0.049286,0.049286,3.83,46886.0,5371.0,20570.93,RIOT PLATFORMS INC,RIOT,148170,2017-06-30,12.907,1.894,11.013,0.024,-1.312,22.0034,4.08,1041275.0,857122.0833333334,1867.877054390266,-15679.0625,20561.811,856742.125,0.012182371709586873,-0.20643588560744663,0.012151330013441104,-0.6251111305528552,-0.20180332860931846,crypto
92213,2017-07-14,0.020888,0.020888,3.91,32108.0,5371.0,21000.61,RIOT PLATFORMS INC,RIOT,148170,2017-06-30,12.907,1.894,11.013,0.024,-1.312,22.0034,4.08,1041275.0,875025.4166666666,1906.8927630981568,-16006.5625,20991.491,874645.4583333334,0.022268416738539354,-0.19712634155873682,0.022237524502125728,-0.6501276826506989,-0.20068702074219263,crypto
15488,2017-07-14,-0.012781,-0.012781,57.16,11777059.0,1202000.0,68706320.0,PAYPAL HOLDINGS INC,PYPL,024616,2017-06-30,35290.0,20292.0,14998.0,3136.0,411.0,64511.34,53.67,499371934.0,21908.90306122449,4581.032137618349,167168.66180048662,68711614.0,21910.591198979593,0.00304819646577043,-0.1289759596913723,0.0029975938992722858,0.03450625580724244,-0.022105978379771785,crypto
15826,2017-07-14,0.013472,0.013472,26.33,6816658.0,229954.0,6054688.819999999,BLOCK INC,XYZ,026367,2017-06-30,1741.714,1037.97,703.744,551.505,-15.962,8976.2652,23.46,482642017.0,10978.484002864887,8603.538815250999,-379318.93371757923,6055023.045999999,10979.090028195573,-0.1515879977255796,-0.16114432730766856,-0.15158620284501093,0.09413110285806581,-0.09254685625504833,crypto
15488,2017-07-17,0.007348,0.007348,57.58,5803328.0,1202000.0,69211160.0,PAYPAL HOLDINGS INC,PYPL,024616,2017-06-30,35290.0,20292.0,14998.0,3136.0,411.0,64511.34,53.67,499371934.0,22069.88520408163,4614.692625683424,168396.98296836982,69216454.0,22071.573341836734,0.04128218315977267,-0.10506665869126529,0.04122376624369888,0.06857208961913068,0.011502845082834235,crypto
15826,2017-07-17,-0.005317,-0.005317,26.19,4231257.0,229954.0,6022495.260000001,BLOCK INC,XYZ,026367,2017-06-30,1741.714,1037.97,703.744,551.505,-15.962,8976.2652,23.46,482642017.0,10920.109989936629,8557.792691660605,-377302.0461095101,6022829.4860000005,10920.716015267315,-0.15766333169812208,-0.16725263569236035,-0.15766113865940176,0.09591829073146634,-0.09666470382960446,crypto
92213,2017-07-17,0.023018,0.023018,4.0,7116.0,5371.0,21484.0,RIOT PLATFORMS INC,RIOT,148170,2017-06-30,12.907,1.894,11.013,0.024,-1.312,22.0034,4.08,1041275.0,895166.6666666666,1950.7854353945338,-16375.0,21474.881,894786.7083333334,0.033615217396110945,-0.1866531045039383,0.033584493301895904,-0.6782713037607732,-0.19943117439167615,crypto
15488,2017-07-18,0.023967,0.023967,58.96,9477534.0,1202000.0,70869920.0,PAYPAL HOLDINGS INC,PYPL,024616,2017-06-30,35290.0,20292.0,14998.0,3136.0,411.0,64511.34,53.67,499371934.0,22598.826530612245,4725.291372182957,172432.89537712897,70875214.0,22600.51466836735,0.16690813944006735,-0.026507526833769498,0.1668240468039593,0.18050268642962225,0.12193183645996986,crypto
15826,2017-07-18,0.015273,0.015273,26.59,7662488.0,229954.0,6114476.86,BLOCK INC,XYZ,026367,2017-06-30,1741.714,1037.97,703.744,551.505,-15.962,8976.2652,23.46,482642017.0,11086.892884017372,8688.49590191888,-383064.58213256486,6114811.086,11087.498909348056,-0.14030523463371428,-0.14980032602181154,-0.14030417918971316,0.09081203966460759,-0.08489942504515785,crypto
92213,2017-07-18,0.005025,0.005025,4.0201,3075.0,5371.0,21591.9571,RIOT PLATFORMS INC,RIOT,148170,2017-06-30,12.907,1.894,11.013,0.024,-1.312,22.0034,4.08,1041275.0,899664.8791666667,1960.5881322073913,-16457.284375,21582.8381,899284.9208333334,0.03614933620963528,-0.18431408156169998,0.03611864966717793,-0.6845567124753563,-0.19915070204006077,crypto
92213,2017-07-19,-2.5e-05,-2.5e-05,4.02,4191.0,5371.0,21591.42,RIOT PLATFORMS INC,RIOT,148170,2017-06-30,12.907,1.894,11.013,0.024,-1.312,22.0034,4.08,1041275.0,899642.4999999999,1960.5393625715062,-16456.874999999996,21582.301,899262.5416666666,0.03613672865334903,-0.1843257184917609,0.03610604192406701,-0.6845254417852338,-0.19915209742489468,crypto
15826,2017-07-19,-0.00865,-0.00865,26.36,4567482.0,229954.0,6061587.4399999995,BLOCK INC,XYZ,026367,2017-06-30,1741.714,1037.97,703.744,551.505,-15.962,8976.2652,23.46,482642017.0,10990.992719920943,8613.34155602037,-379751.1239193083,6061921.665999999,10991.59874525163,-0.15028614044574895,-0.15983540408237726,-0.1502844308847842,0.09374813402805143,-0.09166446034621474,crypto
15488,2017-07-19,-0.010346,-0.010346,58.35,9706707.0,1202000.0,70136700.0,PAYPAL HOLDINGS INC,PYPL,024616,2017-06-30,35290.0,20292.0,14998.0,3136.0,411.0,64511.34,53.67,499371934.0,22365.019132653062,4676.4035204693955,170648.90510948905,70141994.0,22366.707270408162,0.1113778254321114,-0.06123294019106833,0.1113050822084814,0.1310261182742598,0.07311902143094606,crypto
15826,2017-07-20,0.001138,0.001138,26.39,4154795.0,229954.0,6068486.0600000005,BLOCK INC,XYZ,026367,2017-06-30,1741.714,1037.97,703.744,551.505,-15.962,8976.2652,23.46,482642017.0,11003.501436977,8623.144296789742,-380183.3141210375,6068820.286,11004.107462307686,-0.14898428316591827,-0.15852648085708596,-0.14898265892455745,0.09336516519803696,-0.09078206443738118,crypto
15488,2017-07-20,0.012682,0.012682,59.09,8057396.0,1202000.0,71026180.0,PAYPAL HOLDINGS INC,PYPL,024616,2017-06-30,35290.0,20292.0,14998.0,3136.0,411.0,64511.34,53.67,499371934.0,22648.654336734693,4735.710094679291,172813.0900243309,71031474.0,22650.342474489797,0.1787424686548775,-0.019107028905164407,0.17865595729151984,0.19104687308568222,0.1323345675317288,crypto
92213,2017-07-20,-0.017413,-0.017413,3.95,847.0,5371.0,21215.45,RIOT PLATFORMS INC,RIOT,148170,2017-06-30,12.907,1.894,11.013,0.024,-1.312,22.0034,4.08,1041275.0,883977.0833333334,1926.400617452102,-16170.3125,21206.331000000002,883597.1250000001,0.02731143925301566,-0.19247156953438194,0.027280621746468073,-0.6626359586996208,-0.20012886680862974,crypto
15826,2017-07-21,0.017431,0.017431,26.85,5700541.0,229954.0,6174264.9,BLOCK INC,XYZ,026367,2017-06-30,1741.714,1037.97,703.744,551.505,-15.962,8976.2652,23.46,482642017.0,11195.301765169854,8773.45298858676,-386810.2305475505,6174599.126,11195.90779050054,-0.12902247154184934,-0.1384563247359545,-0.1290221555344154,0.08749297647114936,-0.07725199383526747,crypto
92213,2017-07-21,-0.022785,-0.022785,3.86,12665.0,5371.0,20732.059999999998,RIOT PLATFORMS INC,RIOT,148170,2017-06-30,12.907,1.894,11.013,0.024,-1.312,22.0034,4.08,1041275.0,863835.8333333333,1882.5079451557249,-15801.874999999998,20722.941,863455.8749999999,0.015964638595444003,-0.2029448065891805,0.015933652946697765,-0.6344923375895465,-0.2013847131591463,crypto
15488,2017-07-21,-0.007108,-0.007108,58.67,7577010.0,1202397.0,70544631.99,PAYPAL HOLDINGS INC,PYPL,024616,2017-06-30,35290.0,20292.0,14998.0,3136.0,411.0,64511.34,53.67,499371934.0,22495.09948660714,4703.6026130150685,171641.4403649635,70549925.99,22496.787624362245,0.14227249756133598,-0.04191321763246976,0.14219344001401427,0.15855274726144958,0.10027636680108251,crypto
92213,2017-07-24,0.012953,0.012953,3.91,9457.0,5371.0,21000.61,RIOT PLATFORMS INC,RIOT,148170,2017-06-30,12.907,1.894,11.013,0.024,-1.312,22.0034,4.08,1041275.0,875025.4166666666,1906.8927630981568,-16006.5625,20991.491,874645.4583333334,0.022268416738539354,-0.19712634155873682,0.022237524502125728,-0.6501276826506989,-0.20068702074219263,crypto
15488,2017-07-24,-0.001534,-0.001534,58.58,6429338.0,1202397.0,70436416.26,PAYPAL HOLDINGS INC,PYPL,024616,2017-06-30,35290.0,20292.0,14998.0,3136.0,411.0,64511.34,53.67,499371934.0,22460.59191964286,4696.387268969196,171378.14175182482,70441710.26,22462.280057397962,0.134076794406076,-0.04703833145371254,0.1339994119152946,0.15125051472438436,0.0930720973980106,crypto
15826,2017-07-24,-0.003724,-0.003724,26.75,9104230.0,229954.0,6151269.5,BLOCK INC,XYZ,026367,2017-06-30,1741.714,1037.97,703.744,551.505,-15.962,8976.2652,23.46,482642017.0,11153.606041649668,8740.77718602219,-385369.59654178674,6151603.726,11154.212066980353,-0.13336199580795136,-0.14281940215359196,-0.13336139540183764,0.0887695392378641,-0.0801933135313792,crypto
15488,2017-07-25,-0.005463,-0.005463,58.26,8514021.0,1202397.0,70051649.22,PAYPAL HOLDINGS INC,PYPL,024616,2017-06-30,35290.0,20292.0,14998.0,3136.0,411.0,64511.34,53.67,499371934.0,22337.898348214287,4670.732712361648,170441.96890510948,70056943.22,22339.586485969387,0.10493651652070475,-0.0652609583736884,0.10486508978651021,0.12528702125926178,0.06745691729819708,crypto
92213,2017-07-25,-0.025576,-0.025576,3.81,8665.0,5371.0,20463.510000000002,RIOT PLATFORMS INC,RIOT,148170,2017-06-30,12.907,1.894,11.013,0.024,-1.312,22.0034,4.08,1041275.0,852646.2500000001,1858.1231272132936,-15597.1875,20454.391000000003,852266.2916666667,0.009660860452348785,-0.20876327161962402,0.009629781391269998,-0.6188569925283942,-0.20208240557609985,crypto
15826,2017-07-25,0.005234,0.005234,26.89,4223350.0,229954.0,6183463.0600000005,BLOCK INC,XYZ,026367,2017-06-30,1741.714,1037.97,703.744,551.505,-15.962,8976.2652,23.46,482642017.0,11211.980054577929,8786.523309612587,-387386.48414985597,6183797.286,11212.586079908615,-0.1272866618354085,-0.13671109376889967,-0.12728645958744642,0.08698235136446347,-0.07607546595682277,crypto
92213,2017-07-26,-0.028871,-0.028871,3.7,21191.0,5371.0,19872.7,RIOT PLATFORMS INC,RIOT,148170,2017-06-30,12.907,1.894,11.013,0.024,-1.312,22.0034,4.08,1041275.0,828029.1666666666,1804.4765277399438,-15146.875,19863.581000000002,827649.2083333334,-0.004207451462461022,-0.2215638946866,-0.0042387360306713525,-0.584459233393859,-0.20361732889339784,crypto
15488,2017-07-26,0.009097,0.009097,58.79,13615557.0,1202397.0,70688919.63,PAYPAL HOLDINGS INC,PYPL,024616,2017-06-30,35290.0,20292.0,14998.0,3136.0,411.0,64511.34,53.67,499371934.0,22541.109575892857,4713.223071742898,171992.50518248175,70694213.63,22542.797713647957,0.1532001017683504,-0.03507973253747938,0.15311881081230747,0.16828905731087063,0.10988205933851228,crypto
15826,2017-07-26,0.015619,0.015619,27.31,7892839.0,229954.0,6280043.739999999,BLOCK INC,XYZ,026367,2017-06-30,1741.714,1037.97,703.744,551.505,-15.962,8976.2652,23.46,482642017.0,11387.102093362706,8923.761680383775,-393437.14697406336,6280377.965999999,11387.708118693392,-0.10906065991778062,-0.11838616861482333,-0.10906165214427353,0.08162078774426186,-0.0637219232331539,crypto
92213,2017-07-27,-0.021622,-0.021622,3.62,12408.0,5371.0,19443.02,RIOT PLATFORMS INC,RIOT,148170,2017-06-30,12.907,1.894,11.013,0.024,-1.312,22.0034,4.08,1041275.0,810125.8333333334,1765.460819032053,-14819.375,19433.901,809745.875,-0.014293496491413501,-0.23087343873530983,-0.014324930519355976,-0.5594426812960153,-0.20473363676052364,crypto
15488,2017-07-27,0.023133,0.023133,60.15,22713432.0,1202397.0,72324179.55,PAYPAL HOLDINGS INC,PYPL,024616,2017-06-30,35290.0,20292.0,14998.0,3136.0,411.0,64511.34,53.67,499371934.0,23062.557254464286,4822.254937324977,175971.2397810219,72329473.55,23064.245392219385,0.2770462827811778,0.042366431872416496,0.276939679859637,0.27863390453763986,0.2187465747627178,crypto
15826,2017-07-27,-0.050897,-0.050897,25.92,14476131.0,229954.0,5960407.680000001,BLOCK INC,XYZ,026367,2017-06-30,1741.714,1037.97,703.744,551.505,-15.962,8976.2652,23.46,482642017.0,10807.531536432129,8469.568024736269,-373412.3342939482,5960741.906,10808.137561762813,-0.16938004721659725,-0.1790329447199809,-0.16937708630144177,0.09936501020159597,-0.104606267009106,crypto
15826,2017-07-28,0.010803,0.010803,26.2,7787898.0,229954.0,6024794.8,BLOCK INC,XYZ,026367,2017-06-30,1741.714,1037.97,703.744,551.505,-15.962,8976.2652,23.46,482642017.0,10924.279562288646,8561.06027191706,-377446.1095100865,6025129.026,10924.885587619332,-0.15722937927151207,-0.16681632795059684,-0.1572272146726597,0.09579063445479487,-0.09637057185999344,crypto
92213,2017-07-28,0.041437,0.041437,3.77,17985.0,5371.0,20248.670000000002,RIOT PLATFORMS INC,RIOT,148170,2017-06-30,12.907,1.894,11.013,0.024,-1.312,22.0034,4.08,1041275.0,843694.5833333334,1838.6152728593481,-15433.4375,20239.551000000003,843314.6250000001,0.004617837937872481,-0.21341804364397896,0.004586684146927718,-0.6063487164794723,-0.20264055950966275,crypto
15488,2017-07-28,-0.015794,-0.015794,59.2,10800785.0,1202397.0,71181902.4,PAYPAL HOLDINGS INC,PYPL,024616,2017-06-30,35290.0,20292.0,14998.0,3136.0,411.0,64511.34,53.67,499371934.0,22698.310714285715,4746.09297239632,173191.9766423358,71187196.4,22699.99885204082,0.1905360828089825,-0.011731991796260114,0.19044716103981238,0.20155478331305923,0.14270150884139848,crypto
15488,2017-07-31,-0.01098,-0.01098,58.55,7400741.0,1202397.0,70400344.35,PAYPAL HOLDINGS INC,PYPL,024616,2017-06-30,35290.0,20292.0,14998.0,3136.0,411.0,64511.34,53.67,499371934.0,22449.089397321426,4693.982154287238,171290.37554744523,70405638.35,22450.77753507653,0.13134489335432153,-0.04874670272746078,0.13126806921572023,0.1488164372120285,0.09067067426365237,crypto
92213,2017-07-31,-0.007958,-0.007958,3.74,10554.0,5371.0,20087.54,RIOT PLATFORMS INC,RIOT,148170,2017-06-30,12.907,1.894,11.013,0.024,-1.312,22.0034,4.08,1041275.0,836980.8333333334,1823.984382093889,-15310.625,20078.421000000002,836600.8750000001,0.0008355710520152839,-0.21690912266224513,0.000804361213670992,-0.5969675094427809,-0.20305917495983494,crypto
15826,2017-07-31,0.005725,0.005725,26.35,6473219.0,251877.0,6636958.95,BLOCK INC,XYZ,026367,2017-06-30,1741.714,1037.97,703.744,551.505,-15.962,8976.2652,23.46,482642017.0,12034.267957679442,9430.927936863405,-415797.45332665084,6637293.176,12034.873983010128,-0.04170622317234996,-0.050666159710335515,-0.041711629595356445,0.06180705682589747,-0.018069238913036113,crypto
15826,2017-08-01,0.017457,0.017457,26.81,6999168.0,251877.0,6752822.37,BLOCK INC,XYZ,026367,2017-06-30,1741.714,1037.97,703.744,551.505,-15.962,8976.2652,23.46,482642017.0,12244.353849919766,9595.566527032557,-423056.15649667964,6753156.596,12244.959875250452,-0.019841323120880515,-0.028682585981145387,-0.019848162500203468,0.0553750344215807,-0.003249259295162168,crypto
92213,2017-08-01,-0.008021,-0.008021,3.71,9321.0,5371.0,19926.41,RIOT PLATFORMS INC,RIOT,148170,2017-06-30,12.907,1.894,11.013,0.024,-1.312,22.0034,4.08,1041275.0,830267.0833333333,1809.35349132843,-15187.8125,19917.291,829887.125,-0.002946695833841978,-0.22040020168051133,-0.0029779617195857993,-0.5875863024060894,-0.20347779041000713,crypto
15488,2017-08-01,0.013493,0.013493,59.34,9081634.0,1202397.0,71350237.98,PAYPAL HOLDINGS INC,PYPL,024616,2017-06-30,35290.0,20292.0,14998.0,3136.0,411.0,64511.34,53.67,499371934.0,22751.989151785714,4757.316840912122,173601.55226277374,71355531.98,22753.677289540818,0.2032849543838321,-0.0037595925187711267,0.20319342697115486,0.21291381170404983,0.15390815013506642,crypto
15488,2017-08-02,-0.003707,-0.003707,59.12,6517344.0,1202397.0,71085710.64,PAYPAL HOLDINGS INC,PYPL,024616,2017-06-30,35290.0,20292.0,14998.0,3136.0,411.0,64511.34,53.67,499371934.0,22667.63732142857,4739.679333244432,172957.93343065694,71091004.64,22669.325459183674,0.18325101333763924,-0.01628764852625456,0.18316358050761605,0.195063909946778,0.13629771381644468,crypto
92213,2017-08-02,-0.005391,-0.005391,3.69,1063.0,5371.0,19818.989999999998,RIOT PLATFORMS INC,RIOT,148170,2017-06-30,12.907,1.894,11.013,0.024,-1.312,22.0034,4.08,1041275.0,825791.2499999999,1799.5995641514571,-15105.937499999998,19809.871,825411.2916666666,-0.005468207091080131,-0.22272758769268883,-0.005499510341756972,-0.5813321643816284,-0.20375686737678858,crypto
15826,2017-08-02,-0.013055,-0.013055,26.46,16149726.0,251877.0,6664665.42,BLOCK INC,XYZ,026367,2017-06-30,1741.714,1037.97,703.744,551.505,-15.962,8976.2652,23.46,482642017.0,12084.505888432563,9470.298034512549,-417533.2301716577,6664999.646,12085.111913763247,-0.03647766011656379,-0.04540921816639893,-0.03648340920303744,0.06026896451182175,-0.014525330743544602,crypto
15488,2017-08-03,-0.01184,-0.01184,58.42,6260328.0,1202397.0,70244032.74,PAYPAL HOLDINGS INC,PYPL,024616,2017-06-30,35290.0,20292.0,14998.0,3136.0,411.0,64511.34,53.67,499371934.0,22399.24513392857,4683.5599906654215,170910.05532846713,70249326.74,22400.933271683673,0.11950665546338951,-0.05614964491370079,0.11943225085090198,0.13826876799182267,0.08026450734810334,crypto
92213,2017-08-03,0.01355,0.01355,3.74,4504.0,5371.0,20087.54,RIOT PLATFORMS INC,RIOT,148170,2017-06-30,12.907,1.894,11.013,0.024,-1.312,22.0034,4.08,1041275.0,836980.8333333334,1823.984382093889,-15310.625,20078.421000000002,836600.8750000001,0.0008355710520152839,-0.21690912266224513,0.000804361213670992,-0.5969675094427809,-0.20305917495983494,crypto
15826,2017-08-03,-0.046863,-0.046863,25.22,15868206.0,251877.0,6352337.9399999995,BLOCK INC,XYZ,026367,2017-06-30,1741.714,1037.97,703.744,551.505,-15.962,8976.2652,23.46,482642017.0,11518.18739630647,9026.489661013095,-397966.29119157995,6352672.165999999,11518.793421637156,-0.09541782547269902,-0.10466928647986813,-0.09541971180736286,0.07760745968867575,-0.054474841017813566,crypto
15488,2017-08-04,0.007532,0.007532,58.86,6174328.0,1202397.0,70773087.42,PAYPAL HOLDINGS INC,PYPL,024616,2017-06-30,35290.0,20292.0,14998.0,3136.0,411.0,64511.34,53.67,499371934.0,22567.948794642856,4718.835006000801,172197.29299270074,70778381.42,22569.63693239796,0.1595745375557752,-0.031093532898733924,0.15949194377797954,0.17396857150636633,0.11548537998534678,crypto
15826,2017-08-04,-0.000397,-0.000397,25.21,8209666.0,251877.0,6349819.17,BLOCK INC,XYZ,026367,2017-06-30,1741.714,1037.97,703.744,551.505,-15.962,8976.2652,23.46,482642017.0,11513.62031169255,9022.910561226809,-397808.4932965794,6350153.396,11514.226337023236,-0.0958931493868614,-0.10514719025658967,-0.09589500457030098,0.07774728626268257,-0.05479701448776737,crypto
92213,2017-08-04,0.024064,0.024064,3.83,10319.0,5371.0,20570.93,RIOT PLATFORMS INC,RIOT,148170,2017-06-30,12.907,1.894,11.013,0.024,-1.312,22.0034,4.08,1041275.0,857122.0833333334,1867.877054390266,-15679.0625,20561.811,856742.125,0.012182371709586873,-0.20643588560744663,0.012151330013441104,-0.6251111305528552,-0.20180332860931846,crypto
15826,2017-08-07,0.018643,0.018643,25.68,5918518.0,251877.0,6468201.36,BLOCK INC,XYZ,026367,2017-06-30,1741.714,1037.97,703.744,551.505,-15.962,8976.2652,23.46,482642017.0,11728.273288546796,9191.128251182248,-405224.9943616089,6468535.586,11728.879313877482,-0.07355292542122938,-0.08268571275067776,-0.0735562447122097,0.07117543728435886,-0.0396548613999395,crypto
92213,2017-08-07,0.038799,0.038799,3.9786,3307.0,5371.0,21369.0606,RIOT PLATFORMS INC,RIOT,148170,2017-06-30,12.907,1.894,11.013,0.024,-1.312,22.0034,4.08,1041275.0,890377.525,1940.3487333151731,-16287.39375,21359.941600000002,889997.5666666668,0.03091720035086618,-0.18914340753696815,0.03088643627617281,-0.6715793760745998,-0.19972978674613223,crypto
15488,2017-08-07,0.012912,0.012912,59.62,5888220.0,1202397.0,71686909.14,PAYPAL HOLDINGS INC,PYPL,024616,2017-06-30,35290.0,20292.0,14998.0,3136.0,411.0,64511.34,53.67,499371934.0,22859.346026785715,4779.764577943726,174420.70350364962,71692203.14,22861.034164540815,0.22878269753353214,0.012185206036207494,0.2286859588338398,0.235631868486031,0.1763214327224026,crypto
15826,2017-08-08,0.01324,0.01324,26.02,7229765.0,251877.0,6553839.54,BLOCK INC,XYZ,026367,2017-06-30,1741.714,1037.97,703.744,551.505,-15.962,8976.2652,23.46,482642017.0,11883.554165420079,9312.817643915969,-410590.12279163016,6554173.766,11884.160190750763,-0.05739191233970848,-0.066436984342146,-0.05739629077231421,0.06642133376812473,-0.02870096342151099,crypto
15488,2017-08-08,-0.002348,-0.002348,59.48,6001864.0,1202397.0,71518573.56,PAYPAL HOLDINGS INC,PYPL,024616,2017-06-30,35290.0,20292.0,14998.0,3136.0,411.0,64511.34,53.67,499371934.0,22805.667589285717,4768.5407094279235,174011.12788321168,71523867.56,22807.355727040816,0.21603382595868253,0.004212806758717861,0.21593969290249732,0.2242728400950404,0.16511479142873453,crypto
92213,2017-08-08,-0.02981,-0.02981,3.86,8542.0,5371.0,20732.059999999998,RIOT PLATFORMS INC,RIOT,148170,2017-06-30,12.907,1.894,11.013,0.024,-1.312,22.0034,4.08,1041275.0,863835.8333333333,1882.5079451557249,-15801.874999999998,20722.941,863455.8749999999,0.015964638595444003,-0.2029448065891805,0.015933652946697765,-0.6344923375895465,-0.2013847131591463,crypto
15826,2017-08-09,-0.016526,-0.016526,25.59,5717295.0,251877.0,6445532.43,BLOCK INC,XYZ,026367,2017-06-30,1741.714,1037.97,703.744,551.505,-15.962,8976.2652,23.46,482642017.0,11687.169527021513,9158.916353105675,-403804.8133066032,6445866.6559999995,11687.7755523522,-0.07783084064869099,-0.08698684674117153,-0.07783387957865286,0.0724338764504209,-0.04255442262952362,crypto
15488,2017-08-09,0.003194,0.003194,59.67,6023896.0,1202397.0,71747028.99,PAYPAL HOLDINGS INC,PYPL,024616,2017-06-30,35290.0,20292.0,14998.0,3136.0,411.0,64511.34,53.67,499371934.0,22878.516897321428,4783.773102413655,174566.9805109489,71752322.99,22880.205035076528,0.23333586595312092,0.015032491492453054,0.23323819666646173,0.23968866433995636,0.18032380461299802,crypto
92213,2017-08-09,-0.036269,-0.036269,3.72,6865.0,5371.0,19980.120000000003,RIOT PLATFORMS INC,RIOT,148170,2017-06-30,12.907,1.894,11.013,0.024,-1.312,22.0034,4.08,1041275.0,832505.0000000001,1814.2304549169166,-15228.750000000002,19971.001000000004,832125.0416666669,-0.0016859402052228033,-0.21923650867442251,-0.0017171874085001148,-0.5907133714183201,-0.2033382519266164,crypto
92213,2017-08-10,0.013441,0.013441,3.77,2028.0,5371.0,20248.670000000002,RIOT PLATFORMS INC,RIOT,148170,2017-06-30,12.907,1.894,11.013,0.024,-1.312,22.0034,4.08,1041275.0,843694.5833333334,1838.6152728593481,-15433.4375,20239.551000000003,843314.6250000001,0.004617837937872481,-0.21341804364397896,0.004586684146927718,-0.6063487164794723,-0.20264055950966275,crypto
15826,2017-08-10,-0.036733,-0.036733,24.65,8546192.0,251877.0,6208768.05,BLOCK INC,XYZ,026367,2017-06-30,1741.714,1037.97,703.744,551.505,-15.962,8976.2652,23.46,482642017.0,11257.863573313025,8822.480973194797,-388971.8111765443,6209102.276,11258.469598643711,-0.12251128857995464,-0.13190980175299508,-0.12251139929483504,0.08557757440706824,-0.07283872880517912,crypto
15488,2017-08-10,-0.027652,-0.027652,58.02,9571160.0,1202397.0,69763073.94,PAYPAL HOLDINGS INC,PYPL,024616,2017-06-30,35290.0,20292.0,14998.0,3136.0,411.0,64511.34,53.67,499371934.0,22245.878169642856,4651.491794905987,169739.839270073,69768367.94,22247.56630739796,0.08308130810667587,-0.07892792856366979,0.083014348189923,0.10581440116042043,0.04824553222333738,crypto
15488,2017-08-11,0.000345,0.000345,58.04,6962121.0,1202397.0,69787121.88,PAYPAL HOLDINGS INC,PYPL,024616,2017-06-30,35290.0,20292.0,14998.0,3136.0,411.0,64511.34,53.67,499371934.0,22253.546517857143,4653.095204693959,169798.3500729927,69792415.88,22255.234655612243,0.0849025754745119,-0.07778901438117118,0.08483524332297143,0.10743711950199075,0.049846480979575725,crypto
92213,2017-08-11,-0.023873,-0.023873,3.68,1549.0,5404.0,19886.72,RIOT PLATFORMS INC,RIOT,148170,2017-06-30,12.907,1.894,11.013,0.024,-1.312,22.0034,4.08,1041275.0,828613.3333333334,1805.7495686915465,-15157.560975609756,19877.601000000002,828233.3750000001,-0.0038783545733669677,-0.22126013419608867,-0.0039096342648656905,-0.5852754968001422,-0.2035809049586159,crypto
15826,2017-08-11,0.006897,0.006897,24.82,5266455.0,251877.0,6251587.14,BLOCK INC,XYZ,026367,2017-06-30,1741.714,1037.97,703.744,551.505,-15.962,8976.2652,23.46,482642017.0,11335.504011749666,8883.325669561658,-391654.3753915549,6251921.365999999,11336.110037080352,-0.1144307820391942,-0.12378543754872909,-0.11443142232488719,0.0832005226489512,-0.06736177981596482,crypto
15488,2017-08-14,0.017574,0.017574,59.06,7561812.0,1202397.0,71013566.82000001,PAYPAL HOLDINGS INC,PYPL,024616,2017-06-30,35290.0,20292.0,14998.0,3136.0,411.0,64511.34,53.67,499371934.0,22644.632276785716,4734.869103880518,172782.40102189782,71018860.82000001,22646.32041454082,0.17778721123413288,-0.019704391073749102,0.1777008951084699,0.19019575492206786,0.13149486754773038,crypto
15826,2017-08-14,0.01531,0.01531,25.2,4258150.0,251877.0,6347300.399999999,BLOCK INC,XYZ,026367,2017-06-30,1741.714,1037.97,703.744,551.505,-15.962,8976.2652,23.46,482642017.0,11509.05322707863,9019.331461440523,-397650.69540157873,6347634.625999999,11509.659252409316,-0.09636847330102377,-0.10562509403331119,-0.09637029733323908,0.07788711283668949,-0.05511918795772114,crypto
92213,2017-08-14,0.01087,0.01087,3.72,1643.0,5404.0,20102.88,RIOT PLATFORMS INC,RIOT,148170,2017-06-30,12.907,1.894,11.013,0.024,-1.312,22.0034,4.08,1041275.0,837620.0,1825.3772813947155,-15322.317073170732,20093.761000000002,837240.0416666667,0.0011956528122650566,-0.21657676275322627,0.0011644483097806837,-0.5978606250385288,-0.2030193216674273,crypto
15826,2017-08-15,-0.014683,-0.014683,24.83,5047452.0,251877.0,6254105.909999999,BLOCK INC,XYZ,026367,2017-06-30,1741.714,1037.97,703.744,551.505,-15.962,8976.2652,23.46,482642017.0,11340.071096363585,8886.904769347942,-391812.1732865555,6254440.135999999,11340.67712169427,-0.11395545812503201,-0.1233075337720078,-0.11395612956194928,0.08306069607494433,-0.0670396063460112,crypto
15488,2017-08-15,0.010667,0.010667,59.69,6483473.0,1202397.0,71771076.92999999,PAYPAL HOLDINGS INC,PYPL,024616,2017-06-30,35290.0,20292.0,14998.0,3136.0,411.0,64511.34,53.67,499371934.0,22886.18524553571,4785.376512201627,174625.49131386858,71776370.92999999,22887.873383290815,0.23515713332095609,0.016171405674951664,0.23505909179951104,0.24131138268152585,0.18192475336923616,crypto
92213,2017-08-15,-0.010753,-0.010753,3.68,4375.0,5404.0,19886.72,RIOT PLATFORMS INC,RIOT,148170,2017-06-30,12.907,1.894,11.013,0.024,-1.312,22.0034,4.08,1041275.0,828613.3333333334,1805.7495686915465,-15157.560975609756,19877.601000000002,828233.3750000001,-0.0038783545733669677,-0.22126013419608867,-0.0039096342648656905,-0.5852754968001422,-0.2035809049586159,crypto
15826,2017-08-16,0.006444,0.006444,24.99,4170567.0,251877.0,6294406.2299999995,BLOCK INC,XYZ,026367,2017-06-30,1741.714,1037.97,703.744,551.505,-15.962,8976.2652,23.46,482642017.0,11413.144450186308,8944.170365928518,-394336.9396065656,6294740.455999999,11413.750475516994,-0.10635027549843375,-0.11566107334446332,-0.10635144535493936,0.08082347089083411,-0.06188483082675058,crypto
92213,2017-08-16,-0.008179,-0.008179,3.6499,2947.0,5404.0,19724.0596,RIOT PLATFORMS INC,RIOT,148170,2017-06-30,12.907,1.894,11.013,0.024,-1.312,22.0034,4.08,1041275.0,821835.8166666667,1790.9797148824118,-15033.582012195122,19714.9406,821455.8583333334,-0.007696545131055113,-0.2247843712068426,-0.007727881402287135,-0.5758051878007564,-0.20400349638523532,crypto
15488,2017-08-16,0.010052,0.010052,60.29,5746963.0,1202397.0,72492515.13,PAYPAL HOLDINGS INC,PYPL,024616,2017-06-30,35290.0,20292.0,14998.0,3136.0,411.0,64511.34,53.67,499371934.0,23116.235691964284,4833.4788058407785,176380.81540145984,72497809.13,23117.923829719388,0.28979515435602743,0.050338831149905484,0.2896859457909804,0.28999293292863043,0.22995321605638594,crypto
15826,2017-08-17,-0.018007,-0.018007,24.54,5352669.0,251877.0,6181061.58,BLOCK INC,XYZ,026367,2017-06-30,1741.714,1037.97,703.744,551.505,-15.962,8976.2652,23.46,482642017.0,11207.625642559904,8783.110875545653,-387236.03433153743,6181395.806,11208.23166789059,-0.1277398516357408,-0.13716674329693168,-0.12773961968715422,0.08711566672114396,-0.07638263697467068,crypto
92213,2017-08-17,0.013726,0.013726,3.7,551.0,5404.0,19994.8,RIOT PLATFORMS INC,RIOT,148170,2017-06-30,12.907,1.894,11.013,0.024,-1.312,22.0034,4.08,1041275.0,833116.6666666666,1815.5634250431308,-15239.939024390244,19985.681,832736.7083333334,-0.0013413508805509883,-0.21891844847465752,-0.0013725929775425362,-0.5915680609193354,-0.2033001133130216,crypto
15488,2017-08-17,-0.016587,-0.016587,59.29,6825820.0,1202397.0,71290118.13,PAYPAL HOLDINGS INC,PYPL,024616,2017-06-30,35290.0,20292.0,14998.0,3136.0,411.0,64511.34,53.67,499371934.0,22732.818281249998,4753.308316442192,173455.27525547444,71295412.13,22734.5064190051,0.19873178596424246,-0.006606877975017332,0.19864118913853204,0.20885701585012362,0.1499057782444702,crypto
15826,2017-08-18,0.011817,0.011817,24.83,5325691.0,251877.0,6254105.909999999,BLOCK INC,XYZ,026367,2017-06-30,1741.714,1037.97,703.744,551.505,-15.962,8976.2652,23.46,482642017.0,11340.071096363585,8886.904769347942,-391812.1732865555,6254440.135999999,11340.67712169427,-0.11395545812503201,-0.1233075337720078,-0.11395612956194928,0.08306069607494433,-0.0670396063460112,crypto
92213,2017-08-18,-0.021622,-0.021622,3.62,2757.0,5404.0,19562.48,RIOT PLATFORMS INC,RIOT,148170,2017-06-30,12.907,1.894,11.013,0.024,-1.312,22.0034,4.08,1041275.0,815103.3333333333,1776.3079996367928,-14910.426829268292,19553.361,814723.375,-0.011489365651815102,-0.22828519136038228,-0.01152075812683535,-0.5663978044425624,-0.20442327989539877,crypto
15488,2017-08-18,0.00253,0.00253,59.44,4653341.0,1202397.0,71470477.67999999,PAYPAL HOLDINGS INC,PYPL,024616,2017-06-30,35290.0,20292.0,14998.0,3136.0,411.0,64511.34,53.67,499371934.0,22790.33089285714,4765.33388985198,173894.10627737225,71475771.67999999,22792.019030612242,0.21239129122300962,0.001934978393720638,0.21229790263639872,0.22102740341189978,0.16191289391625718,crypto
92213,2017-08-21,-0.030387,-0.030387,3.51,6854.0,5404.0,18968.039999999997,RIOT PLATFORMS INC,RIOT,148170,2017-06-30,12.907,1.894,11.013,0.024,-1.312,22.0034,4.08,1041275.0,790334.9999999999,1722.331789703078,-14457.347560975608,18958.921,789955.0416666666,-0.02544288596230325,-0.2411644628282539,-0.025474485207112964,-0.5317887017869994,-0.2059676339461674,crypto
15488,2017-08-21,-0.000673,-0.000673,59.4,4243191.0,1202397.0,71422381.8,PAYPAL HOLDINGS INC,PYPL,024616,2017-06-30,35290.0,20292.0,14998.0,3136.0,411.0,64511.34,53.67,499371934.0,22774.99419642857,4762.127070276037,173777.08467153285,71427675.8,22776.68233418367,0.20874875648733932,-0.00034284997127593863,0.20865611237030102,0.21778196672875993,0.15871099640378108,crypto
15826,2017-08-21,-0.014901,-0.014901,24.46,5867222.0,251877.0,6160911.42,BLOCK INC,XYZ,026367,2017-06-30,1741.714,1037.97,703.744,551.505,-15.962,8976.2652,23.46,482642017.0,11171.088965648543,8754.478077255366,-385973.6511715324,6161245.646,11171.69499097923,-0.13154244294903986,-0.14098997351070391,-0.13154196179065908,0.08823427931319908,-0.07896002473430094,crypto
15488,2017-08-22,0.024242,0.024242,60.84,5835707.0,1202397.0,73153833.48,PAYPAL HOLDINGS INC,PYPL,024616,2017-06-30,35290.0,20292.0,14998.0,3136.0,411.0,64511.34,53.67,499371934.0,23327.115267857145,4877.572575010002,177989.86248175183,73159127.48,23328.803405612245,0.33988000697150994,0.08165897116861374,0.3397605619498269,0.3346176873218096,0.27397930685294003,crypto
92213,2017-08-22,0.011396,0.011396,3.55,8144.0,5404.0,19184.2,RIOT PLATFORMS INC,RIOT,148170,2017-06-30,12.907,1.894,11.013,0.024,-1.312,22.0034,4.08,1041275.0,799341.6666666666,1741.9595024062473,-14622.103658536585,19175.081000000002,798961.7083333334,-0.020368878576671162,-0.2364810913853914,-0.02040040263246652,-0.5443738300253861,-0.2054060506549788,crypto
15826,2017-08-22,0.035977,0.035977,25.34,7065362.0,251877.0,6382563.18,BLOCK INC,XYZ,026367,2017-06-30,1741.714,1037.97,703.744,551.505,-15.962,8976.2652,23.46,482642017.0,11572.992411673511,9069.438858448526,-399859.8659315875,6382897.4059999995,11573.598437004197,-0.08971393850275047,-0.09893444115920978,-0.08971619865210556,0.07592954080059305,-0.05060875937836819,crypto
92213,2017-08-23,-0.011268,-0.011268,3.51,9742.0,5404.0,18968.039999999997,RIOT PLATFORMS INC,RIOT,148170,2017-06-30,12.907,1.894,11.013,0.024,-1.312,22.0034,4.08,1041275.0,790334.9999999999,1722.331789703078,-14457.347560975608,18958.921,789955.0416666666,-0.02544288596230325,-0.2411644628282539,-0.025474485207112964,-0.5317887017869994,-0.2059676339461674,crypto
15826,2017-08-23,0.005525,0.005525,25.48,6008590.0,251877.0,6417825.96,BLOCK INC,XYZ,026367,2017-06-30,1741.714,1037.97,703.744,551.505,-15.962,8976.2652,23.46,482642017.0,11636.931596268392,9119.54625545653,-402069.0364615963,6418160.186,11637.537621599078,-0.08305940370447716,-0.09224378828510836,-0.08306209997097205,0.07397196876449662,-0.046098330799015236,crypto
15488,2017-08-23,-0.012985,-0.012985,60.05,4531978.0,1202397.0,72203939.85,PAYPAL HOLDINGS INC,PYPL,024616,2017-06-30,35290.0,20292.0,14998.0,3136.0,411.0,64511.34,53.67,499371934.0,23024.215513392854,4814.237888385118,175678.68576642335,72209233.85,23025.903651147957,0.26793994594199855,0.036671860959924085,0.2678352041943923,0.27052031282978906,0.210741830981526,crypto
15488,2017-08-24,-0.000833,-0.000833,60.0,4045282.0,1202397.0,72143820.0,PAYPAL HOLDINGS INC,PYPL,024616,2017-06-30,35290.0,20292.0,14998.0,3136.0,411.0,64511.34,53.67,499371934.0,23005.04464285714,4810.2293639151885,175532.40875912408,72149114.0,23006.732780612245,0.26338677752240974,0.03382457550367788,0.26328296636177034,0.2664635169758637,0.20673945909093042,crypto
92213,2017-08-24,0.025641,0.025641,3.6,6192.0,5404.0,19454.4,RIOT PLATFORMS INC,RIOT,148170,2017-06-30,12.907,1.894,11.013,0.024,-1.312,22.0034,4.08,1041275.0,810600.0,1766.4941432852086,-14828.048780487805,19445.281000000003,810220.0416666667,-0.014026369344631081,-0.23062687708181343,-0.014057799414158505,-0.5601052403233693,-0.20470407154099307,crypto
15826,2017-08-24,0.007064,0.007064,25.66,4734149.0,251877.0,6463163.82,BLOCK INC,XYZ,026367,2017-06-30,1741.714,1037.97,703.744,551.505,-15.962,8976.2652,23.46,482642017.0,11719.139119318956,9183.970051609676,-404909.3985716076,6463498.046,11719.745144649642,-0.07450357324955414,-0.08364152030412082,-0.07450683023808591,0.07145509043237266,-0.040299208339847056,crypto
15488,2017-08-25,-0.0005,-0.0005,59.97,4087413.0,1202397.0,72107748.09,PAYPAL HOLDINGS INC,PYPL,024616,2017-06-30,35290.0,20292.0,14998.0,3136.0,411.0,64511.34,53.67,499371934.0,22993.542120535716,4807.824249233231,175444.64255474453,72113042.09,22995.230258290816,0.260654876470657,0.032116204229930286,0.26055162366219686,0.26402943946350865,0.20433803595657318,crypto
15826,2017-08-25,-0.026111,-0.026111,24.99,5619917.0,251877.0,6294406.2299999995,BLOCK INC,XYZ,026367,2017-06-30,1741.714,1037.97,703.744,551.505,-15.962,8976.2652,23.46,482642017.0,11413.144450186308,8944.170365928518,-394336.9396065656,6294740.455999999,11413.750475516994,-0.10635027549843375,-0.11566107334446332,-0.10635144535493936,0.08082347089083411,-0.06188483082675058,crypto
92213,2017-08-25,-0.033333,-0.033333,3.48,8003.0,5404.0,18805.92,RIOT PLATFORMS INC,RIOT,148170,2017-06-30,12.907,1.894,11.013,0.024,-1.312,22.0034,4.08,1041275.0,783579.9999999999,1707.6110051757014,-14333.780487804876,18796.801,783200.0416666666,-0.029248391501527287,-0.2446769914104006,-0.02928004713809776,-0.5223498556082096,-0.2063888214145588,crypto
15488,2017-08-28,0.009338,0.009338,60.53,4660643.0,1202397.0,72781090.41,PAYPAL HOLDINGS INC,PYPL,024616,2017-06-30,35290.0,20292.0,14998.0,3136.0,411.0,64511.34,53.67,499371934.0,23208.25587053571,4852.719723296439,177082.94503649636,72786384.41,23209.944008290815,0.3116503627700554,0.06400580133988688,0.31153668738756757,0.3094655530274726,0.2491646011312456,crypto
92213,2017-08-28,0.020115,0.020115,3.55,7513.0,5404.0,19184.2,RIOT PLATFORMS INC,RIOT,148170,2017-06-30,12.907,1.894,11.013,0.024,-1.312,22.0034,4.08,1041275.0,799341.6666666666,1741.9595024062473,-14622.103658536585,19175.081000000002,798961.7083333334,-0.020368878576671162,-0.2364810913853914,-0.02040040263246652,-0.5443738300253861,-0.2054060506549788,crypto
15826,2017-08-28,-0.003201,-0.003201,24.91,3555813.0,251877.0,6274256.07,BLOCK INC,XYZ,026367,2017-06-30,1741.714,1037.97,703.744,551.505,-15.962,8976.2652,23.46,482642017.0,11376.607773274949,8915.537567638232,-393074.5564465606,6274590.296,11377.213798605633,-0.11015286681173259,-0.11948430355823532,-0.11015378745844422,0.08194208348288917,-0.06446221858638074,crypto
15488,2017-08-29,0.00793,0.00793,61.01,4359466.0,1202397.0,73358240.97,PAYPAL HOLDINGS INC,PYPL,024616,2017-06-30,35290.0,20292.0,14998.0,3136.0,411.0,64511.34,53.67,499371934.0,23392.29622767857,4891.201558207761,178487.20430656933,73363534.97,23393.984365433673,0.3553607795981123,0.09133974171985032,0.35523817058074286,0.3484107932251552,0.2875873712809652,crypto
92213,2017-08-29,0.019718,0.019718,3.62,1755.0,5404.0,19562.48,RIOT PLATFORMS INC,RIOT,148170,2017-06-30,12.907,1.894,11.013,0.024,-1.312,22.0034,4.08,1041275.0,815103.3333333333,1776.3079996367928,-14910.426829268292,19553.361,814723.375,-0.011489365651815102,-0.22828519136038228,-0.01152075812683535,-0.5663978044425624,-0.20442327989539877,crypto
15826,2017-08-29,0.005219,0.005219,25.04,3640625.0,251877.0,6307000.08,BLOCK INC,XYZ,026367,2017-06-30,1741.714,1037.97,703.744,551.505,-15.962,8976.2652,23.46,482642017.0,11435.979873255908,8962.06586485995,-395125.9290815687,6307334.306,11436.585898586594,-0.10397365592762185,-0.11327155446085543,-0.10397498154024881,0.08012433802079966,-0.06027396347698161,crypto
92213,2017-08-30,-0.002762,-0.002762,3.61,9661.0,5404.0,19508.44,RIOT PLATFORMS INC,RIOT,148170,2017-06-30,12.907,1.894,11.013,0.024,-1.312,22.0034,4.08,1041275.0,812851.6666666666,1771.4010714610006,-14869.237804878047,19499.321,812471.7083333333,-0.012757867498223092,-0.2294560342210979,-0.012789278770496994,-0.5632515223829657,-0.20456367571819592,crypto
15826,2017-08-30,0.028754,0.028754,25.76,4453294.0,251877.0,6488351.5200000005,BLOCK INC,XYZ,026367,2017-06-30,1741.714,1037.97,703.744,551.505,-15.962,8976.2652,23.46,482642017.0,11764.809965458157,9219.761049472536,-406487.37752161385,6488685.746,11765.415990788842,-0.06975033410793034,-0.07886248253690553,-0.06975390260870483,0.07005682469230382,-0.03707747364030922,crypto
15488,2017-08-30,0.012457,0.012457,61.77,5695990.0,1202397.0,74272062.69,PAYPAL HOLDINGS INC,PYPL,024616,2017-06-30,35290.0,20292.0,14998.0,3136.0,411.0,64511.34,53.67,499371934.0,23683.69345982143,4952.131130150687,180710.61481751825,74277356.69,23685.38159757653,0.4245689395758692,0.13461848065479173,0.4244321856366031,0.4100740902048207,0.3484234240180212,crypto
92213,2017-08-31,0.096953,0.096953,3.96,13045.0,5404.0,21399.84,RIOT PLATFORMS INC,RIOT,148170,2017-06-30,12.907,1.894,11.013,0.024,-1.312,22.0034,4.08,1041275.0,891660.0,1943.1435576137292,-16310.853658536585,21390.721,891280.0416666667,0.03163969712605733,-0.18847653409605203,0.03160894375765906,-0.6733713944688478,-0.19964982192029584,crypto
15488,2017-08-31,-0.001457,-0.001457,61.68,6145817.0,1202397.0,74163846.96,PAYPAL HOLDINGS INC,PYPL,024616,2017-06-30,35290.0,20292.0,14998.0,3136.0,411.0,64511.34,53.67,499371934.0,23649.185892857142,4944.915786104813,180447.31620437955,74169140.96,23650.87403061224,0.4163732364206084,0.1294933668335483,0.41623815753788257,0.4027718576677547,0.3412191546149485,crypto
15826,2017-08-31,0.013587,0.013587,26.11,5352808.0,251877.0,6576508.47,BLOCK INC,XYZ,026367,2017-06-30,1741.714,1037.97,703.744,551.505,-15.962,8976.2652,23.46,482642017.0,11924.657926945358,9345.029541992542,-412010.30384663574,6576842.6959999995,11925.263952276044,-0.053113997112247256,-0.06213585035165223,-0.05311865590587123,0.0651628946020628,-0.02580140219192698,crypto
15826,2017-09-01,-0.006894,-0.006894,25.93,3257335.0,251877.0,6531170.61,BLOCK INC,XYZ,026367,2017-06-30,1741.714,1037.97,703.744,551.505,-15.962,8976.2652,23.46,482642017.0,11842.450403894798,9280.605745839397,-409169.9417366245,6531504.836,11843.056429225484,-0.0616698275671699,-0.07073811833263952,-0.06167392563875699,0.06767977293418671,-0.031600524651094926,crypto
15488,2017-09-01,-0.003567,-0.003567,61.46,3440389.0,1202397.0,73899319.62,PAYPAL HOLDINGS INC,PYPL,024616,2017-06-30,35290.0,20292.0,14998.0,3136.0,411.0,64511.34,53.67,499371934.0,23564.834062500002,4927.278278437126,179803.69737226277,73904613.62,23566.5222002551,0.3963392953744164,0.11696531082606618,0.3962083110743447,0.38492195591048367,0.32360871829632776,crypto
92213,2017-09-01,-0.027778,-0.027778,3.85,4572.0,5404.0,20805.4,RIOT PLATFORMS INC,RIOT,148170,2017-06-30,12.907,1.894,11.013,0.024,-1.312,22.0034,4.08,1041275.0,866891.6666666667,1889.1673476800147,-15857.774390243903,20796.281000000003,866511.7083333334,0.01768617681556925,-0.20135580556392355,0.01765521667738145,-0.6387622918132848,-0.20119417597106443,crypto
15826,2017-09-05,-0.00617,-0.00617,25.77,4970534.0,251877.0,6490870.29,BLOCK INC,XYZ,026367,2017-06-30,1741.714,1037.97,703.744,551.505,-15.962,8976.2652,23.46,482642017.0,11769.377050072075,9223.340149258822,-406645.17541661445,6491204.516,11769.98307540276,-0.06927501019376815,-0.078384578760184,-0.06927860984576692,0.06991699811829694,-0.03675530017035553,crypto
15488,2017-09-05,-0.003091,-0.003091,61.27,5719134.0,1202397.0,73670864.19,PAYPAL HOLDINGS INC,PYPL,024616,2017-06-30,35290.0,20292.0,14998.0,3136.0,411.0,64511.34,53.67,499371934.0,23491.984754464283,4912.045885451394,179247.84474452553,73676158.19,23493.672892219387,0.37903725537997635,0.10614562609233033,0.3789098073103794,0.3695061316655669,0.30839970511206327,crypto
92213,2017-09-05,0.018182,0.018182,3.92,8228.0,5404.0,21183.68,RIOT PLATFORMS INC,RIOT,148170,2017-06-30,12.907,1.894,11.013,0.024,-1.312,22.0034,4.08,1041275.0,882653.3333333334,1923.5158449105602,-16146.09756097561,21174.561,882273.375,0.026565689740425308,-0.1931599055389144,0.026534861183012622,-0.6607862662304611,-0.2002114052114844,crypto
92213,2017-09-06,0.010204,0.010204,3.96,7206.0,5404.0,21399.84,RIOT PLATFORMS INC,RIOT,148170,2017-06-30,12.907,1.894,11.013,0.024,-1.312,22.0034,4.08,1041275.0,891660.0,1943.1435576137292,-16310.853658536585,21390.721,891280.0416666667,0.03163969712605733,-0.18847653409605203,0.03160894375765906,-0.6733713944688478,-0.19964982192029584,crypto
15488,2017-09-06,-0.00049,-0.00049,61.24,5350878.0,1202397.0,73634792.28,PAYPAL HOLDINGS INC,PYPL,024616,2017-06-30,35290.0,20292.0,14998.0,3136.0,411.0,64511.34,53.67,499371934.0,23480.48223214286,4909.640770769436,179160.078540146,73640086.28,23482.170369897958,0.3763053543282236,0.10443725481858274,0.3761784646108059,0.36707205415321265,0.30599828197770623,crypto
15826,2017-09-06,0.010865,0.010865,26.05,6502455.0,251877.0,6561395.850000001,BLOCK INC,XYZ,026367,2017-06-30,1741.714,1037.97,703.744,551.505,-15.962,8976.2652,23.46,482642017.0,11897.255419261839,9323.554943274828,-411063.51647663204,6561730.076,11897.861444592525,-0.05596594059722134,-0.06500327301198117,-0.055970412483499696,0.06600185404610408,-0.027734443011649533,crypto
92213,2017-09-07,-0.015152,-0.015152,3.9,31740.0,5404.0,21075.6,RIOT PLATFORMS INC,RIOT,148170,2017-06-30,12.907,1.894,11.013,0.024,-1.312,22.0034,4.08,1041275.0,878149.9999999999,1913.7019885589757,-16063.71951219512,21066.481,877770.0416666666,0.0240286860476092,-0.1955015912603456,0.0239978198956894,-0.654493702111268,-0.20049219685707875,crypto
15826,2017-09-07,0.009597,0.009597,26.3,7855733.0,251877.0,6624365.100000001,BLOCK INC,XYZ,026367,2017-06-30,1741.714,1037.97,703.744,551.505,-15.962,8976.2652,23.46,482642017.0,12011.432534609841,9413.032437931975,-415008.4638516477,6624699.326,12012.038559940527,-0.04408284274316186,-0.05305567859394316,-0.044088093410046984,0.06250618969593193,-0.01968010626280502,crypto
15488,2017-09-07,0.01241,0.01241,62.0,5022747.0,1202397.0,74548614.0,PAYPAL HOLDINGS INC,PYPL,024616,2017-06-30,35290.0,20292.0,14998.0,3136.0,411.0,64511.34,53.67,499371934.0,23771.879464285714,4970.570342712362,181383.4890510949,74553908.0,23773.567602040817,0.4455135143059797,0.14771599375352415,0.445372479666667,0.42873535113287725,0.366834334714762,crypto
92213,2017-09-08,0.017949,0.017949,3.97,8086.0,5404.0,21453.88,RIOT PLATFORMS INC,RIOT,148170,2017-06-30,12.907,1.894,11.013,0.024,-1.312,22.0034,4.08,1041275.0,893911.6666666667,1948.0504857895216,-16352.042682926829,21444.761000000002,893531.7083333334,0.032908198972465386,-0.18730569123533639,0.03287746440132064,-0.6765176765284443,-0.19950942609749867,crypto
15488,2017-09-08,-0.014032,-0.014032,61.13,4942551.0,1202397.0,73502528.61,PAYPAL HOLDINGS INC,PYPL,024616,2017-06-30,35290.0,20292.0,14998.0,3136.0,411.0,64511.34,53.67,499371934.0,23438.306316964285,4900.822016935592,178838.2691240876,73507822.61,23439.994454719388,0.36628838380512674,0.09817322681484135,0.36616354137903695,0.35814710327457633,0.29719306381839533,crypto
15826,2017-09-08,0.008745,0.008745,26.53,5933441.0,251877.0,6682296.8100000005,BLOCK INC,XYZ,026367,2017-06-30,1741.714,1037.97,703.744,551.505,-15.962,8976.2652,23.46,482642017.0,12116.475480730003,9495.351733016552,-418637.8154366621,6682631.036,12117.08150606069,-0.03315039271742713,-0.04206389172934798,-0.0331563598624705,0.05929017849377351,-0.012270116453868026,crypto
15488,2017-09-11,0.024701,0.024701,62.64,8266266.0,1202397.0,75318148.08,PAYPAL HOLDINGS INC,PYPL,024616,2017-06-30,35290.0,20292.0,14998.0,3136.0,411.0,64511.34,53.67,499371934.0,24017.266607142858,5021.879455927457,183255.83474452555,75323442.08,24018.954744897957,0.5037940700767222,0.18416124759347455,0.5036411239242332,0.48066233806312164,0.4180646949143879,crypto
15826,2017-09-11,0.039201,0.039201,27.57,8612745.0,251877.0,6944248.89,BLOCK INC,XYZ,026367,2017-06-30,1741.714,1037.97,703.744,551.505,-15.962,8976.2652,23.46,482642017.0,12591.45228057769,9867.578110790286,-435048.7965167272,6944583.115999999,12592.058305908376,0.016283294355460127,0.00763810104969039,0.01627408748309257,0.044748214797057366,0.021235924421325113,crypto
92213,2017-09-11,-0.042821,-0.042821,3.8,7685.0,5404.0,20535.2,RIOT PLATFORMS INC,RIOT,148170,2017-06-30,12.907,1.894,11.013,0.024,-1.312,22.0034,4.08,1041275.0,855633.3333333334,1864.6327068010535,-15651.829268292682,20526.081000000002,855253.3750000001,0.011343667583529171,-0.2072100198675015,0.011312613459073499,-0.6230308815153016,-0.2018961550850501,crypto
15488,2017-09-12,-0.001277,-0.001277,62.56,6276588.0,1202397.0,75221956.32000001,PAYPAL HOLDINGS INC,PYPL,024616,2017-06-30,35290.0,20292.0,14998.0,3136.0,411.0,64511.34,53.67,499371934.0,23986.593214285716,5015.465816775571,183021.79153284672,75227250.32000001,23988.28135204082,0.4965090006053798,0.1796055908634814,0.4963575433920386,0.4741714646968412,0.4116608998894352,crypto
92213,2017-09-12,0.044737,0.044737,3.97,19734.0,5404.0,21453.88,RIOT PLATFORMS INC,RIOT,148170,2017-06-30,12.907,1.894,11.013,0.024,-1.312,22.0034,4.08,1041275.0,893911.6666666667,1948.0504857895216,-16352.042682926829,21444.761000000002,893531.7083333334,0.032908198972465386,-0.18730569123533639,0.03287746440132064,-0.6765176765284443,-0.19950942609749867,crypto
15826,2017-09-12,-0.010881,-0.010881,27.27,6133930.0,251877.0,6868685.79,BLOCK INC,XYZ,026367,2017-06-30,1741.714,1037.97,703.744,551.505,-15.962,8976.2652,23.46,482642017.0,12454.43974216009,9760.205117201709,-430314.85966670845,6869020.016,12455.045767490776,0.0020235769305889367,-0.00669901225195526,0.002015304594949512,0.04894301201726392,0.011570720322711777,crypto
15488,2017-09-13,-0.008312,-0.008312,62.04,6380899.0,1202397.0,74596709.88,PAYPAL HOLDINGS INC,PYPL,024616,2017-06-30,35290.0,20292.0,14998.0,3136.0,411.0,64511.34,53.67,499371934.0,23787.216160714284,4973.777162288305,181500.5106569343,74602003.88,23788.904298469388,0.44915604904165085,0.14999382211852075,0.4490142699327647,0.4319807878160171,0.37003623222723836,crypto
92213,2017-09-13,0.040302,0.040302,4.13,37416.0,5404.0,22318.52,RIOT PLATFORMS INC,RIOT,148170,2017-06-30,12.907,1.894,11.013,0.024,-1.312,22.0034,4.08,1041275.0,929938.3333333334,2026.5613366021976,-17011.067073170732,22309.401,929558.375,0.053204228514993554,-0.16857220546388685,0.053173794699906206,-0.7268581894819903,-0.19726309293274435,crypto
15826,2017-09-13,0.008067,0.008067,27.49,6271748.0,251877.0,6924098.7299999995,BLOCK INC,XYZ,026367,2017-06-30,1741.714,1037.97,703.744,551.505,-15.962,8976.2652,23.46,482642017.0,12554.91560366633,9838.945312499998,-433786.4133567222,6924432.955999999,12555.521628997016,0.012480703042161093,0.0038148708359181517,0.012471745379587704,0.04586682738911243,0.018658536661694845,crypto
92213,2017-09-14,-0.012107,-0.012107,4.08,9255.0,5404.0,22048.32,RIOT PLATFORMS INC,RIOT,148170,2017-06-30,12.907,1.894,11.013,0.024,-1.312,22.0034,4.08,1041275.0,918680.0,2002.0266957232361,-16805.121951219513,22039.201,918300.0416666667,0.04686171928295347,-0.1744264197674649,0.04683119148159825,-0.7111267791840072,-0.1979650720467301,crypto
15488,2017-09-14,0.003224,0.003224,62.24,5697912.0,1202397.0,74837189.28,PAYPAL HOLDINGS INC,PYPL,024616,2017-06-30,35290.0,20292.0,14998.0,3136.0,411.0,64511.34,53.67,499371934.0,23863.899642857144,4989.811260168022,182085.61868613138,74842483.28,23865.587780612244,0.46736872272000857,0.16138296394350557,0.4672232212632542,0.4482079712317186,0.38604571978962177,crypto
15826,2017-09-14,0.041833,0.041833,28.64,16225444.0,251877.0,7213757.28,BLOCK INC,XYZ,026367,2017-06-30,1741.714,1037.97,703.744,551.505,-15.962,8976.2652,23.46,482642017.0,13080.130334267142,10250.54178792288,-451933.17128179426,7214091.506,13080.736359597828,0.06714295317083491,0.058773805158893834,0.06713041311747034,0.029786771378320462,0.05570848570637989,crypto
15826,2017-09-15,-0.004888,-0.004888,28.5,19504752.0,251877.0,7178494.5,BLOCK INC,XYZ,026367,2017-06-30,1741.714,1037.97,703.744,551.505,-15.962,8976.2652,23.46,482642017.0,13016.19114967226,10200.434390914877,-449724.0007517855,7178828.726,13016.797175002946,0.060488418372561595,0.05208315228479242,0.060476314436336824,0.03174434341441684,0.05119805712702692,crypto
15488,2017-09-15,0.004177,0.004177,62.5,9940945.0,1202397.0,75149812.5,PAYPAL HOLDINGS INC,PYPL,024616,2017-06-30,35290.0,20292.0,14998.0,3136.0,411.0,64511.34,53.67,499371934.0,23963.58816964286,5010.655587411655,182846.25912408758,75155106.5,23965.27630739796,0.49104519850187256,0.17618884831598558,0.49089485799289073,0.46930330967213024,0.4068580536207198,crypto
92213,2017-09-15,0.041667,0.041667,4.25,44247.0,5404.0,22967.0,RIOT PLATFORMS INC,RIOT,148170,2017-06-30,12.907,1.894,11.013,0.024,-1.312,22.0034,4.08,1041275.0,956958.3333333333,2085.4444747117045,-17505.335365853658,22957.881,956578.375,0.06842625067188962,-0.15452209113529972,0.0683960424238454,-0.7646135741971497,-0.1955783430591786,crypto
15826,2017-09-18,0.006667,0.006667,28.69,9366432.0,251877.0,7226351.13,BLOCK INC,XYZ,026367,2017-06-30,1741.714,1037.97,703.744,551.505,-15.962,8976.2652,23.46,482642017.0,13102.965757336742,10268.43728685431,-452722.1607567974,7226685.356,13103.571782667428,0.0695195727416468,0.06116332404250148,0.06950687693216089,0.029087638508286013,0.0573193530561488,crypto
92213,2017-09-18,0.011765,0.011765,4.3,17153.0,5404.0,23237.2,RIOT PLATFORMS INC,RIOT,148170,2017-06-30,12.907,1.894,11.013,0.024,-1.312,22.0034,4.08,1041275.0,968216.6666666666,2109.9791155906655,-17711.280487804877,23228.081000000002,967836.7083333334,0.0747687599039297,-0.14866787683172178,0.0747386456421534,-0.7803449844951329,-0.1948763639451929,crypto
15488,2017-09-18,0.00672,0.00672,62.92,7688047.0,1202397.0,75654819.24,PAYPAL HOLDINGS INC,PYPL,024616,2017-06-30,35290.0,20292.0,14998.0,3136.0,411.0,64511.34,53.67,499371934.0,24124.623482142855,5044.327192959061,184074.98598540144,75660113.24,24126.31161989796,0.5292918132264214,0.20010604614845318,0.529133655786919,0.5033803948451028,0.44047797750172407,crypto
15826,2017-09-19,-0.004531,-0.004531,28.56,5885287.0,251877.0,7193607.12,BLOCK INC,XYZ,026367,2017-06-30,1741.714,1037.97,703.744,551.505,-15.962,8976.2652,23.46,482642017.0,13043.593657355781,10221.908989632593,-450670.7881217893,7193941.346,13044.199682686467,0.06334036185753587,0.054950574945121594,0.06332807101396548,0.030905383970375525,0.05313109794674962,crypto
92213,2017-09-19,0.069767,0.069767,4.6,20373.0,5404.0,24858.399999999998,RIOT PLATFORMS INC,RIOT,148170,2017-06-30,12.907,1.894,11.013,0.024,-1.312,22.0034,4.08,1041275.0,1035766.6666666665,2257.186960864433,-18946.951219512193,24849.281,1035386.7083333333,0.11282381529616999,-0.11354259101025392,0.11279426495200132,-0.8747334462830315,-0.19066448926127855,crypto
15488,2017-09-19,0.014463,0.014463,63.83,7773975.0,1202397.0,76749000.51,PAYPAL HOLDINGS INC,PYPL,024616,2017-06-30,35290.0,20292.0,14998.0,3136.0,411.0,64511.34,53.67,499371934.0,24473.53332589286,5117.282338311776,186737.2275182482,76754294.51,24475.221463647962,0.6121594784629464,0.25192664145213384,0.6119843843406476,0.5772140793865452,0.5133211459105682,crypto
15826,2017-09-20,-0.003151,-0.003151,28.47,4327015.0,251877.0,7170938.1899999995,BLOCK INC,XYZ,026367,2017-06-30,1741.714,1037.97,703.744,551.505,-15.962,8976.2652,23.46,482642017.0,13002.4898958305,10189.69709155602,-449250.6070667836,7171272.415999999,13003.095921161184,0.059062446630074456,0.050649440954627825,0.05905043614752231,0.03216382313643756,0.050231536717165536,crypto
92213,2017-09-20,-0.043478,-0.043478,4.4,2863.0,5404.0,23777.600000000002,RIOT PLATFORMS INC,RIOT,148170,2017-06-30,12.907,1.894,11.013,0.024,-1.312,22.0034,4.08,1041275.0,990733.3333333334,2159.0483973485884,-18123.17073170732,23768.481000000003,990353.3750000001,0.08745377836800987,-0.1369594482245657,0.08742385207876945,-0.8118078050910993,-0.1934724057172214,crypto
15488,2017-09-20,0.014257,0.014257,64.74,11903623.0,1202397.0,77843181.78,PAYPAL HOLDINGS INC,PYPL,024616,2017-06-30,35290.0,20292.0,14998.0,3136.0,411.0,64511.34,53.67,499371934.0,24822.44316964286,5190.2374836644885,189399.4690510949,77848475.78,24824.131307397958,0.6950271436994705,0.3037472367558132,0.6948351128943746,0.651047763927986,0.5861643143194111,crypto
15826,2017-09-21,-0.002459,-0.002459,28.4,3976436.0,251877.0,7153306.8,BLOCK INC,XYZ,026367,2017-06-30,1741.714,1037.97,703.744,551.505,-15.962,8976.2652,23.46,482642017.0,12970.52030353306,10164.643393052018,-448146.0218017792,7153641.026,12971.126328863746,0.055735179230937806,0.04730411451757712,0.055723386806955745,0.03314260915448575,0.0479763224274891,crypto
15488,2017-09-21,-0.001699,-0.001699,64.63,6727318.0,1202397.0,77710918.11,PAYPAL HOLDINGS INC,PYPL,024616,2017-06-30,35290.0,20292.0,14998.0,3136.0,411.0,64511.34,53.67,499371934.0,24780.267254464285,5181.418729830644,189077.65963503649,77716212.11,24781.955392219388,0.6850101731763737,0.29748320875207185,0.6848201896626056,0.6421228130493497,0.5773590961601003,crypto
92213,2017-09-21,-0.025,-0.025,4.29,50394.0,5404.0,23183.16,RIOT PLATFORMS INC,RIOT,148170,2017-06-30,12.907,1.894,11.013,0.024,-1.312,22.0034,4.08,1041275.0,965965.0,2105.0721874148735,-17670.091463414632,23174.041,965585.0416666667,0.07350025805752171,-0.14983871969243734,0.07347012499849183,-0.7771987024355361,-0.19501675976799,crypto
15488,2017-09-22,0.006963,0.006963,65.08,6743757.0,1202397.0,78251996.76,PAYPAL HOLDINGS INC,PYPL,024616,2017-06-30,35290.0,20292.0,14998.0,3136.0,411.0,64511.34,53.67,499371934.0,24952.805089285717,5217.495450060009,190394.15270072993,78257290.76,24954.493227040817,0.7259886889526778,0.3231087778582877,0.7257903301562074,0.6786339757346781,0.6133804431754627,crypto
15826,2017-09-22,0.012324,0.012324,28.75,4841490.0,251877.0,7241463.75,BLOCK INC,XYZ,026367,2017-06-30,1741.714,1037.97,703.744,551.505,-15.962,8976.2652,23.46,482642017.0,13130.368265020263,10289.911885572026,-453668.9481268012,7241797.976,13130.974290350949,0.07237151622662108,0.06403074670283065,0.07235863350978954,0.02824867906424469,0.05925239387587149,crypto
92213,2017-09-22,-0.004662,-0.004662,4.27,5603.0,5404.0,23075.079999999998,RIOT PLATFORMS INC,RIOT,148170,2017-06-30,12.907,1.894,11.013,0.024,-1.312,22.0034,4.08,1041275.0,961461.6666666665,2095.2583310632886,-17587.713414634145,23065.961,961081.7083333333,0.0709632543647056,-0.15218040541386862,0.07093308371116855,-0.7709061383163429,-0.19529755141358435,crypto
15488,2017-09-25,-0.024278,-0.024278,63.5,13156910.0,1202397.0,76352209.5,PAYPAL HOLDINGS INC,PYPL,024616,2017-06-30,35290.0,20292.0,14998.0,3136.0,411.0,64511.34,53.67,499371934.0,24347.00558035714,5090.826076810241,185771.79927007298,76357503.5,24348.693718112245,0.5821085668936566,0.23313455744090839,0.581939614645339,0.5504392267506371,0.4869054914326353,crypto
15826,2017-09-25,-0.045217,-0.045217,27.45,9481912.0,251877.0,6914023.649999999,BLOCK INC,XYZ,026367,2017-06-30,1741.714,1037.97,703.744,551.505,-15.962,8976.2652,23.46,482642017.0,12536.64726521065,9824.628913354854,-433155.22177671967,6914357.875999999,12537.253290541335,0.010579407385511575,0.0019032557290320326,0.01057057432783527,0.04642613368514001,0.01736984278187972,crypto
92213,2017-09-25,-0.037471,-0.037471,4.11,14934.0,5404.0,22210.440000000002,RIOT PLATFORMS INC,RIOT,148170,2017-06-30,12.907,1.894,11.013,0.024,-1.312,22.0034,4.08,1041275.0,925435.0000000001,2016.747480250613,-16928.689024390245,22201.321000000004,925055.0416666667,0.05066722482217757,-0.17091389118531805,0.05063675341258305,-0.7205656253627971,-0.19754388457833863,crypto
15488,2017-09-26,-0.008819,-0.008819,62.94,8551873.0,1202397.0,75678867.17999999,PAYPAL HOLDINGS INC,PYPL,024616,2017-06-30,35290.0,20292.0,14998.0,3136.0,411.0,64511.34,53.67,499371934.0,24132.29183035714,5045.930602747032,184133.49678832115,75684161.17999999,24133.979968112242,0.5311130805942565,0.20124496033095113,0.5309545509199675,0.5050031131866731,0.4420789262579621,crypto
15826,2017-09-26,0.005829,0.005829,27.61,5850944.0,251877.0,6954323.97,BLOCK INC,XYZ,026367,2017-06-30,1741.714,1037.97,703.744,551.505,-15.962,8976.2652,23.46,482642017.0,12609.720619033373,9881.89450993543,-435679.98809672974,6954658.1959999995,12610.326644364057,0.018184590012109834,0.009549716156576508,0.018175258534845,0.044188908501029786,0.022524618301140283,crypto
92213,2017-09-26,0.046229,0.046229,4.3,12873.0,5404.0,23237.2,RIOT PLATFORMS INC,RIOT,148170,2017-06-30,12.907,1.894,11.013,0.024,-1.312,22.0034,4.08,1041275.0,968216.6666666666,2109.9791155906655,-17711.280487804877,23228.081000000002,967836.7083333334,0.0747687599039297,-0.14866787683172178,0.0747386456421534,-0.7803449844951329,-0.1948763639451929,crypto
15488,2017-09-27,0.006196,0.006196,63.33,7380726.0,1202397.0,76147802.01,PAYPAL HOLDINGS INC,PYPL,024616,2017-06-30,35290.0,20292.0,14998.0,3136.0,411.0,64511.34,53.67,499371934.0,24281.824620535717,5077.197093612482,185274.45744525548,76153096.01,24283.512758290817,0.5666277942670543,0.2234537868896718,0.5664620060144231,0.5366461208472915,0.4732974270046102,crypto
15826,2017-09-27,0.016661,0.016661,28.07,4849307.0,251877.0,7070187.39,BLOCK INC,XYZ,026367,2017-06-30,1741.714,1037.97,703.744,551.505,-15.962,8976.2652,23.46,482642017.0,12819.806511273697,10046.533100104583,-442938.69126675854,7070521.615999999,12820.41253660438,0.04004949006357929,0.031533289885766876,0.04003872562999798,0.03775688609671301,0.03734459791901429,crypto
92213,2017-09-27,0.046488,0.046488,4.4999,6427.0,5404.0,24317.459600000002,RIOT PLATFORMS INC,RIOT,148170,2017-06-30,12.907,1.894,11.013,0.024,-1.312,22.0034,4.08,1041275.0,1013227.4833333334,2208.068609824753,-18534.649085365854,24308.340600000003,1012847.5250000001,0.1001261118136259,-0.12526272804601693,0.10009637330894883,-0.8432391628664695,-0.19206985144747793,crypto
15826,2017-09-28,0.014963,0.014963,28.49,5875689.0,251877.0,7175975.7299999995,BLOCK INC,XYZ,026367,2017-06-30,1741.714,1037.97,703.744,551.505,-15.962,8976.2652,23.46,482642017.0,13011.62406505834,10196.855291128591,-449566.20285678486,7176309.955999999,13012.230090389025,0.06001309445839922,0.05160524850807088,0.060001021673398526,0.03188416998842376,0.0508758836570731,crypto
15488,2017-09-28,0.009474,0.009474,63.93,4147985.0,1202397.0,76869240.21,PAYPAL HOLDINGS INC,PYPL,024616,2017-06-30,35290.0,20292.0,14998.0,3136.0,411.0,64511.34,53.67,499371934.0,24511.875066964283,5125.299387251634,187029.7815328467,76874534.21,24513.563204719387,0.6212658153021239,0.2576212123646256,0.6210888600058916,0.5853276710943952,0.5213258896917591,crypto
92213,2017-09-28,0.106691,0.106691,4.98,17461.0,5404.0,26911.920000000002,RIOT PLATFORMS INC,RIOT,148170,2017-06-30,12.907,1.894,11.013,0.024,-1.312,22.0034,4.08,1041275.0,1121330.0,2443.6502315445387,-20512.134146341465,26902.801000000003,1120950.0416666667,0.1610268854596745,-0.06905056230306117,0.16099804941114218,-0.9942921645477035,-0.18532944799498702,crypto
15826,2017-09-29,0.011232,0.011232,28.81,5705534.0,251877.0,7256576.37,BLOCK INC,XYZ,026367,2017-06-30,1741.714,1037.97,703.744,551.505,-15.962,8976.2652,23.46,482642017.0,13157.770772703783,10311.386484289742,-454615.73549680493,7256910.596,13158.37679803447,0.07522345971159536,0.06689816936315984,0.07521039008741819,0.02740971962020337,0.06118543469559419,crypto
92213,2017-09-29,0.036145,0.036145,5.16,32908.0,5448.0,28111.68,RIOT PLATFORMS INC,RIOT,148170,2017-06-30,12.907,1.894,11.013,0.024,-1.312,22.0034,4.08,1041275.0,1171320.0,2552.590574775266,-21426.585365853658,28102.561,1170940.0416666667,0.1891893165338136,-0.04305629082689275,0.18916089780935536,-1.0641438182083556,-0.18221247367301985,crypto
15488,2017-09-29,0.001564,0.001564,64.03,6891295.0,1202000.0,76964060.0,PAYPAL HOLDINGS INC,PYPL,024616,2017-06-30,35290.0,20292.0,14998.0,3136.0,411.0,64511.34,53.67,499371934.0,24542.110969387755,5131.621549539938,187260.48661800486,76969354.0,24543.79910714286,0.6284469788176703,0.2621118923818129,0.6282685558188277,0.5917259660159903,0.5276383482585753,crypto
15826,2017-10-02,0.020132,0.020132,29.39,6336044.0,251877.0,7402665.03,BLOCK INC,XYZ,026367,2017-09-30,2083.852,1350.943,732.909,585.159,-16.098,11172.5756,28.81,443030645.0,12650.689863780613,10100.387674322461,-459849.9832277302,7403283.064,12651.746045092019,0.022448505270912113,0.03872428928485358,0.022485741715128432,0.022771591033534357,0.02660753182610712,crypto
15488,2017-10-02,0.002343,0.002343,64.18,5163335.0,1202000.0,77144360.00000001,PAYPAL HOLDINGS INC,PYPL,024616,2017-09-30,37761.0,22329.0,15432.0,3239.0,380.0,76964.06,64.03,478287016.0,23817.338684779257,4998.986521513739,203011.47368421056,77151257.00000001,23819.46804569312,0.45631028468449464,0.16790022194776485,0.45627181445372866,1.0285583855819993,0.5272601766669969,crypto
92213,2017-10-02,0.249031,0.249031,6.445,59706.0,5448.0,35112.36,RIOT PLATFORMS INC,RIOT,148170,2017-09-30,17.35,1.884,10.667,0.025,-5.302,28.1117,5.16,880110.0,1404494.4,3291.6808849723448,-6622.474537910223,35103.577,1404143.0799999998,0.3205507481852185,0.1332981578457962,0.3205404100034813,0.06668918878248441,0.2102696262042451,crypto
15826,2017-10-03,0.018714,0.018714,29.94,8843313.0,251877.0,7541197.38,BLOCK INC,XYZ,026367,2017-09-30,2083.852,1350.943,732.909,585.159,-16.098,11172.5756,28.81,443030645.0,12887.432954120162,10289.404796502704,-468455.54603056284,7541815.414,12888.489135431566,0.04708777996446854,0.06396303700043791,0.04712340162863892,0.015146100439275095,0.04333007975820512,crypto
15488,2017-10-03,0.000623,0.000623,64.22,5633112.0,1202000.0,77192440.0,PAYPAL HOLDINGS INC,PYPL,024616,2017-09-30,37761.0,22329.0,15432.0,3239.0,380.0,76964.06,64.03,478287016.0,23832.182772460637,5002.102125453603,203138.0,77199337.0,23834.312133374497,0.4598358226157306,0.17011325915183959,0.4597966318274645,1.0320674225987116,0.5304532840484366,crypto
92213,2017-10-03,0.255237,0.255237,8.09,252771.0,5448.0,44074.32,RIOT PLATFORMS INC,RIOT,148170,2017-09-30,17.35,1.884,10.667,0.025,-5.302,28.1117,5.16,880110.0,1762972.7999999998,4131.8383800506235,-8312.772538664656,44065.537,1762621.4799999997,0.5225036033876121,0.3337682625116912,0.5224962578377286,-0.062426621894628415,0.3290853754606009,crypto
92213,2017-10-04,0.011125,0.011125,8.18,476219.0,5448.0,44564.64,RIOT PLATFORMS INC,RIOT,148170,2017-09-30,17.35,1.884,10.667,0.025,-5.302,28.1117,5.16,880110.0,1782585.5999999999,4177.804443611137,-8405.250848736327,44555.856999999996,1782234.2799999998,0.533552695769506,0.34473623176392854,0.5335455139502406,-0.06949070880097497,0.3355859331706751,crypto
15826,2017-10-04,0.007014,0.007014,30.15,7434094.0,251877.0,7594091.55,BLOCK INC,XYZ,026367,2017-09-30,2083.852,1350.943,732.909,585.159,-16.098,11172.5756,28.81,443030645.0,12977.825770431626,10361.574970426069,-471741.30637346255,7594709.584,12978.881951743031,0.056495503029280913,0.07359964976457005,0.05653050814107038,0.012234549485103396,0.04971505260500619,crypto
15488,2017-10-04,-0.00327,-0.00327,64.01,4438833.0,1202000.0,76940020.0,PAYPAL HOLDINGS INC,PYPL,024616,2017-09-30,37761.0,22329.0,15432.0,3239.0,380.0,76964.06,64.03,478287016.0,23754.251312133376,4985.7452047693105,202473.73684210525,76946917.0,23756.380673047235,0.4413267484767383,0.15849481383044228,0.44129134061534303,1.0136449782609662,0.5136894702958725,crypto
15488,2017-10-05,0.028277,0.028277,65.82,7445661.0,1202000.0,79115639.99999999,PAYPAL HOLDINGS INC,PYPL,024616,2017-09-30,37761.0,22329.0,15432.0,3239.0,380.0,76964.06,64.03,478287016.0,24425.946279715958,5126.7262830482105,208199.0526315789,79122536.99999999,24428.07564062982,0.6008573398651945,0.25863474731486724,0.6007893267769611,1.1724289032672435,0.6581775793060666,crypto
92213,2017-10-05,-0.107579,-0.107579,7.3,288876.0,5448.0,39770.4,RIOT PLATFORMS INC,RIOT,148170,2017-09-30,17.35,1.884,10.667,0.025,-5.302,28.1117,5.16,880110.0,1590816.0,3728.358488797225,-7501.018483591099,39761.617,1590464.68,0.42551712581321044,0.23749386574205167,0.4255083430723455,-0.0004196368278082662,0.27202492444994986,crypto
15826,2017-10-05,0.020232,0.020232,30.76,7507263.0,251877.0,7747736.5200000005,BLOCK INC,XYZ,026367,2017-09-30,2083.852,1350.943,732.909,585.159,-16.098,11172.5756,28.81,443030645.0,13240.395379717309,10571.212142298704,-481285.65784569515,7748354.5540000005,13241.451561028713,0.08382269859849824,0.10159171541276384,0.08385591277241859,0.0037771871896521685,0.0682618784933332,crypto
15826,2017-10-06,0.0,0.0,30.76,4008147.0,251877.0,7747736.5200000005,BLOCK INC,XYZ,026367,2017-09-30,2083.852,1350.943,732.909,585.159,-16.098,11172.5756,28.81,443030645.0,13240.395379717309,10571.212142298704,-481285.65784569515,7748354.5540000005,13241.451561028713,0.08382269859849824,0.10159171541276384,0.08385591277241859,0.0037771871896521685,0.0682618784933332,crypto
92213,2017-10-06,0.013699,0.013699,7.4,108460.0,5448.0,40315.200000000004,RIOT PLATFORMS INC,RIOT,148170,2017-09-30,17.35,1.884,10.667,0.025,-5.302,28.1117,5.16,880110.0,1612608.0,3779.431892753352,-7603.772161448512,40306.417,1612256.68,0.43779389512642586,0.24968049824453775,0.4377852943084699,-0.008268622279304545,0.27924776635003223,crypto
15488,2017-10-06,0.003494,0.003494,66.05,6122368.0,1202000.0,79392100.0,PAYPAL HOLDINGS INC,PYPL,024616,2017-09-30,37761.0,22329.0,15432.0,3239.0,380.0,76964.06,64.03,478287016.0,24511.299783883915,5144.641005702437,208926.57894736843,79398997.0,24513.429144797778,0.6211291829698061,0.27135971123830355,0.6210570266759522,1.1926058661133465,0.6765379467493521,crypto
92213,2017-10-09,0.181081,0.181081,8.74,940314.0,5448.0,47615.520000000004,RIOT PLATFORMS INC,RIOT,148170,2017-09-30,17.35,1.884,10.667,0.025,-5.302,28.1117,5.16,880110.0,1904620.8,4463.815505765445,-8980.671444737836,47606.737,1904269.48,0.6023026039235125,0.4129813737778504,0.6022964408725375,-0.11344502732935385,0.37603384781113663,crypto
15488,2017-10-09,0.002725,0.002725,66.23,5517941.0,1202000.0,79608460.0,PAYPAL HOLDINGS INC,PYPL,024616,2017-09-30,37761.0,22329.0,15432.0,3239.0,380.0,76964.06,64.03,478287016.0,24578.09817845014,5158.66122343183,209495.94736842104,79615357.0,24580.227539364,0.6369941036603708,0.281318378656644,0.6369187048577705,1.208396532688556,0.6909069299658352,crypto
15826,2017-10-09,0.010078,0.010078,31.07,5893157.0,251877.0,7825818.39,BLOCK INC,XYZ,026367,2017-09-30,2083.852,1350.943,732.909,585.159,-16.098,11172.5756,28.81,443030645.0,13373.832394272325,10677.749065709386,-486136.06597092806,7826436.424,13374.88857558373,0.09771028978941165,0.11581719139791131,0.09774259381457896,-0.0005208165998393865,0.07768731460051563,crypto
15488,2017-10-10,-0.002869,-0.002869,66.04,5831798.0,1202000.0,79380080.00000001,PAYPAL HOLDINGS INC,PYPL,024616,2017-09-30,37761.0,22329.0,15432.0,3239.0,380.0,76964.06,64.03,478287016.0,24507.588761963572,5143.862104717471,208894.9473684211,79386977.00000001,24509.718122877435,0.6202477984869977,0.27080645193728503,0.6201758223325187,1.1917286068591693,0.6757396699039927,crypto
15826,2017-10-10,0.008046,0.008046,31.32,5774666.0,251877.0,7888787.64,BLOCK INC,XYZ,026367,2017-09-30,2083.852,1350.943,732.909,585.159,-16.098,11172.5756,28.81,443030645.0,13481.442889881211,10763.665939427678,-490047.6854267611,7889405.674,13482.499071192615,0.10890996010466455,0.1272893494504496,0.10894153013890198,-0.003986948688139079,0.08528847275146927,crypto
92213,2017-10-10,0.001144,0.001144,8.75,957522.0,5448.0,47670.0,RIOT PLATFORMS INC,RIOT,148170,2017-09-30,17.35,1.884,10.667,0.025,-5.302,28.1117,5.16,880110.0,1906800.0,4468.922846161057,-8990.946812523576,47661.217,1906448.6799999997,0.603530280854834,0.41420003702809893,0.6035241359961498,-0.11422992587450337,0.37675613200114483,crypto
15826,2017-10-11,0.021711,0.021711,32.0,6896452.0,251877.0,8060064.0,BLOCK INC,XYZ,026367,2017-09-30,2083.852,1350.943,732.909,585.159,-16.098,11172.5756,28.81,443030645.0,13774.14343793738,10997.359835941434,-500687.29034662695,8060682.034,13775.199619248786,0.1393730633621525,0.15849361935335401,0.1394026369410608,-0.013414827968314207,0.10596362292206328,crypto
15488,2017-10-11,0.026348,0.026348,67.78,12005648.0,1202000.0,81471560.0,PAYPAL HOLDINGS INC,PYPL,024616,2017-09-30,37761.0,22329.0,15432.0,3239.0,380.0,76964.06,64.03,478287016.0,25153.306576103736,5279.390876101607,214398.84210526315,81478457.0,25155.4359370176,0.7736086984957904,0.36707357031457777,0.7735053780900959,1.3443717170861977,0.8146398409966654,crypto
92213,2017-10-11,0.056,0.056,9.24,2305305.0,5448.0,50339.520000000004,RIOT PLATFORMS INC,RIOT,148170,2017-09-30,17.35,1.884,10.667,0.025,-5.302,28.1117,5.16,880110.0,2013580.8,4719.182525546077,-9494.439834024897,50330.737,2013229.48,0.6636864504895896,0.4739145362902806,0.6636811970531599,-0.1526899545868349,0.4121480573115488,crypto
92213,2017-10-12,-0.004329,-0.112554,8.2,819701.0,5448.0,44673.6,RIOT PLATFORMS INC,RIOT,148170,2017-09-30,17.35,1.884,10.667,0.025,-5.302,28.1117,5.16,880110.0,1786943.9999999998,4188.019124402363,-8425.801584307808,44664.816999999995,1786592.6799999997,0.5360080496321491,0.3471735582644259,0.5360009041974654,-0.07106050589127415,0.3370305015506916,crypto
15826,2017-10-12,0.025313,0.025313,32.81,10528122.0,251877.0,8264084.37,BLOCK INC,XYZ,026367,2017-09-30,2083.852,1350.943,732.909,585.159,-16.098,11172.5756,28.81,443030645.0,14122.801443710172,11275.730506788701,-513360.93738352595,8264702.404,14123.857625021576,0.1756599951835721,0.19566341144357827,0.17568719063186738,-0.024645095934405146,0.13059137533115314,crypto
15488,2017-10-12,0.015934,0.015934,68.86,8888300.0,1202000.0,82769720.0,PAYPAL HOLDINGS INC,PYPL,024616,2017-09-30,37761.0,22329.0,15432.0,3239.0,380.0,76964.06,64.03,478287016.0,25554.09694350108,5363.512182477968,217815.05263157896,82776617.0,25556.226304414944,0.8687982226391795,0.42682557482462175,0.8686754471810065,1.4391157165374582,0.9008537402955665,crypto
15826,2017-10-13,0.0,0.0,32.81,7135562.0,251877.0,8264084.37,BLOCK INC,XYZ,026367,2017-09-30,2083.852,1350.943,732.909,585.159,-16.098,11172.5756,28.81,443030645.0,14122.801443710172,11275.730506788701,-513360.93738352595,8264702.404,14123.857625021576,0.1756599951835721,0.19566341144357827,0.17568719063186738,-0.024645095934405146,0.13059137533115314,crypto
15488,2017-10-13,-0.002904,-0.002904,68.66,8640690.0,1202000.0,82529320.0,PAYPAL HOLDINGS INC,PYPL,024616,2017-09-30,37761.0,22329.0,15432.0,3239.0,380.0,76964.06,64.03,478287016.0,25479.876505094166,5347.934162778642,217182.42105263157,82536217.0,25482.00586600803,0.8511705329829964,0.415760388804243,0.8510513603123194,1.4215705314538911,0.8848882033883625,crypto
92213,2017-10-13,-0.036585,-0.036585,7.9,611540.0,5448.0,43039.200000000004,RIOT PLATFORMS INC,RIOT,148170,2017-09-30,17.35,1.884,10.667,0.025,-5.302,28.1117,5.16,880110.0,1721568.0,4034.7989125339836,-8117.540550735573,43030.417,1721216.68,0.49917774169250295,0.31061366075696784,0.4991700504890922,-0.04751354953678559,0.31536197585044434,crypto
15488,2017-10-16,-0.019662,-0.019662,67.31,9581821.0,1202000.0,80906620.0,PAYPAL HOLDINGS INC,PYPL,024616,2017-09-30,37761.0,22329.0,15432.0,3239.0,380.0,76964.06,64.03,478287016.0,24978.888545847483,5242.782529808191,212912.15789473685,80913517.0,24981.017906761346,0.7321836278037599,0.341070383166688,0.732088773948681,1.3031405321398166,0.7771208292647364,crypto
92213,2017-10-16,-0.044304,-0.044304,7.55,231075.0,5448.0,41132.4,RIOT PLATFORMS INC,RIOT,148170,2017-09-30,17.35,1.884,10.667,0.025,-5.302,28.1117,5.16,880110.0,1645296.0,3856.0419986875413,-7757.902678234629,41123.617,1644944.68,0.456209049096249,0.26796044699826677,0.4562007211626566,-0.02004210045654879,0.2900820292001559,crypto
15826,2017-10-16,0.012496,0.012496,33.22,6299754.0,251877.0,8367353.9399999995,BLOCK INC,XYZ,026367,2017-09-30,2083.852,1350.943,732.909,585.159,-16.098,11172.5756,28.81,443030645.0,14299.282656508743,11416.6341796867,-519775.99329109205,8367971.973999999,14300.338837820147,0.19402745450058675,0.21447775064974112,0.19405344620375703,-0.030329552559216558,0.1430572746987171,crypto
15826,2017-10-17,-0.015954,-0.015954,32.69,10864422.0,251877.0,8233859.13,BLOCK INC,XYZ,026367,2017-09-30,2083.852,1350.943,732.909,585.159,-16.098,11172.5756,28.81,443030645.0,14071.148405817907,11234.49040740392,-511483.36004472605,8234477.164,14072.20458712931,0.17028415343225067,0.19015677557835983,0.17031170119619232,-0.022981352532021267,0.1269428194186954,crypto
92213,2017-10-17,0.076821,0.076821,8.13,985124.0,5448.0,44292.240000000005,RIOT PLATFORMS INC,RIOT,148170,2017-09-30,17.35,1.884,10.667,0.025,-5.302,28.1117,5.16,880110.0,1771689.6,4152.267741633074,-8353.874009807621,44283.457,1771338.28,0.5274143111128985,0.3386429155126857,0.5274070383321785,-0.06556621607522693,0.33197451222063395,crypto
15488,2017-10-17,-0.009508,-0.009508,66.67,10843963.0,1202000.0,80137340.0,PAYPAL HOLDINGS INC,PYPL,024616,2017-09-30,37761.0,22329.0,15432.0,3239.0,380.0,76964.06,64.03,478287016.0,24741.383142945353,5192.932866770348,210887.73684210525,80144237.0,24743.512503859216,0.6757750209039738,0.3056617879014769,0.6756916959688822,1.2469959398724029,0.726031111161684,crypto
15826,2017-10-18,-0.0052,-0.0052,32.52,5477174.0,251877.0,8191040.040000001,BLOCK INC,XYZ,026367,2017-09-30,2083.852,1350.943,732.909,585.159,-16.098,11172.5756,28.81,443030645.0,13997.973268803866,11176.066933275482,-508823.4588147597,8191658.074000001,13999.02945011527,0.16266837761787883,0.18235570810263385,0.1626964244956528,-0.020624382711977564,0.12177403187604698,crypto
92213,2017-10-18,-0.056581,-0.056581,7.67,363617.0,5448.0,41786.159999999996,RIOT PLATFORMS INC,RIOT,148170,2017-09-30,17.35,1.884,10.667,0.025,-5.302,28.1117,5.16,880110.0,1671446.3999999997,3917.3300834348925,-7881.207091663523,41777.37699999999,1671095.0799999996,0.4709411722721073,0.2825844060012499,0.47093306264600576,-0.029460882998344186,0.2987494394802547,crypto
15488,2017-10-18,0.00885,0.00885,67.26,8076433.0,1201910.0,80840466.60000001,PAYPAL HOLDINGS INC,PYPL,024616,2017-09-30,37761.0,22329.0,15432.0,3239.0,380.0,76964.06,64.03,478287016.0,24958.4645260883,5238.495762052878,212738.07000000004,80847363.60000001,24960.593887002164,0.7273328307783804,0.3380254593859874,0.727238968340283,1.2983124387666591,0.7727274243178275,crypto
15826,2017-10-19,-0.0123,-0.0123,32.12,6978060.0,251877.0,8090289.239999999,BLOCK INC,XYZ,026367,2017-09-30,2083.852,1350.943,732.909,585.159,-16.098,11172.5756,28.81,443030645.0,13825.796475829646,11038.599935326212,-502564.8676854267,8090907.273999999,13826.85265714105,0.1447489051134739,0.1640002552185722,0.14477812637673568,-0.015078571370697983,0.10961217883452096,crypto
92213,2017-10-19,0.015541,0.015541,7.7892,205310.0,5448.0,42435.5616,RIOT PLATFORMS INC,RIOT,148170,2017-09-30,17.35,1.884,10.667,0.025,-5.302,28.1117,5.16,880110.0,1697422.464,3978.2095809505954,-8003.689475669559,42426.7786,1697071.1439999999,0.4855750812934602,0.2971108719442133,0.48556718851946623,-0.03881687365652774,0.30735906702515303,crypto
15488,2017-10-19,-0.000149,-0.000149,67.25,14563033.0,1201910.0,80828447.5,PAYPAL HOLDINGS INC,PYPL,024616,2017-09-30,37761.0,22329.0,15432.0,3239.0,380.0,76964.06,64.03,478287016.0,24954.75378203149,5237.716919388284,212706.44078947368,80835344.5,24956.883142945353,0.7264515122894171,0.33747224151037314,0.7263578299772064,1.297435245197449,0.7719292072436114,crypto
15826,2017-10-20,0.011831,0.011831,32.5,5925969.0,251877.0,8186002.5,BLOCK INC,XYZ,026367,2017-09-30,2083.852,1350.943,732.909,585.159,-16.098,11172.5756,28.81,443030645.0,13989.364429155154,11169.193583378019,-508510.529258293,8186620.534,13990.420610466557,0.1617724039926585,0.1814379354584308,0.16180050958970685,-0.02034709214491354,0.12116593922397065,crypto
92213,2017-10-20,0.089971,0.089971,8.49,835691.0,5448.0,46253.520000000004,RIOT PLATFORMS INC,RIOT,148170,2017-09-30,17.35,1.884,10.667,0.025,-5.302,28.1117,5.16,880110.0,1850140.8,4336.131995875129,-8723.787250094305,46244.737,1849789.48,0.5716106806404739,0.3825147925216354,0.5716040627822265,-0.09382256370061326,0.35797674306093064,crypto
15488,2017-10-20,0.055316,0.055316,70.97,34300202.0,1201910.0,85299552.7,PAYPAL HOLDINGS INC,PYPL,024616,2017-09-30,37761.0,22329.0,15432.0,3239.0,380.0,76964.06,64.03,478287016.0,26335.15057116394,5527.4463906169,224472.50710526315,85306449.7,26337.279932077803,1.0543019901835384,0.5432692912386671,1.0541413010414278,1.6237512529432778,1.0688659588517277,crypto
15488,2017-10-23,-0.016486,-0.016486,69.8,12232484.0,1201910.0,83893318.0,PAYPAL HOLDINGS INC,PYPL,024616,2017-09-30,37761.0,22329.0,15432.0,3239.0,380.0,76964.06,64.03,478287016.0,25900.993516517443,5436.3217988595125,220771.88947368422,83900215.0,25903.122877431306,0.9511877269749033,0.47854279979186465,0.9510481125615516,1.5211196053457998,0.9754745611685298,crypto
15826,2017-10-23,0.000923,0.000923,32.53,4885705.0,251877.0,8193558.8100000005,BLOCK INC,XYZ,026367,2017-09-30,2083.852,1350.943,732.909,585.159,-16.098,11172.5756,28.81,443030645.0,14002.27768862822,11179.503608224215,-508979.923592993,8194176.8440000005,14003.333869939624,0.16311636443048894,0.18281459442473552,0.1631443819486257,-0.02076302799550955,0.12207807820208516,crypto
92213,2017-10-23,0.030624,0.030624,8.75,1277681.0,5448.0,47670.0,RIOT PLATFORMS INC,RIOT,148170,2017-09-30,17.35,1.884,10.667,0.025,-5.302,28.1117,5.16,880110.0,1906800.0,4468.922846161057,-8990.946812523576,47661.217,1906448.6799999997,0.603530280854834,0.41420003702809893,0.6035241359961498,-0.11422992587450337,0.37675613200114483,crypto
15826,2017-10-24,0.005533,0.005533,32.71,3847943.0,251877.0,8238896.67,BLOCK INC,XYZ,026367,2017-09-30,2083.852,1350.943,732.909,585.159,-16.098,11172.5756,28.81,443030645.0,14079.757245466617,11241.363757301384,-511796.28960119275,8239514.704,14080.81342677802,0.17118012705747085,0.19107454822256292,0.1712076161021381,-0.02325864309908529,0.12755091207077165,crypto
92213,2017-10-24,-0.097143,-0.097143,7.9,637747.0,5448.0,43039.200000000004,RIOT PLATFORMS INC,RIOT,148170,2017-09-30,17.35,1.884,10.667,0.025,-5.302,28.1117,5.16,880110.0,1721568.0,4034.7989125339836,-8117.540550735573,43030.417,1721216.68,0.49917774169250295,0.31061366075696784,0.4991700504890922,-0.04751354953678559,0.31536197585044434,crypto
15488,2017-10-24,0.005874,0.005874,70.21,12280444.0,1201910.0,84386101.1,PAYPAL HOLDINGS INC,PYPL,024616,2017-09-30,37761.0,22329.0,15432.0,3239.0,380.0,76964.06,64.03,478287016.0,26053.134022846556,5468.254348107827,222068.68710526315,84392998.1,26055.26338376042,0.9873217850223734,0.5012247326920258,0.9871747854476618,1.5570845416833772,1.0082014612113595,crypto
15488,2017-10-25,0.011537,0.011537,71.02,12755211.0,1201910.0,85359648.19999999,PAYPAL HOLDINGS INC,PYPL,024616,2017-09-30,37761.0,22329.0,15432.0,3239.0,380.0,76964.06,64.03,478287016.0,26353.704291447975,5531.340603939864,224630.6531578947,85366545.19999999,26355.833652361838,1.058708582628351,0.5460353806167345,1.0585469928568065,1.628137220789323,1.0728570442228038,crypto
15826,2017-10-25,0.005809,0.005809,32.9,6198100.0,251877.0,8286753.3,BLOCK INC,XYZ,026367,2017-09-30,2083.852,1350.943,732.909,585.159,-16.098,11172.5756,28.81,443030645.0,14161.54122212937,11306.660581327285,-514769.1203876258,8287371.334,14162.597403440774,0.17969187649706306,0.19979338834249197,0.17971880770862358,-0.025892903486193018,0.1333277922654964,crypto
92213,2017-10-25,-0.088608,-0.088608,7.2,575556.0,5448.0,39225.6,RIOT PLATFORMS INC,RIOT,148170,2017-09-30,17.35,1.884,10.667,0.025,-5.302,28.1117,5.16,880110.0,1569023.9999999998,3677.2850848410985,-7398.2648057336855,39216.816999999995,1568672.6799999997,0.41324035649999485,0.22530723323956559,0.4132313918362209,0.007429348623688012,0.2648020825498673,crypto
15488,2017-10-26,0.004506,0.004506,71.34,8015095.0,1201910.0,85744259.4,PAYPAL HOLDINGS INC,PYPL,024616,2017-09-30,37761.0,22329.0,15432.0,3239.0,380.0,76964.06,64.03,478287016.0,26472.448101265825,5556.263569206843,225642.78789473686,85751156.4,26474.577462179688,1.0869107742751585,0.5637383526363737,1.0867434204752353,1.6562074150040194,1.0983999905976967,crypto
15826,2017-10-26,0.036778,0.036778,34.11,14738223.0,251877.0,8591524.47,BLOCK INC,XYZ,026367,2017-09-30,2083.852,1350.943,732.909,585.159,-16.098,11172.5756,28.81,443030645.0,14682.376020876378,11722.498250123823,-533701.3585538577,8592142.504,14683.432202187783,0.23389828082288724,0.2553186333167779,0.2339216595183473,-0.04266898279356344,0.17011739771611226,crypto
92213,2017-10-26,0.008333,0.008333,7.26,361109.0,5448.0,39552.479999999996,RIOT PLATFORMS INC,RIOT,148170,2017-09-30,17.35,1.884,10.667,0.025,-5.302,28.1117,5.16,880110.0,1582099.1999999997,3707.9291272147743,-7459.9170124481325,39543.69699999999,1581747.8799999997,0.4206064180879241,0.2326192127410572,0.4205975625778955,0.0027199573527903146,0.2691357876899168,crypto
92213,2017-10-27,-0.048209,-0.048209,6.91,312642.0,5448.0,37645.68,RIOT PLATFORMS INC,RIOT,148170,2017-09-30,17.35,1.884,10.667,0.025,-5.302,28.1117,5.16,880110.0,1505827.2,3529.1722133683325,-7100.279139947191,37636.897,1505475.88,0.37763772549167024,0.18996599898235622,0.37762823325146005,0.03019140643302698,0.24385584103962837,crypto
15488,2017-10-27,-0.003925,-0.003925,71.06,9294666.0,1201910.0,85407724.60000001,PAYPAL HOLDINGS INC,PYPL,024616,2017-09-30,37761.0,22329.0,15432.0,3239.0,380.0,76964.06,64.03,478287016.0,26368.54726767521,5534.455974598238,224757.17,85414621.60000001,26370.676628589074,1.062233856584203,0.5482482521191904,1.062071546309111,1.6316459950661613,1.0760499125196663,crypto
15826,2017-10-27,0.031955,0.031955,35.2,10183525.0,251877.0,8866070.4,BLOCK INC,XYZ,026367,2017-09-30,2083.852,1350.943,732.909,585.159,-16.098,11172.5756,28.81,443030645.0,15151.55778173112,12097.095819535578,-550756.0193812896,8866688.434,15152.613963042524,0.28272884339739,0.30533724242584515,0.2827490218923956,-0.05778131869854997,0.2032584472542702,crypto
92213,2017-10-30,0.020261,0.020261,7.05,208488.0,5448.0,38408.4,RIOT PLATFORMS INC,RIOT,148170,2017-09-30,17.35,1.884,10.667,0.025,-5.302,28.1117,5.16,880110.0,1536336.0,3600.6749789069095,-7244.134288947568,38399.617,1535984.68,0.3948252025301719,0.20702728448583668,0.3948159649820343,0.019202826800932257,0.2539678196997438,crypto
15488,2017-10-30,0.001267,0.001267,71.15,7215987.0,1201910.0,85515896.5,PAYPAL HOLDINGS INC,PYPL,024616,2017-09-30,37761.0,22329.0,15432.0,3239.0,380.0,76964.06,64.03,478287016.0,26401.943964186477,5541.4655585795745,225041.83289473684,85522793.5,26404.07332510034,1.070165722984867,0.5532272129997129,1.0700017915767932,1.6395407371890438,1.0832338661876042,crypto
15826,2017-10-30,0.015625,0.015625,35.75,10321352.0,251877.0,9004602.75,BLOCK INC,XYZ,026367,2017-09-30,2083.852,1350.943,732.909,585.159,-16.098,11172.5756,28.81,443030645.0,15388.300872070668,12286.11294171582,-559361.5821841223,9005220.784,15389.357053382073,0.3073681180909463,0.3305759901414295,0.3073866818059063,-0.06540680929280929,0.2199809951863682,crypto
92213,2017-10-31,-0.035461,-0.035461,6.8,266458.0,5448.0,37046.4,RIOT PLATFORMS INC,RIOT,148170,2017-09-30,17.35,1.884,10.667,0.025,-5.302,28.1117,5.16,880110.0,1481856.0,3472.9914690165933,-6987.250094304037,37037.617,1481504.68,0.36413327924713335,0.17656070322962159,0.3641235868917232,0.03882529042967285,0.23591071494953775,crypto
15826,2017-10-31,0.04028,0.04028,37.19,13075854.0,251877.0,9367305.629999999,BLOCK INC,XYZ,026367,2017-09-30,2083.852,1350.943,732.909,585.159,-16.098,11172.5756,28.81,443030645.0,16008.137326777849,12780.994134333183,-581892.5102497204,9367923.663999999,16009.193508089253,0.37187821910680297,0.3966556205240501,0.3718925550340067,-0.08537173012141533,0.2637636661358611,crypto
15488,2017-10-31,0.019817,0.019817,72.56,7556170.0,1201910.0,87210589.60000001,PAYPAL HOLDINGS INC,PYPL,024616,2017-09-30,37761.0,22329.0,15432.0,3239.0,380.0,76964.06,64.03,478287016.0,26925.15887619636,5651.282374287196,229501.5515789474,87217486.60000001,26927.28823711022,1.1944316299286073,0.6312309334612443,1.19424230077049,1.7632250304475445,1.1957824736519715,crypto
15826,2017-11-01,-0.01936,-0.01936,36.47,10587397.0,251877.0,9185954.19,BLOCK INC,XYZ,026367,2017-09-30,2083.852,1350.943,732.909,585.159,-16.098,11172.5756,28.81,443030645.0,15698.21909942426,12533.553538024502,-570627.0462169214,9186572.224,15699.275280735663,0.3396231685988747,0.3636158053327398,0.3396396184199565,-0.07538926970711236,0.24187233066111466,crypto
15488,2017-11-01,-0.002481,-0.002481,72.38,6655600.0,1201910.0,86994245.8,PAYPAL HOLDINGS INC,PYPL,024616,2017-09-30,37761.0,22329.0,15432.0,3239.0,380.0,76964.06,64.03,478287016.0,26858.365483173817,5637.26320632452,228932.22578947368,87001142.8,26860.49484408768,1.1785678971272773,0.6212730117001971,1.1783818102351238,1.7474355462017777,1.181414566316094,crypto
92213,2017-11-01,0.022059,0.022059,6.95,303221.0,5448.0,37863.6,RIOT PLATFORMS INC,RIOT,148170,2017-09-30,17.35,1.884,10.667,0.025,-5.302,28.1117,5.16,880110.0,1514543.9999999998,3549.601574950783,-7141.380611090155,37854.816999999995,1514192.6799999997,0.3825484332169563,0.1948406519833506,0.3825390137459097,0.027051812252428534,0.24674497779966129,crypto
15826,2017-11-02,-0.010968,-0.010968,36.07,8884519.0,251877.0,9085203.39,BLOCK INC,XYZ,026367,2017-09-30,2083.852,1350.943,732.909,585.159,-16.098,11172.5756,28.81,443030645.0,15526.042306450043,12396.086540075235,-564368.4550875886,9085821.424,15527.098487761446,0.32170369609447014,0.34526035244867864,0.3217213203010397,-0.06984345836583293,0.2297104776195889,crypto
92213,2017-11-02,0.001439,0.001439,6.96,1002827.0,5448.0,37918.08,RIOT PLATFORMS INC,RIOT,148170,2017-09-30,17.35,1.884,10.667,0.025,-5.302,28.1117,5.16,880110.0,1516723.2,3554.7089153463958,-7151.655978875897,37909.297,1516371.88,0.38377611014827795,0.19605931523359926,0.3837667088695223,0.026266913707278874,0.2474672619896696,crypto
15488,2017-11-02,-0.001796,-0.001796,72.25,4535638.0,1201910.0,86837997.5,PAYPAL HOLDINGS INC,PYPL,024616,2017-09-30,37761.0,22329.0,15432.0,3239.0,380.0,76964.06,64.03,478287016.0,26810.12581043532,5627.138251684811,228521.04605263157,86844894.5,26812.25517134918,1.1671107567707626,0.6140811793172193,1.1669270115151378,1.7360320298020577,1.1710377443512943,crypto
15826,2017-11-03,0.022734,0.022734,36.89,6615572.0,251877.0,9291742.53,BLOCK INC,XYZ,026367,2017-09-30,2083.852,1350.943,732.909,585.159,-16.098,11172.5756,28.81,443030645.0,15879.004732047186,12677.893885871234,-577198.5669027208,9292360.564,15880.060913358591,0.35843861472849947,0.3828890308610043,0.3584538314448192,-0.08121237161545576,0.2546422763547168,crypto
92213,2017-11-03,-0.030172,-0.030172,6.75,230241.0,5448.0,36774.0,RIOT PLATFORMS INC,RIOT,148170,2017-09-30,17.35,1.884,10.667,0.025,-5.302,28.1117,5.16,880110.0,1470960.0,3447.45476703853,-6935.873255375331,36765.217,1470608.6799999997,0.35799489459052564,0.17046738697837852,0.3579851112736608,0.04274978315542095,0.23229929399949648,crypto
15488,2017-11-03,0.015779,0.015779,73.39,6733068.0,1201910.0,88208174.9,PAYPAL HOLDINGS INC,PYPL,024616,2017-09-30,37761.0,22329.0,15432.0,3239.0,380.0,76964.06,64.03,478287016.0,27233.150632911394,5715.92631544842,232126.77605263158,88215071.9,27235.279993825257,1.26758106451251,0.6771480171371809,1.267376784905787,1.8360320966919088,1.2620344908118466,crypto
15488,2017-11-06,0.018395,0.018395,74.74,10156293.0,1201910.0,89830753.39999999,PAYPAL HOLDINGS INC,PYPL,024616,2017-09-30,37761.0,22329.0,15432.0,3239.0,380.0,76964.06,64.03,478287016.0,27734.10108058042,5821.070075168481,236396.71947368418,89837650.39999999,27736.230441494285,1.3865590605224718,0.7518324303450284,1.386330463921027,1.9544532285351521,1.3697937958309199,crypto
15826,2017-11-06,0.007861,0.007861,37.18,8502953.0,251877.0,9364786.86,BLOCK INC,XYZ,026367,2017-09-30,2083.852,1350.943,732.909,585.159,-16.098,11172.5756,28.81,443030645.0,16003.832906953494,12777.557459384452,-581736.0454714871,9365404.894,16004.889088264898,0.37143023229419286,0.39619673420194873,0.37144459758103376,-0.08523308483788335,0.263459619809823,crypto
92213,2017-11-06,0.131852,0.131852,7.64,824269.0,5448.0,41622.72,RIOT PLATFORMS INC,RIOT,148170,2017-09-30,17.35,1.884,10.667,0.025,-5.302,28.1117,5.16,880110.0,1664908.8,3902.008062248055,-7850.3809883063,41613.937,1664557.4799999997,0.4672581414781429,0.2789284162505042,0.4672499772751685,-0.027106187362895405,0.29658258691023004,crypto
15488,2017-11-07,-0.004415,-0.004415,74.41,7026585.0,1201910.0,89434123.1,PAYPAL HOLDINGS INC,PYPL,024616,2017-09-30,37761.0,22329.0,15432.0,3239.0,380.0,76964.06,64.03,478287016.0,27611.646526705772,5795.36826723691,235352.95552631578,89441020.1,27613.775887619635,1.3574755503867038,0.7335762404497763,1.3572528979395242,1.9255058407512486,1.3434526323818132,crypto
15826,2017-11-07,-0.011296,-0.011296,36.76,10536686.0,251877.0,9258998.52,BLOCK INC,XYZ,026367,2017-09-30,2083.852,1350.943,732.909,585.159,-16.098,11172.5756,28.81,443030645.0,15823.047274330565,12633.21711153772,-575164.5247856877,9259616.554,15824.10345564197,0.352614786164568,0.37692350867368424,0.35263038455617124,-0.07940998292953995,0.2506896741162209,crypto
92213,2017-11-07,0.086388,0.086388,8.3,1150908.0,5448.0,45218.4,RIOT PLATFORMS INC,RIOT,148170,2017-09-30,17.35,1.884,10.667,0.025,-5.302,28.1117,5.16,880110.0,1808736.0,4239.092528358489,-8528.555262165222,45209.617,1808384.68,0.5482848189453646,0.359360190766912,0.54827785543359,-0.0789094913427705,0.344253343450774,crypto
15488,2017-11-08,0.004838,0.004838,74.77,7593063.0,1201910.0,89866810.69999999,PAYPAL HOLDINGS INC,PYPL,024616,2017-09-30,37761.0,22329.0,15432.0,3239.0,380.0,76964.06,64.03,478287016.0,27745.233312750846,5823.40660316226,236491.60710526313,89873707.69999999,27747.36267366471,1.3892030159893602,0.7534920839718694,1.388973879010255,1.95708480924278,1.3721884470535661,crypto
15826,2017-11-08,-0.00136,-0.00136,36.71,13485388.0,251877.0,9246404.67,BLOCK INC,XYZ,026367,2017-09-30,2083.852,1350.943,732.909,585.159,-16.098,11172.5756,28.81,443030645.0,15801.52517520879,12616.033736794063,-574382.2008945211,9247022.704,15802.581356520193,0.35037485210151753,0.37462907706317666,0.3503905972913066,-0.07871675651188001,0.2491694424860302,crypto
92213,2017-11-08,-0.062651,-0.062651,7.78,526261.0,5448.0,42385.44,RIOT PLATFORMS INC,RIOT,148170,2017-09-30,17.35,1.884,10.667,0.025,-5.302,28.1117,5.16,880110.0,1695417.6,3973.510827786632,-7994.236137306678,42376.657,1695066.2799999998,0.48444561851664447,0.29598970175398465,0.48443770900574273,-0.03809476699499013,0.3066945655703454,crypto
15488,2017-11-09,-0.008961,-0.008961,74.1,8875485.0,1201910.0,89061531.0,PAYPAL HOLDINGS INC,PYPL,024616,2017-09-30,37761.0,22329.0,15432.0,3239.0,380.0,76964.06,64.03,478287016.0,27496.613460944736,5771.224144634526,234372.45,89068428.0,27498.7428218586,1.3301546772288606,0.7164264863057527,1.3299376086841728,1.8983128401057634,1.3187079030811373,crypto
15826,2017-11-09,0.034051,0.034051,37.96,23511431.0,251877.0,9561250.92,BLOCK INC,XYZ,026367,2017-09-30,2083.852,1350.943,732.909,585.159,-16.098,11172.5756,28.81,443030645.0,16339.577653253218,13045.618105385525,-593940.2981736863,9561868.954,16340.633834564622,0.40637320367778207,0.4319898673258685,0.4063852789129217,-0.09604741695337843,0.28717523324079847,crypto
92213,2017-11-09,-0.03599,-0.03599,7.5,395122.0,5448.0,40860.0,RIOT PLATFORMS INC,RIOT,148170,2017-09-30,17.35,1.884,10.667,0.025,-5.302,28.1117,5.16,880110.0,1634400.0,3830.505296709478,-7706.525839305923,40851.217,1634048.6799999997,0.4500706644396413,0.2618671307470237,0.45006224554459423,-0.016117607730800686,0.2864706082501146,crypto
15826,2017-11-10,0.032929,0.032929,39.21,19473500.0,251877.0,9876097.17,BLOCK INC,XYZ,026367,2017-09-30,2083.852,1350.943,732.909,585.159,-16.098,11172.5756,28.81,443030645.0,16877.630131297647,13475.202473976988,-613498.3954528513,9876715.204,16878.68631260905,0.46237155525404655,0.48935065758856033,0.4623799605345368,-0.11337807739487674,0.32518102399556675,crypto
92213,2017-11-10,-0.045333,-0.045333,7.16,372635.0,5448.0,39007.68,RIOT PLATFORMS INC,RIOT,148170,2017-09-30,17.35,1.884,10.667,0.025,-5.302,28.1117,5.16,880110.0,1560307.2,3656.855723258648,-7357.163334590721,38998.897,1559955.88,0.4083296487747088,0.2204325802385712,0.40832061134177117,0.010568942804286455,0.26191294578983443,crypto
15488,2017-11-10,-0.001484,-0.001484,73.99,5714571.0,1201910.0,88929320.89999999,PAYPAL HOLDINGS INC,PYPL,024616,2017-09-30,37761.0,22329.0,15432.0,3239.0,380.0,76964.06,64.03,478287016.0,27455.79527631985,5762.656875324002,234024.5286842105,88936217.89999999,27457.92463723371,1.3204601738502701,0.7103410896740016,1.3202450866903375,1.8886637108444608,1.3099275152647674,crypto
92213,2017-11-13,0.01257,0.01257,7.25,307143.0,8321.0,60327.25,RIOT PLATFORMS INC,RIOT,148170,2017-09-30,17.35,1.884,10.667,0.025,-5.302,28.1117,5.16,880110.0,2413090.0,5655.502953032717,-11378.206337231235,60318.467,2412738.6799999997,0.8887544702632332,0.6973300925385453,0.8887525519899756,-0.2965841312819016,0.5445632458774631,crypto
15488,2017-11-13,0.000541,0.000541,74.03,6187837.0,1201910.0,88977397.3,PAYPAL HOLDINGS INC,PYPL,024616,2017-09-30,37761.0,22329.0,15432.0,3239.0,380.0,76964.06,64.03,478287016.0,27470.63825254708,5765.772245982374,234151.04552631578,88984294.3,27472.767613460943,1.3239854478061213,0.7125539611764566,1.323769640142641,1.8921724851212982,1.3131203835616292,crypto
15826,2017-11-13,0.019638,0.019638,39.98,14398360.0,251877.0,10070042.459999999,BLOCK INC,XYZ,026367,2017-09-30,2083.852,1350.943,732.909,585.159,-16.098,11172.5756,28.81,443030645.0,17209.070457773014,13739.826445029326,-625546.183376817,10070660.493999999,17210.126639084418,0.4968665398250255,0.5246849043903782,0.4968726844134516,-0.12405376422683974,0.3485925911005039,crypto
92213,2017-11-14,-0.031724,-0.031724,7.02,267915.0,8321.0,58413.42,RIOT PLATFORMS INC,RIOT,148170,2017-09-30,17.35,1.884,10.667,0.025,-5.302,28.1117,5.16,880110.0,2336536.8,5476.086997281335,-11017.24254998114,58404.636999999995,2336185.4799999995,0.845627360471179,0.6545196246930373,0.8456248031202397,-0.26901140032258253,0.5191900969904684,crypto
15488,2017-11-14,0.006214,0.006214,74.49,6281490.0,1201910.0,89530275.89999999,PAYPAL HOLDINGS INC,PYPL,024616,2017-09-30,37761.0,22329.0,15432.0,3239.0,380.0,76964.06,64.03,478287016.0,27641.33247916023,5801.599008553654,235605.98921052628,89537172.89999999,27643.461840074095,1.3645260982984049,0.7380019834546859,1.3643020048441308,1.9325233893049216,1.3498383689755358,crypto
15826,2017-11-14,-0.006003,-0.006003,39.74,11567507.0,251877.0,10009591.98,BLOCK INC,XYZ,026367,2017-09-30,2083.852,1350.943,732.909,585.159,-16.098,11172.5756,28.81,443030645.0,17105.764381988487,13657.346246259769,-621791.0286992174,10010210.014,17106.82056329989,0.48611485632238305,0.5136716326599419,0.4861217055421019,-0.12072627742207208,0.3412954792755887,crypto
15488,2017-11-15,-0.01423,-0.01423,73.43,6232485.0,1201910.0,88256251.30000001,PAYPAL HOLDINGS INC,PYPL,024616,2017-09-30,37761.0,22329.0,15432.0,3239.0,380.0,76964.06,64.03,478287016.0,27247.993609138626,5719.0416861067915,232253.29289473686,88263148.30000001,27250.12297005249,1.2711063384683612,0.6793608886396354,1.2709013383580907,1.839540870968746,1.2652273591087084,crypto
92213,2017-11-15,0.12963,0.12963,7.93,759961.0,8321.0,65985.53,RIOT PLATFORMS INC,RIOT,148170,2017-09-30,17.35,1.884,10.667,0.025,-5.302,28.1117,5.16,880110.0,2639421.1999999997,6185.950126558545,-12445.40362127499,65976.747,2639069.88,1.016260707909306,0.8239001713861346,1.0162606790831077,-0.378103509770323,0.6195795121520563,crypto
15826,2017-11-15,0.02315,0.02315,40.66,20675996.0,251877.0,10241318.819999998,BLOCK INC,XYZ,026367,2017-09-30,2083.852,1350.943,732.909,585.159,-16.098,11172.5756,28.81,443030645.0,17501.77100582918,13973.520341543082,-636185.7882966828,10241936.853999998,17502.827187140585,0.5273296430825132,0.5558891742932827,0.5273337912156101,-0.13348164350701475,0.3692677412710978,crypto
15488,2017-11-16,0.058151,0.058151,77.7,12858421.0,1201910.0,93388407.0,PAYPAL HOLDINGS INC,PYPL,024616,2017-09-30,37761.0,22329.0,15432.0,3239.0,380.0,76964.06,64.03,478287016.0,28832.48132139549,6051.607503888024,245758.96578947367,93395304.0,28834.610682309354,1.647429333255429,0.9155849215266813,1.6471474193914832,2.2141025250210813,1.6060660497986687,crypto
92213,2017-11-16,0.02396,0.02396,8.12,1129865.0,8321.0,67566.51999999999,RIOT PLATFORMS INC,RIOT,148170,2017-09-30,17.35,1.884,10.667,0.025,-5.302,28.1117,5.16,880110.0,2702660.7999999993,6334.163307396643,-12743.59109769898,67557.737,2702309.4799999995,1.0518874507810025,0.859265340475902,1.0518879498885414,-0.40088098317149945,0.6405399394934865,crypto
15826,2017-11-16,0.030497,0.030497,41.9,19901909.0,251877.0,10553646.299999999,BLOCK INC,XYZ,026367,2017-09-30,2083.852,1350.943,732.909,585.159,-16.098,11172.5756,28.81,443030645.0,18035.51906404926,14399.668035185812,-655587.4207976146,10554264.333999999,18036.575245360662,0.582880007846168,0.6127910782338728,0.5828805153842527,-0.1506736586649812,0.40696948569982805,crypto
15826,2017-11-17,0.054415,0.054415,44.18,39206539.0,251877.0,11127925.86,BLOCK INC,XYZ,026367,2017-09-30,2083.852,1350.943,732.909,585.159,-16.098,11172.5756,28.81,443030645.0,19016.926784002295,15183.229923496641,-691261.3902348118,11128543.894,19017.9829653137,0.6850210011212744,0.7174171596730229,0.6850148146620785,-0.18228478331027423,0.47629204803652536,crypto
15488,2017-11-17,-0.016988,-0.016988,76.38,11886686.0,1201910.0,91801885.8,PAYPAL HOLDINGS INC,PYPL,024616,2017-09-30,37761.0,22329.0,15432.0,3239.0,380.0,76964.06,64.03,478287016.0,28342.66310589688,5948.800272161741,241583.91,91808782.8,28344.792466810744,1.5310952927123542,0.8425601619456738,1.5308371554654694,2.0983129738854647,1.5007013960022406,crypto
92213,2017-11-17,0.001232,0.001232,8.13,1421024.0,8321.0,67649.73000000001,RIOT PLATFORMS INC,RIOT,148170,2017-09-30,17.35,1.884,10.667,0.025,-5.302,28.1117,5.16,880110.0,2705989.2,6341.964001124966,-12759.28517540551,67640.94700000001,2705637.8800000004,1.0537625425110924,0.8611266651648375,1.0537630694046174,-0.40207979756103535,0.641643119879878,crypto
92213,2017-11-20,0.273063,0.273063,10.35,4784379.0,8321.0,86122.34999999999,RIOT PLATFORMS INC,RIOT,148170,2017-09-30,17.35,1.884,10.667,0.025,-5.302,28.1117,5.16,880110.0,3444893.9999999995,8073.718008812224,-16243.370426254243,86113.567,3444542.6799999997,1.4700329065909183,1.2743407461084373,1.4700396019733712,-0.6682165920379406,0.8865491656586966,crypto
15826,2017-11-20,0.023314,0.023314,45.21,28654917.0,251877.0,11387359.17,BLOCK INC,XYZ,026367,2017-09-30,2083.852,1350.943,732.909,585.159,-16.098,11172.5756,28.81,443030645.0,19460.282025910907,15537.207443216006,-707377.2623928438,11387977.204,19461.33820722231,0.7311636428201167,0.7646824508494809,0.7311544323182897,-0.19656524751406884,0.5076088196184546,crypto
15488,2017-11-20,-0.004844,-0.004844,76.01,6841836.0,1201910.0,91357179.10000001,PAYPAL HOLDINGS INC,PYPL,024616,2017-09-30,37761.0,22329.0,15432.0,3239.0,380.0,76964.06,64.03,478287016.0,28205.365575795,5919.983093571799,240413.62921052633,91364076.10000001,28207.494936708863,1.498486508620735,0.8220911005479677,1.498235036031663,2.065856811824724,1.4711673642562726,crypto
15488,2017-11-21,0.023155,0.023155,77.77,10603105.0,1201910.0,93472540.69999999,PAYPAL HOLDINGS INC,PYPL,024616,2017-09-30,37761.0,22329.0,15432.0,3239.0,380.0,76964.06,64.03,478287016.0,28858.456529793144,6057.059402540175,245980.37026315785,93479437.69999999,28860.585890707003,1.6535985626781677,0.9194574466559766,1.6533153879330131,2.2202428800055447,1.6116535693181755,crypto
92213,2017-11-21,0.087923,0.087923,11.26,11490184.0,8321.0,93694.45999999999,RIOT PLATFORMS INC,RIOT,148170,2017-09-30,17.35,1.884,10.667,0.025,-5.302,28.1117,5.16,880110.0,3747778.3999999994,8783.581138089434,-17671.531497548094,93685.677,3747427.0799999996,1.6406662540290455,1.4437212928015346,1.640675477936239,-0.777308701485681,0.9869385808202845,crypto
15826,2017-11-21,0.063039,0.063039,48.06,28904547.0,251877.0,12105208.620000001,BLOCK INC,XYZ,026367,2017-09-30,2083.852,1350.943,732.909,585.159,-16.098,11172.5756,28.81,443030645.0,20687.041675852208,16516.659803604543,-751969.7241893404,12105826.654000001,20688.09785716361,0.8588398844140003,0.8954650526484187,0.8588223064155726,-0.23607915332068516,0.5942620225393266,crypto
15826,2017-11-22,0.015606,0.015606,48.81,44557632.0,251877.0,12294116.370000001,BLOCK INC,XYZ,026367,2017-09-30,2083.852,1350.943,732.909,585.159,-16.098,11172.5756,28.81,443030645.0,21009.873162678865,16774.41042475942,-763704.5825568395,12294734.404000001,21010.92934399027,0.892438895359759,0.9298815268060335,0.8924191153885416,-0.2464775495855842,0.6170654969921875,crypto
15488,2017-11-22,-0.002572,-0.002572,77.57,8073499.0,1201910.0,93232158.69999999,PAYPAL HOLDINGS INC,PYPL,024616,2017-09-30,37761.0,22329.0,15432.0,3239.0,380.0,76964.06,64.03,478287016.0,28784.24164865699,6041.482549248314,245347.78605263153,93239055.69999999,28786.371009570852,1.6359721928989135,0.9083930891437028,1.6356926206714963,2.2026990086213605,1.5956892278338684,crypto
92213,2017-11-22,0.420071,0.420071,15.99,12917701.0,8321.0,133052.79,RIOT PLATFORMS INC,RIOT,148170,2017-09-30,17.35,1.884,10.667,0.025,-5.302,28.1117,5.16,880110.0,5322111.6,12473.309271585264,-25094.83025273482,133044.007,5321760.28,2.5275846423612887,2.324127870667854,2.527607009039937,-1.3443479077360247,1.5087429035832638,crypto
15826,2017-11-24,0.001024,0.001024,48.86,16562670.0,251877.0,12306710.22,BLOCK INC,XYZ,026367,2017-09-30,2083.852,1350.943,732.909,585.159,-16.098,11172.5756,28.81,443030645.0,21031.39526180064,16791.593799503076,-764486.906448006,12307328.254,21032.451443112044,0.8946788294228094,0.9321759584165411,0.894658902653406,-0.24717077600324414,0.618585728622378,crypto
15488,2017-11-24,0.012892,0.012892,78.57,4306578.0,1201910.0,94434068.69999999,PAYPAL HOLDINGS INC,PYPL,024616,2017-09-30,37761.0,22329.0,15432.0,3239.0,380.0,76964.06,64.03,478287016.0,29155.316054337756,6119.36681570762,248510.70710526314,94440965.69999999,29157.445415251615,1.724104041795183,0.9637148767050723,1.723806456979082,2.290418365542283,1.6755109352554052,crypto
92213,2017-11-24,0.475922,0.475922,23.6,18008462.0,8321.0,196375.6,RIOT PLATFORMS INC,RIOT,148170,2017-09-30,17.35,1.884,10.667,0.025,-5.302,28.1117,5.16,880110.0,7855024.0,18409.637198837536,-37038.02338740099,196366.817,7854672.68,3.954529448959252,3.740595958947492,3.954572960773369,-2.256645658172624,2.348263177626872,crypto
15826,2017-11-27,-0.160458,-0.160458,41.02,76437517.0,251877.0,10331994.540000001,BLOCK INC,XYZ,026367,2017-09-30,2083.852,1350.943,732.909,585.159,-16.098,11172.5756,28.81,443030645.0,17656.73011950598,14097.240639697426,-641818.5203130825,10332612.574000001,17657.786300817388,0.5434571683364778,0.5724090818889381,0.543460259522636,-0.13847287371416644,0.3802134090084714,crypto
92213,2017-11-27,-0.338983,-0.338983,15.6,16025404.0,8321.0,129807.59999999999,RIOT PLATFORMS INC,RIOT,148170,2017-09-30,17.35,1.884,10.667,0.025,-5.302,28.1117,5.16,880110.0,5192303.999999999,12169.082216180745,-24482.76122218031,129798.817,5191952.68,2.4544560648878053,2.2515362077993837,2.4544773479129933,-1.2975941465441359,1.4657188685140117,crypto
15488,2017-11-27,-0.009291,-0.009291,77.84,6780920.0,1201910.0,93556674.4,PAYPAL HOLDINGS INC,PYPL,024616,2017-09-30,37761.0,22329.0,15432.0,3239.0,380.0,76964.06,64.03,478287016.0,28884.4317381908,6062.511301192328,246201.7747368421,93563571.4,28886.561099104663,1.6597677921009073,0.9233299717852732,1.6594833564745457,2.226383234990011,1.6172410888376842,crypto
15488,2017-11-28,-0.000642,-0.000642,77.79,8741506.0,1201910.0,93496578.9,PAYPAL HOLDINGS INC,PYPL,024616,2017-09-30,37761.0,22329.0,15432.0,3239.0,380.0,76964.06,64.03,478287016.0,28865.87801790676,6058.617087869363,246043.62868421053,93503475.9,28868.007378820625,1.6553611996560937,0.9205638824072051,1.6550776646591663,2.2219972671439647,1.6132500034666075,crypto
15826,2017-11-28,0.037299,0.037299,42.55,56515896.0,251877.0,10717366.35,BLOCK INC,XYZ,026367,2017-09-30,2083.852,1350.943,732.909,585.159,-16.098,11172.5756,28.81,443030645.0,18315.30635263236,14623.051906853374,-665757.6313827805,10717984.384,18316.362533943764,0.6119991506658254,0.6426186891704727,0.6119977498274924,-0.15968560209456037,0.4267324968923076,crypto
92213,2017-11-28,-0.022436,-0.022436,15.25,11616779.0,8321.0,126895.25,RIOT PLATFORMS INC,RIOT,148170,2017-09-30,17.35,1.884,10.667,0.025,-5.302,28.1117,5.16,880110.0,5075810.0,11896.05793568951,-23933.468502451906,126886.467,5075458.68,2.38882785433468,2.186389843686654,2.388848164850352,-1.2556356429103894,1.427107554990324,crypto
92213,2017-11-29,-0.135738,-0.135738,13.18,7577419.0,8321.0,109670.78,RIOT PLATFORMS INC,RIOT,148170,2017-09-30,17.35,1.884,10.667,0.025,-5.302,28.1117,5.16,880110.0,4386831.199999999,10281.314333927065,-20684.794417201058,109661.997,4386479.88,2.0006838662061925,1.8010956330770809,2.0006984250227293,-1.0074810642765182,1.1987492150073713,crypto
15826,2017-11-29,-0.080376,-0.080376,39.13,52069596.0,251877.0,9855947.01,BLOCK INC,XYZ,026367,2017-09-30,2083.852,1350.943,732.909,585.159,-16.098,11172.5756,28.81,443030645.0,16843.194772702805,13447.709074387134,-612246.6772269848,9856565.044,16844.25095401421,0.4587876607531659,0.485679567011748,0.4587963009107537,-0.11226891512662085,0.32274865338726166,crypto
15488,2017-11-29,-0.058362,-0.058362,73.25,25202171.0,1201910.0,88039907.5,PAYPAL HOLDINGS INC,PYPL,024616,2017-09-30,37761.0,22329.0,15432.0,3239.0,380.0,76964.06,64.03,478287016.0,27181.200216116085,5705.0225181441165,231683.96710526315,88046804.5,27183.32957702995,1.2552426056670318,0.6694029668785888,1.2550408478227244,1.8237513867229793,1.250859451772831,crypto
92213,2017-11-30,0.024279,0.024279,13.5,4402072.0,8321.0,112333.5,RIOT PLATFORMS INC,RIOT,148170,2017-09-30,17.35,1.884,10.667,0.025,-5.302,28.1117,5.16,880110.0,4493340.0,10530.936533233336,-21187.004903809884,112324.717,4492988.68,2.0606868015690507,1.8606580231230052,2.0607022495371443,-1.0458431247416577,1.2340509873718857,crypto
15826,2017-11-30,0.0023,0.0023,39.22,39352700.0,268851.0,10544336.219999999,BLOCK INC,XYZ,026367,2017-09-30,2083.852,1350.943,732.909,585.159,-16.098,11172.5756,28.81,443030645.0,18019.608721732042,14386.965121181482,-655009.083115915,10544954.253999999,18020.664903043446,0.5812241230038262,0.6110949057490207,0.5812247390633603,-0.15016118683098856,0.4058456452463046,crypto
15488,2017-11-30,0.033857,0.033857,75.73,15962025.0,1201910.0,91020644.30000001,PAYPAL HOLDINGS INC,PYPL,024616,2017-09-30,37761.0,22329.0,15432.0,3239.0,380.0,76964.06,64.03,478287016.0,28101.46474220439,5898.1754989631945,239528.0113157895,91027541.30000001,28103.59410311825,1.4738095909297804,0.806601000030785,1.4735631618655387,2.0412953918868664,1.4488172861782427,crypto
92213,2017-12-01,0.111111,0.111111,15.0,5670496.0,8321.0,124815.0,RIOT PLATFORMS INC,RIOT,148170,2017-09-30,17.35,1.884,10.667,0.025,-5.302,28.1117,5.16,880110.0,4992600.0,11701.040592481486,-23541.11655978876,124806.217,4992248.68,2.3419505610824474,2.1398567264632757,2.3419701769484647,-1.2256652831719992,1.3995280453305472,crypto
15826,2017-12-01,-0.025497,-0.025497,38.22,25390126.0,268851.0,10275485.219999999,BLOCK INC,XYZ,026367,2017-09-30,2083.852,1350.943,732.909,585.159,-16.098,11172.5756,28.81,443030645.0,17560.159238771,14020.13786158991,-638308.1885948564,10276103.253999999,17561.215420082404,0.5334064570172365,0.5621138369800107,0.5334102068951898,-0.1353623274183156,0.3733920433685304,crypto
15488,2017-12-01,-0.005678,-0.005678,75.3,13387754.0,1201910.0,90503823.0,PAYPAL HOLDINGS INC,PYPL,024616,2017-09-30,37761.0,22329.0,15432.0,3239.0,380.0,76964.06,64.03,478287016.0,27941.902747761655,5864.685264385692,238167.9552631579,90510720.0,27944.032108675518,1.4359128959043834,0.7828126313793953,1.4356742122532762,2.003576068410869,1.414493951986981,crypto
92213,2017-12-04,0.004667,0.004667,15.07,4977922.0,8321.0,125397.47,RIOT PLATFORMS INC,RIOT,148170,2017-09-30,17.35,1.884,10.667,0.025,-5.302,28.1117,5.16,880110.0,5015898.8,11755.645448579733,-23650.975103734443,125388.687,5015547.4799999995,2.355076203193072,2.1528859992858216,2.355096013560993,-1.2340569838987487,1.4072503080352845,crypto
15488,2017-12-04,-0.057503,-0.057503,70.97,26284889.0,1201910.0,85299552.7,PAYPAL HOLDINGS INC,PYPL,024616,2017-09-30,37761.0,22329.0,15432.0,3239.0,380.0,76964.06,64.03,478287016.0,26335.15057116394,5527.4463906169,224472.50710526315,85306449.7,26337.279932077803,1.0543019901835384,0.5432692912386671,1.0541413010414278,1.6237512529432778,1.0688659588517277,crypto
15826,2017-12-04,-0.035322,-0.035322,36.87,29566927.0,268851.0,9912536.37,BLOCK INC,XYZ,026367,2017-09-30,2083.852,1350.943,732.909,585.159,-16.098,11172.5756,28.81,443030645.0,16939.902436773595,13524.921061141287,-615761.9809914274,9913154.404,16940.958618085,0.4688526079353405,0.49598939414184706,0.4688605884681596,-0.11538386721120715,0.329579680833535,crypto
15488,2017-12-05,0.003241,0.003241,71.2,16634001.0,1201910.0,85575992.0,PAYPAL HOLDINGS INC,PYPL,024616,2017-09-30,37761.0,22329.0,15432.0,3239.0,380.0,76964.06,64.03,478287016.0,26420.497684470516,5545.35977190254,225199.97894736842,85582889.0,26422.62704538438,1.0745723154296805,0.5559933023777817,1.0744074833921726,1.6439267050350899,1.0872249515586812,crypto
92213,2017-12-05,-0.061712,-0.061712,14.14,2797534.0,8321.0,117658.94,RIOT PLATFORMS INC,RIOT,148170,2017-09-30,17.35,1.884,10.667,0.025,-5.302,28.1117,5.16,880110.0,4706357.6,11030.18093184588,-22191.425877027537,117650.157,4706006.28,2.1806926722947666,1.979782803214854,2.1807098985659747,-1.1225672456719367,1.3046545321009146,crypto
15826,2017-12-05,0.019799,0.019799,37.6,21276177.0,268851.0,10108797.6,BLOCK INC,XYZ,026367,2017-09-30,2083.852,1350.943,732.909,585.159,-16.098,11172.5756,28.81,443030645.0,17275.300559335155,13792.704960643136,-627953.6339918002,10109415.634,17276.35674064656,0.503759504105551,0.5317455743432244,0.5037651969509241,-0.12618703458245847,0.3532708102043103,crypto
92213,2017-12-06,-0.03099,-0.03099,13.7018,2107449.0,8321.0,114012.6778,RIOT PLATFORMS INC,RIOT,148170,2017-09-30,17.35,1.884,10.667,0.025,-5.302,28.1117,5.16,880110.0,4560507.112,10688.354532670855,-21503.711391927576,114003.89480000001,4560155.792,2.098526152682253,1.8982195553457166,2.098542161371548,-1.0700351991224863,1.2563131675692578,crypto
15488,2017-12-06,0.027247,0.027247,73.14,9331407.0,1201910.0,87907697.4,PAYPAL HOLDINGS INC,PYPL,024616,2017-09-30,37761.0,22329.0,15432.0,3239.0,380.0,76964.06,64.03,478287016.0,27140.382031491205,5696.455248833593,231336.0457894737,87914594.4,27142.511392405064,1.2455481022884431,0.6633175702468384,1.24534832582889,1.8141022574616783,1.2420790639564625,crypto
15826,2017-12-06,0.000266,0.000266,37.61,28820442.0,268851.0,10111486.11,BLOCK INC,XYZ,026367,2017-09-30,2083.852,1350.943,732.909,585.159,-16.098,11172.5756,28.81,443030645.0,17279.895054164765,13796.37323323905,-628120.6429370109,10112104.144,17280.95123547617,0.5042376807654168,0.5322353850309144,0.5042433422726057,-0.12633502317658524,0.3535953462230879,crypto
92213,2017-12-07,0.065553,0.065553,14.6,5349310.0,8321.0,121486.59999999999,RIOT PLATFORMS INC,RIOT,148170,2017-09-30,17.35,1.884,10.667,0.025,-5.302,28.1117,5.16,880110.0,4859463.999999999,11389.012843348644,-22913.353451527724,121477.817,4859112.68,2.266946891878874,2.0654037389058697,2.266965396305446,-1.1777127075905747,1.3554008298749038,crypto
15488,2017-12-07,0.00752,0.00752,73.69,7937722.0,1201910.0,88568747.89999999,PAYPAL HOLDINGS INC,PYPL,024616,2017-09-30,37761.0,22329.0,15432.0,3239.0,380.0,76964.06,64.03,478287016.0,27344.47295461562,5739.29159538621,233075.65236842103,88575644.89999999,27346.602315529482,1.2940206191813897,0.6937445534055908,1.2938109357980618,1.8623479037681845,1.2859810030383068,crypto
15826,2017-12-07,0.029779,0.029779,38.73,23721619.0,268851.0,10412599.229999999,BLOCK INC,XYZ,026367,2017-09-30,2083.852,1350.943,732.909,585.159,-16.098,11172.5756,28.81,443030645.0,17794.47847508113,14207.219763981611,-646825.6448005963,10413217.263999999,17795.534656392534,0.5577934666703972,0.5870941820522058,0.5577956183009566,-0.14290974571877882,0.3899433803261952,crypto
15826,2017-12-08,-0.016525,-0.016525,38.09,20917818.0,268851.0,10240534.590000002,BLOCK INC,XYZ,026367,2017-09-30,2083.852,1350.943,732.909,585.159,-16.098,11172.5756,28.81,443030645.0,17500.430805986067,13972.45031784301,-636137.072307119,10241152.624000002,17501.486987297474,0.52719016043898,0.5557462980400399,0.5271943177133281,-0.13343847569466832,0.36917307512441994,crypto
15488,2017-12-08,-0.010585,-0.010585,72.91,8350428.0,1201910.0,87631258.1,PAYPAL HOLDINGS INC,PYPL,024616,2017-09-30,37761.0,22329.0,15432.0,3239.0,380.0,76964.06,64.03,478287016.0,27055.03491818462,5678.541867547952,230608.5739473684,87638155.1,27057.164279098484,1.2252777770422996,0.650593559107723,1.2250821434781443,1.7939268053698654,1.223720071249508,crypto
92213,2017-12-08,0.086301,0.086301,15.86,3670387.0,8321.0,131971.06,RIOT PLATFORMS INC,RIOT,148170,2017-09-30,17.35,1.884,10.667,0.025,-5.302,28.1117,5.16,880110.0,5278842.399999999,12371.90025311709,-24890.80724254998,131962.277,5278491.08,2.5032084498701273,2.299930649711697,2.503230455330956,-1.3287633206720615,1.4944015585601798,crypto
15488,2017-12-11,0.005212,0.005212,73.29,6421869.0,1201910.0,88087983.9,PAYPAL HOLDINGS INC,PYPL,024616,2017-09-30,37761.0,22329.0,15432.0,3239.0,380.0,76964.06,64.03,478287016.0,27196.043192343317,5708.137888802488,231810.48394736843,88094880.9,27198.17255325718,1.258767879622883,0.6716158383810433,1.2585654012750283,1.8272601609998165,1.2540523200696927,crypto
15826,2017-12-11,0.005513,0.005513,38.3,15780181.0,268851.0,10296993.299999999,BLOCK INC,XYZ,026367,2017-09-30,2083.852,1350.943,732.909,585.159,-16.098,11172.5756,28.81,443030645.0,17596.91519740788,14049.484042357235,-639644.2601565411,10297611.333999999,17597.971378719285,0.5372318702961635,0.5660323224815313,0.5372353694686431,-0.13654623617132947,0.3759883315187521,crypto
92213,2017-12-11,0.455233,0.455233,23.08,19145131.0,9660.0,222952.8,RIOT PLATFORMS INC,RIOT,148170,2017-09-30,17.35,1.884,10.667,0.025,-5.302,28.1117,5.16,880110.0,8918111.999999998,20901.17183838005,-42050.697849867975,222944.017,8917760.68,4.553432080000347,4.335101409287198,4.553484466633734,-2.6395459080652546,2.700618011964006,crypto
15826,2017-12-12,-0.005744,-0.005744,38.08,18834100.0,268851.0,10237846.08,BLOCK INC,XYZ,026367,2017-09-30,2083.852,1350.943,732.909,585.159,-16.098,11172.5756,28.81,443030645.0,17495.836311156454,13968.782045247091,-635970.0633619083,10238464.114,17496.89249246786,0.5267119837791139,0.5552564873523494,0.5267161723916461,-0.13329048710054145,0.368848539105642,crypto
92213,2017-12-12,0.221837,0.221837,28.2,34041230.0,9660.0,272412.0,RIOT PLATFORMS INC,RIOT,148170,2017-09-30,17.35,1.884,10.667,0.025,-5.302,28.1117,5.16,880110.0,10896480.0,25537.826942908036,-51379.10222557526,272403.217,10896128.68,5.66796803597719,5.441454372332272,5.668036938325597,-3.3521093097587973,3.3563375092190655,crypto
15488,2017-12-12,0.004503,0.004503,73.62,6573519.0,1201910.0,88484614.2,PAYPAL HOLDINGS INC,PYPL,024616,2017-09-30,37761.0,22329.0,15432.0,3239.0,380.0,76964.06,64.03,478287016.0,27318.49774621797,5733.8396967340595,232854.24789473685,88491511.2,27320.627107131833,1.2878513897586519,0.6898720282762955,1.287642967256532,1.8562075487837209,1.2803934835188,crypto
15488,2017-12-13,0.006384,0.006384,74.09,7214192.0,1201910.0,89049511.9,PAYPAL HOLDINGS INC,PYPL,024616,2017-09-30,37761.0,22329.0,15432.0,3239.0,380.0,76964.06,64.03,478287016.0,27492.90271688793,5770.445301969933,234340.8207894737,89056408.9,27495.032077801792,1.3292733587398982,0.7158732684301391,1.3290564703210972,1.8974356465365547,1.3179096860069222,crypto
15826,2017-12-13,-0.049632,-0.049632,36.19,25376218.0,268851.0,9729717.69,BLOCK INC,XYZ,026367,2017-09-30,2083.852,1350.943,732.909,585.159,-16.098,11172.5756,28.81,443030645.0,16627.476788360087,13275.478524619017,-604405.3727171078,9730335.724,16628.53296967149,0.4363365950644596,0.46268226737892004,0.43634670659380365,-0.10532064281058966,0.3075112315566484,crypto
92213,2017-12-13,-0.183333,-0.183333,23.03,12700502.0,9660.0,222469.80000000002,RIOT PLATFORMS INC,RIOT,148170,2017-09-30,17.35,1.884,10.667,0.025,-5.302,28.1117,5.16,880110.0,8898792.0,20855.8920033749,-41959.600150886465,222461.01700000002,8898440.68,4.542547939805261,4.3242971811324615,4.542600165152368,-2.6325872810955917,2.694214501248625,crypto
15826,2017-12-14,0.022658,0.022658,37.01,20939467.0,268851.0,9950175.51,BLOCK INC,XYZ,026367,2017-09-30,2083.852,1350.943,732.909,585.159,-16.098,11172.5756,28.81,443030645.0,17004.22536438814,13576.276877484108,-618100.1062243758,9950793.544,17005.281545699545,0.47554708117346317,0.5028467437695086,0.47555462297170353,-0.11745570752898149,0.33412318509642347,crypto
15488,2017-12-14,0.002295,0.002295,74.26,7519576.0,1201910.0,89253836.60000001,PAYPAL HOLDINGS INC,PYPL,024616,2017-09-30,37761.0,22329.0,15432.0,3239.0,380.0,76964.06,64.03,478287016.0,27555.985365853663,5783.685627268015,234878.51736842107,89260733.60000001,27558.114726767522,1.3442557730522648,0.7252779723155719,1.3440358224933868,1.9123479372131111,1.3314793762685837,crypto
92213,2017-12-14,0.084672,0.084672,24.98,7529353.0,9660.0,241306.80000000002,RIOT PLATFORMS INC,RIOT,148170,2017-09-30,17.35,1.884,10.667,0.025,-5.302,28.1117,5.16,880110.0,9652272.0,22621.805568575983,-45512.410411165605,241298.01700000002,9651920.68,4.967029407413629,4.7456620791672055,4.967087922925636,-2.9039737329124677,2.9439514191485006,crypto
92213,2017-12-15,0.140913,0.140913,28.5,11661476.0,9660.0,275310.0,RIOT PLATFORMS INC,RIOT,148170,2017-09-30,17.35,1.884,10.667,0.025,-5.302,28.1117,5.16,880110.0,11012400.0,25809.505952938973,-51925.68841946436,275301.217,11012048.68,5.733272877147709,5.506279741260695,5.733342747213792,-3.393861071576778,3.3947585735113543,crypto
15826,2017-12-15,0.00054,0.00054,37.03,12932032.0,268851.0,9955552.530000001,BLOCK INC,XYZ,026367,2017-09-30,2083.852,1350.943,732.909,585.159,-16.098,11172.5756,28.81,443030645.0,17013.414354047363,13583.61342267594,-618434.124114797,9956170.564000001,17014.470535358767,0.47650343449319504,0.5038263651448889,0.47651091361506703,-0.11775168471723499,0.334772257133979,crypto
15488,2017-12-15,0.018718,0.018718,75.65,12543854.0,1201910.0,90924491.5,PAYPAL HOLDINGS INC,PYPL,024616,2017-09-30,37761.0,22329.0,15432.0,3239.0,380.0,76964.06,64.03,478287016.0,28071.778789749922,5891.944757646449,239274.97763157895,90931388.5,28073.908150663785,1.4667590430180775,0.8021752570258748,1.4665140549609315,2.034277843333192,1.4424315495845188,crypto
15488,2017-12-18,-0.004362,-0.004362,75.32,8361091.0,1201910.0,90527861.19999999,PAYPAL HOLDINGS INC,PYPL,024616,2017-09-30,37761.0,22329.0,15432.0,3239.0,380.0,76964.06,64.03,478287016.0,27949.324235875265,5866.242949714878,238231.2136842105,90534758.19999999,27951.453596789128,1.4376755328823076,0.7839190671306225,1.4374364889794269,2.0053304555492866,1.4160903861354108,crypto
15826,2017-12-18,0.019444,0.019444,37.75,11897341.0,268851.0,10149125.25,BLOCK INC,XYZ,026367,2017-09-30,2083.852,1350.943,732.909,585.159,-16.098,11172.5756,28.81,443030645.0,17344.21798177931,13847.729049581872,-630458.7681699591,10149743.284,17345.274163090715,0.5109321540035394,0.5390927346585761,0.5109373767761496,-0.12840686349435945,0.35813885048597643,crypto
92213,2017-12-18,0.279649,0.279649,36.47,27544304.0,9660.0,352300.2,RIOT PLATFORMS INC,RIOT,148170,2017-09-30,17.35,1.884,10.667,0.025,-5.302,28.1117,5.16,880110.0,14092008.0,33027.111652760854,-66446.66163711807,352291.417,14091656.68,7.468204824244474,7.228473709125781,7.468300403343507,-4.50306621054114,4.415478181543156,crypto
15826,2017-12-19,-0.021987,-0.021987,36.92,12019125.0,268851.0,9925978.92,BLOCK INC,XYZ,026367,2017-09-30,2083.852,1350.943,732.909,585.159,-16.098,11172.5756,28.81,443030645.0,16962.874910921648,13543.262424120867,-616597.0257174805,9926596.954,16963.93109223305,0.4712434912346701,0.4984384475802977,0.4712513150765682,-0.11612381018184088,0.3312023609274238,crypto
92213,2017-12-19,0.058404,0.058404,38.6,28540193.0,9660.0,372876.0,RIOT PLATFORMS INC,RIOT,148170,2017-09-30,17.35,1.884,10.667,0.025,-5.302,28.1117,5.16,880110.0,14915040.0,34956.0326239805,-70327.42361373067,372867.217,14914688.68,7.931869196555152,7.68873382851758,7.931971646449692,-4.799503719448804,4.688267738018405,crypto
15488,2017-12-19,-0.010887,-0.010887,74.5,7753123.0,1201910.0,89542295.0,PAYPAL HOLDINGS INC,PYPL,024616,2017-09-30,37761.0,22329.0,15432.0,3239.0,380.0,76964.06,64.03,478287016.0,27645.043223217042,5802.377851218248,235637.61842105264,89549192.0,27647.172584130905,1.3654074167873682,0.7385552013303002,1.3651831432072072,1.933400582874132,1.350636586049752,crypto
15826,2017-12-20,-0.034128,-0.034128,35.66,14012003.0,268851.0,9587226.659999998,BLOCK INC,XYZ,026367,2017-09-30,2083.852,1350.943,732.909,585.159,-16.098,11172.5756,28.81,443030645.0,16383.968562390732,13081.060077035483,-595553.8986209467,9587844.693999998,16385.024743702135,0.4109932320915667,0.4367223009313447,0.4110050045446729,-0.09747724732187295,0.2903108225614278,crypto
92213,2017-12-20,-0.064249,-0.064249,36.12,12852687.0,9660.0,348919.19999999995,RIOT PLATFORMS INC,RIOT,148170,2017-09-30,17.35,1.884,10.667,0.025,-5.302,28.1117,5.16,880110.0,13956767.999999998,32710.152807724753,-65808.97774424744,348910.41699999996,13956416.679999998,7.392015842878869,7.1528441120426205,7.392110292973945,-4.454355821753494,4.370653606535485,crypto
15488,2017-12-20,-0.006711,-0.006711,74.0,6121321.0,1201910.0,88941340.0,PAYPAL HOLDINGS INC,PYPL,024616,2017-09-30,37761.0,22329.0,15432.0,3239.0,380.0,76964.06,64.03,478287016.0,27459.50602037666,5763.435717988596,234056.15789473685,88948237.0,27461.63538129052,1.3213414923392335,0.7108943075496158,1.321126225053414,1.8895409044136713,1.3107257323389836,crypto
15488,2017-12-21,0.00027,0.00027,74.02,4763864.0,1201910.0,88965378.19999999,PAYPAL HOLDINGS INC,PYPL,024616,2017-09-30,37761.0,22329.0,15432.0,3239.0,380.0,76964.06,64.03,478287016.0,27466.927508490273,5764.993403317781,234119.41631578945,88972275.19999999,27469.056869404132,1.3231041293171586,0.7120007433008424,1.3228885017795646,1.8912952915520886,1.3123221664874136,crypto
15826,2017-12-21,0.005889,0.005889,35.87,9669061.0,268851.0,9643685.37,BLOCK INC,XYZ,026367,2017-09-30,2083.852,1350.943,732.909,585.159,-16.098,11172.5756,28.81,443030645.0,16480.452953812553,13158.093801549714,-599061.086470369,9644303.404,16481.509135123957,0.42103494194875085,0.4470083253728369,0.4210460562999891,-0.1005850077985343,0.29712607895576065,crypto
92213,2017-12-21,-0.23588,-0.23588,27.6,11593721.0,11584.0,319718.4,RIOT PLATFORMS INC,RIOT,148170,2017-09-30,17.35,1.884,10.667,0.025,-5.302,28.1117,5.16,880110.0,12788736.0,29972.663354270182,-60301.471142964925,319709.617,12788384.68,6.733991824227362,6.499651347030519,6.7340765234147995,-4.033657116958982,3.983515644428425,crypto
92213,2017-12-22,-0.111594,-0.111594,24.52,11898754.0,11584.0,284039.68,RIOT PLATFORMS INC,RIOT,148170,2017-09-30,17.35,1.884,10.667,0.025,-5.302,28.1117,5.16,880110.0,11361587.2,26627.887878503796,-53572.17653715579,284030.897,11361235.879999999,5.92999142989769,5.701553974051263,5.930064215031285,-3.519630402186575,3.510494804198416,crypto
15826,2017-12-22,-0.020351,-0.020351,35.14,14382353.0,268851.0,9447424.14,BLOCK INC,XYZ,026367,2017-09-30,2083.852,1350.943,732.909,585.159,-16.098,11172.5756,28.81,443030645.0,16145.054831250995,12890.309902047868,-586869.4334699963,9448042.174,16146.111012562398,0.38612804577854054,0.4112521451714597,0.3861414478172247,-0.08978184042728309,0.2734349495849855,crypto
15488,2017-12-22,-0.001756,-0.001756,73.89,3895002.0,1201910.0,88809129.9,PAYPAL HOLDINGS INC,PYPL,024616,2017-09-30,37761.0,22329.0,15432.0,3239.0,380.0,76964.06,64.03,478287016.0,27418.687835751778,5754.868448678072,233708.23657894737,88816026.9,27420.81719666564,1.3116469889606448,0.7048089109178652,1.3114337030595804,1.8798917751523696,1.301945344522615,crypto
15826,2017-12-26,-0.002561,-0.002561,35.05,7131296.0,268851.0,9423227.549999999,BLOCK INC,XYZ,026367,2017-09-30,2083.852,1350.943,732.909,585.159,-16.098,11172.5756,28.81,443030645.0,16103.704377784497,12857.295448684625,-585366.352963101,9423845.583999999,16104.760559095903,0.3818244558397471,0.4068438489822486,0.3818381399220892,-0.08844994308014247,0.27051412541598563,crypto
92213,2017-12-26,0.273246,0.273246,31.22,10440038.0,11584.0,361652.48,RIOT PLATFORMS INC,RIOT,148170,2017-09-30,17.35,1.884,10.667,0.025,-5.302,28.1117,5.16,880110.0,14466099.2,33903.86050435924,-68210.57714070163,361643.697,14465747.879999999,7.678953326653795,7.437674882804838,7.679052028722696,-4.63780539860707,4.539468709893565,crypto
15488,2017-12-26,0.005143,0.005143,74.27,4919144.0,1201910.0,89265855.69999999,PAYPAL HOLDINGS INC,PYPL,024616,2017-09-30,37761.0,22329.0,15432.0,3239.0,380.0,76964.06,64.03,478287016.0,27559.696109910463,5784.464469932607,234910.14657894734,89272752.69999999,27561.825470824326,1.3451370915412255,0.7258311901911849,1.3449169608564617,1.9132251307823191,1.332277593342798,crypto
15488,2017-12-27,0.004309,0.004309,74.59,4461486.0,1201910.0,89650466.9,PAYPAL HOLDINGS INC,PYPL,024616,2017-09-30,37761.0,22329.0,15432.0,3239.0,380.0,76964.06,64.03,478287016.0,27678.439919728313,5809.3874351995855,235922.2813157895,89657363.9,27680.569280642176,1.3733392831880329,0.7435341622108235,1.3731133884748905,1.9412953249970155,1.3578205397176906,crypto
15826,2017-12-27,0.019972,0.019972,35.75,9559542.0,268851.0,9611423.25,BLOCK INC,XYZ,026367,2017-09-30,2083.852,1350.943,732.909,585.159,-16.098,11172.5756,28.81,443030645.0,16425.31901585723,13114.074530398726,-597056.979127842,9612041.284,16426.375197168632,0.4152968220303601,0.44113059712055575,0.41530831243980865,-0.09880914466901355,0.29323164673042773,crypto
92213,2017-12-27,-0.045484,-0.045484,29.8,7842430.0,11584.0,345203.2,RIOT PLATFORMS INC,RIOT,148170,2017-09-30,17.35,1.884,10.667,0.025,-5.302,28.1117,5.16,880110.0,13808128.0,32361.78869410331,-65108.110147114305,345194.417,13807776.68,7.308277820177128,7.069720899158558,7.308371029403024,-4.400819056082129,4.321387673164145,crypto
15488,2017-12-28,-0.005631,-0.005631,74.17,3810176.0,1201910.0,89145664.7,PAYPAL HOLDINGS INC,PYPL,024616,2017-09-30,37761.0,22329.0,15432.0,3239.0,380.0,76964.06,64.03,478287016.0,27522.58866934239,5776.676043286678,234593.85447368422,89152561.7,27524.718030256252,1.3363239066515993,0.7202990114350487,1.3361055772257038,1.9044531950902277,1.324295422600645,crypto
15826,2017-12-28,-0.017343,-0.017343,35.13,8217510.0,268851.0,9444735.63,BLOCK INC,XYZ,026367,2017-09-30,2083.852,1350.943,732.909,585.159,-16.098,11172.5756,28.81,443030645.0,16140.460336421385,12886.641629451953,-586702.4245247857,9445353.664,16141.516517732789,0.38564986911867477,0.4107623344837698,0.38566330249554315,-0.08963385183315634,0.27311041356620785,crypto
92213,2017-12-28,-0.086242,-0.086242,27.23,3319188.0,11584.0,315432.32,RIOT PLATFORMS INC,RIOT,148170,2017-09-30,17.35,1.884,10.667,0.025,-5.302,28.1117,5.16,880110.0,12617292.799999999,29570.85591075279,-59493.08185590344,315423.537,12616941.48,6.6374073612721745,6.40377601326353,6.637490629225871,-3.9719071544700886,3.9266917123228717,crypto
92213,2017-12-29,0.042967,0.042967,28.4,4237051.0,13417.0,381042.8,RIOT PLATFORMS INC,RIOT,148170,2017-09-30,17.35,1.884,10.667,0.025,-5.302,28.1117,5.16,880110.0,15241711.999999998,35721.64619855629,-71867.74801961525,381034.017,15241360.68,8.115903557104284,7.871416997242438,8.116008734106046,-4.917163584326336,4.796541426031608,crypto
15826,2017-12-29,-0.013094,-0.013094,34.67,10462309.0,268851.0,9321064.17,BLOCK INC,XYZ,026367,2017-09-30,2083.852,1350.943,732.909,585.159,-16.098,11172.5756,28.81,443030645.0,15929.113574259303,12717.901090039828,-579020.0130450987,9321682.204,15930.169755570709,0.3636537427648432,0.3882310428500249,0.3636686176981846,-0.08282637650332675,0.2581817567024315,crypto
15488,2017-12-29,-0.007415,-0.007415,73.62,4496563.0,1200000.0,88344000.0,PAYPAL HOLDINGS INC,PYPL,024616,2017-09-30,37761.0,22329.0,15432.0,3239.0,380.0,76964.06,64.03,478287016.0,27275.084902747763,5724.727838258164,232484.2105263158,88350897.0,27277.214263661623,1.277540643174407,0.6833998058132886,1.277334328006236,1.8459450605791545,1.2710549593932714,crypto
15826,2018-01-02,0.043265,0.043265,36.17,11240539.0,268851.0,9724340.67,BLOCK INC,XYZ,026367,2017-12-31,2187.27,1400.937,786.333,616.035,-15.663,13701.376,34.67,1057011507.0,15785.370425381676,12366.69536951902,-620847.9007852902,9724955.274,15786.368102461713,0.34869353030232564,0.34133585962931035,0.34870329719308085,-0.11989056066517759,0.2297105316148848,crypto
92213,2018-01-02,-0.017606,-0.017606,27.9,3817981.0,13417.0,374334.3,RIOT PLATFORMS INC,RIOT,148170,2017-12-31,52.336,2.709,41.124,0.197,-8.878,330.0648,28.4,360204377.0,1900174.1116751267,9102.575138605192,-42164.25996846137,374295.88499999995,1899979.1116751265,0.5997975118359465,1.5198364986359223,0.599879377605766,-2.648220511595432,0.017823219120550737,crypto
15488,2018-01-02,0.002988,0.002988,73.84,7296534.0,1200000.0,88608000.0,PAYPAL HOLDINGS INC,PYPL,024616,2017-12-31,40774.0,24780.0,15994.0,3705.0,620.0,88344.0,73.62,569966570.0,23915.78947368421,5540.077529073403,142916.12903225806,88616786.0,23918.160863697707,0.47969279212413274,0.5522412850715163,0.4797070141798771,-0.6381050875465734,0.2183840009572382,crypto
15826,2018-01-03,0.031518,0.031518,37.31,11617851.0,268851.0,10030830.81,BLOCK INC,XYZ,026367,2017-12-31,2187.27,1400.937,786.333,616.035,-15.663,13701.376,34.67,1057011507.0,16282.891085733767,12756.466802232642,-640415.6809040414,10031445.414,16283.888762813804,0.4004734922794753,0.3933805778195506,0.40047986567547833,-0.13722980118492084,0.2642760336473958,crypto
15488,2018-01-03,0.03941,0.03941,76.75,9945418.0,1200000.0,92100000.0,PAYPAL HOLDINGS INC,PYPL,024616,2017-12-31,40774.0,24780.0,15994.0,3705.0,620.0,88344.0,73.62,569966570.0,24858.2995951417,5758.409403526322,148548.38709677418,92108786.0,24860.670985155197,0.7035432068545856,0.7073240781112503,0.703511677851008,-0.48190199325151695,0.40811924239133174,crypto
92213,2018-01-03,-0.126882,-0.126882,24.36,4839911.0,13417.0,326838.12,RIOT PLATFORMS INC,RIOT,148170,2017-12-31,52.336,2.709,41.124,0.197,-8.878,330.0648,28.4,360204377.0,1659076.7512690355,7947.624744674642,-36814.38612300067,326799.70499999996,1658881.7512690353,0.46397259095990306,1.2442536136274371,0.46405244401252527,-2.239562808475251,-0.01682103996884643,crypto
15826,2018-01-04,0.021174,0.021174,38.1,20469808.0,268851.0,10243223.1,BLOCK INC,XYZ,026367,2017-12-31,2187.27,1400.937,786.333,616.035,-15.663,13701.376,34.67,1057011507.0,16627.664174925125,13026.571567007872,-653975.8092319479,10243837.704,16628.661852005163,0.4363560975092542,0.42944665446015573,0.4363601192729291,-0.14924559066790075,0.2882293201436096,crypto
15488,2018-01-04,-0.000261,-0.000261,76.73,8650007.0,1200000.0,92076000.0,PAYPAL HOLDINGS INC,PYPL,024616,2017-12-31,40774.0,24780.0,15994.0,3705.0,620.0,88344.0,73.62,569966570.0,24851.821862348177,5756.908840815306,148509.67741935485,92084786.0,24854.193252361674,0.7020047160316959,0.7062582169907022,0.7019735014683884,-0.4829755540370494,0.4068152201134343,crypto
92213,2018-01-04,-0.003695,-0.003695,24.27,4015720.0,13417.0,325630.58999999997,RIOT PLATFORMS INC,RIOT,148170,2017-12-31,52.336,2.709,41.124,0.197,-8.878,330.0648,28.4,360204377.0,1652947.157360406,7918.261599066237,-36678.372381166926,325592.17499999993,1652752.1573604057,0.46051941500542726,1.2372472690933227,0.4605992168872733,-2.2291732058535514,-0.01770182621688199,crypto
15488,2018-01-05,0.025674,0.025674,78.7,11822129.0,1200000.0,94440000.0,PAYPAL HOLDINGS INC,PYPL,024616,2017-12-31,40774.0,24780.0,15994.0,3705.0,620.0,88344.0,73.62,569966570.0,25489.878542510123,5904.714267850444,152322.5806451613,94448786.0,25492.249932523617,0.8535460620863331,0.8112455373646806,0.8534838751564047,-0.37722981666204536,0.5352614144863432,crypto
15826,2018-01-05,0.07979,0.07979,41.14,31102014.0,268851.0,11060530.14,BLOCK INC,XYZ,026367,2017-12-31,2187.27,1400.937,786.333,616.035,-15.663,13701.376,34.67,1057011507.0,17954.385935864037,14065.962054244195,-706156.5562152845,11061144.744,17955.38361294407,0.574435996114987,0.5682325696341296,0.5744309685593224,-0.19548356538721612,0.38040399223030574,crypto
92213,2018-01-05,0.006592,0.006592,24.43,3127084.0,13417.0,327777.31,RIOT PLATFORMS INC,RIOT,148170,2017-12-31,52.336,2.709,41.124,0.197,-8.878,330.0648,28.4,360204377.0,1663844.2131979694,7970.462746814512,-36920.17458887136,327738.89499999996,1663649.2131979694,0.4666583944800507,1.2497029927095258,0.46673828733216566,-2.2476436105143502,-0.01613598399815208,crypto
15488,2018-01-08,0.004447,0.004447,79.05,7963556.0,1200000.0,94860000.0,PAYPAL HOLDINGS INC,PYPL,024616,2017-12-31,40774.0,24780.0,15994.0,3705.0,620.0,88344.0,73.62,569966570.0,25603.23886639676,5930.974115293235,153000.0,94868786.0,25605.610256410255,0.8804696514869026,0.8298981069742702,0.8804019618522447,-0.35844250291521756,0.55808180434955,crypto
15826,2018-01-08,-0.009237,-0.009237,40.76,26626094.0,268851.0,10958366.76,BLOCK INC,XYZ,026367,2017-12-31,2187.27,1400.937,786.333,616.035,-15.663,13701.376,34.67,1057011507.0,17788.54571574667,13936.038243339653,-699633.9628423674,10958981.364,17789.54339282671,0.5571760087892701,0.5508843302373827,0.5571721123985233,-0.18970381854730162,0.3688821582194686,crypto
92213,2018-01-08,-0.041343,-0.041343,23.42,2637999.0,13417.0,314226.14,RIOT PLATFORMS INC,RIOT,148170,2017-12-31,52.336,2.709,41.124,0.197,-8.878,330.0648,28.4,360204377.0,1595056.5482233502,7640.943001653535,-35393.7981527371,314187.725,1594861.54822335,0.4279060865464903,1.171076237382246,0.4279854051487833,-2.131049181093056,-0.026020363003884106,crypto
15488,2018-01-09,0.001771,0.001771,79.19,9620434.0,1200000.0,95028000.0,PAYPAL HOLDINGS INC,PYPL,024616,2017-12-31,40774.0,24780.0,15994.0,3705.0,620.0,88344.0,73.62,569966570.0,25648.582995951416,5941.478054270351,153270.96774193548,95036786.0,25650.954385964913,0.8912390872471303,0.8373591348181062,0.8911691965305815,-0.35092757741648634,0.567209960294833,crypto
92213,2018-01-09,0.025619,0.025619,24.02,4164381.0,13417.0,322276.33999999997,RIOT PLATFORMS INC,RIOT,148170,2017-12-31,52.336,2.709,41.124,0.197,-8.878,330.0648,28.4,360204377.0,1635920.507614213,7836.69730570956,-36300.55643162874,322237.92499999993,1635725.5076142128,0.4509272595763282,1.2177852009430061,0.45100691931712916,-2.200313198571053,-0.020148454683647343,crypto
15826,2018-01-09,0.002944,0.002944,40.88,14710920.0,268851.0,10990628.88,BLOCK INC,XYZ,026367,2017-12-31,2187.27,1400.937,786.333,616.035,-15.663,13701.376,34.67,1057011507.0,17840.916311573208,13977.066815204247,-701693.729170657,10991243.484000001,17841.913988653247,0.5626265311026545,0.5563627216258293,0.5626222775019337,-0.1915290017599062,0.3725206321176278,crypto
15826,2018-01-10,-0.000978,-0.000978,40.84,11265588.0,268851.0,10979874.840000002,BLOCK INC,XYZ,026367,2017-12-31,2187.27,1400.937,786.333,616.035,-15.663,13701.376,34.67,1057011507.0,17823.459446297697,13963.390624582718,-701007.1403945605,10980489.444000002,17824.457123377735,0.5608096903315265,0.5545365911630141,0.560805555800797,-0.19092060735570474,0.3713078074849082,crypto
92213,2018-01-10,-0.044963,-0.044963,22.94,1784640.0,13417.0,307785.98000000004,RIOT PLATFORMS INC,RIOT,148170,2017-12-31,52.336,2.709,41.124,0.197,-8.878,330.0648,28.4,360204377.0,1562365.38071066,7484.339558408716,-34668.39152962379,307747.565,1562170.3807106598,0.4094891481226201,1.1337090665336382,0.40956819381410664,-2.075637967110659,-0.030717889660073494,crypto
15488,2018-01-10,0.002273,0.002273,79.37,6248619.0,1200000.0,95244000.0,PAYPAL HOLDINGS INC,PYPL,024616,2017-12-31,40774.0,24780.0,15994.0,3705.0,620.0,88344.0,73.62,569966570.0,25706.88259109312,5954.983118669501,153619.35483870967,95252786.0,25709.253981106613,0.9050855046531383,0.8469518849030384,0.9050127839741564,-0.3412655303466893,0.578946160795911,crypto
15488,2018-01-11,0.004788,0.004788,79.75,6267464.0,1200000.0,95700000.0,PAYPAL HOLDINGS INC,PYPL,024616,2017-12-31,40774.0,24780.0,15994.0,3705.0,620.0,88344.0,73.62,569966570.0,25829.95951417004,5983.493810178817,154354.83870967742,95708786.0,25832.330904183535,0.9343168302880426,0.8672032461934501,0.9342381352439258,-0.3208678754215612,0.6037225840759644,crypto
15826,2018-01-11,0.035749,0.035749,42.3,21023562.0,268851.0,11372397.299999999,BLOCK INC,XYZ,026367,2017-12-31,2187.27,1400.937,786.333,616.035,-15.663,13701.376,34.67,1057011507.0,18460.635028853878,14462.57158226858,-726067.6307220838,11373011.904,18461.632705933916,0.6271243784777001,0.6211903530557773,0.627115897892288,-0.21312700310906,0.41557590657917637,crypto
92213,2018-01-11,-0.091107,-0.091107,20.85,2613115.0,13417.0,279744.45,RIOT PLATFORMS INC,RIOT,148170,2017-12-31,52.336,2.709,41.124,0.197,-8.878,330.0648,28.4,360204377.0,1420022.5888324874,6802.462065946892,-31509.85019148457,279706.035,1419827.5888324871,0.32929872873535143,0.9710061767969898,0.32937658612770165,-1.8343683062289704,-0.05117170364223189,crypto
15488,2018-01-12,0.009906,0.009906,80.54,6891095.0,1200000.0,96648000.00000001,PAYPAL HOLDINGS INC,PYPL,024616,2017-12-31,40774.0,24780.0,15994.0,3705.0,620.0,88344.0,73.62,569966570.0,26085.829959514173,6042.766037263975,155883.87096774197,96656786.00000001,26088.20134952767,0.9950872177921867,0.9093047604550971,0.9949961023573957,-0.27846222439300555,0.6552314640529184,crypto
15826,2018-01-12,-0.024823,-0.024823,41.25,13852322.0,268851.0,11090103.75,BLOCK INC,XYZ,026367,2017-12-31,2187.27,1400.937,786.333,616.035,-15.663,13701.376,34.67,1057011507.0,18002.392315371693,14103.571578453404,-708044.6753495499,11090718.354,18003.389992451728,0.579432308235589,0.573254428406872,0.5794269532374483,-0.19715664999877017,0.3837392599702848,crypto
92213,2018-01-12,0.0494,0.0494,21.88,1544224.0,13417.0,293563.95999999996,RIOT PLATFORMS INC,RIOT,148170,2017-12-31,52.336,2.709,41.124,0.197,-8.878,330.0648,28.4,360204377.0,1490172.3857868018,7138.506954576402,-33066.45190358188,293525.5449999999,1489977.3857868016,0.36881840910323965,1.0511898975762948,0.3688968521166953,-1.953271536232864,-0.0410915943591586,crypto
15488,2018-01-16,-0.00149,-0.00149,80.42,9596634.0,1200000.0,96504000.0,PAYPAL HOLDINGS INC,PYPL,024616,2017-12-31,40774.0,24780.0,15994.0,3705.0,620.0,88344.0,73.62,569966570.0,26046.963562753037,6033.762660997874,155651.61290322582,96512786.0,26049.33495276653,0.9858562728548479,0.9029095937318086,0.9857670440616776,-0.28490358910620434,0.6474073303855324,crypto
15826,2018-01-16,-0.046788,-0.046788,39.32,17333857.0,268851.0,10571221.32,BLOCK INC,XYZ,026367,2017-12-31,2187.27,1400.937,786.333,616.035,-15.663,13701.376,34.67,1057011507.0,17160.09856582824,13443.695380964555,-674916.7669028922,10571835.924,17161.09624290828,0.4917697410286601,0.4851436335760269,0.4917701311576002,-0.167801619996047,0.3252204714415601,crypto
92213,2018-01-16,-0.164534,-0.164534,18.28,2676844.0,13417.0,245262.76,RIOT PLATFORMS INC,RIOT,148170,2017-12-31,52.336,2.709,41.124,0.197,-8.878,330.0648,28.4,360204377.0,1244988.6294416243,5963.981130240249,-27625.902230232034,245224.345,1244793.6294416243,0.2306913709242124,0.7709361162117335,0.23076776710661998,-1.5376874313648843,-0.07632304428057957,crypto
92213,2018-01-17,-0.028446,-0.028446,17.76,3631176.0,13417.0,238285.92,RIOT PLATFORMS INC,RIOT,148170,2017-12-31,52.336,2.709,41.124,0.197,-8.878,330.0648,28.4,360204377.0,1209573.197969543,5794.32740005836,-26840.04505519261,238247.505,1209378.197969543,0.21073968763168624,0.7304550144590747,0.21081578816072016,-1.4776586162172873,-0.08141203149145154,crypto
15826,2018-01-17,0.01882,0.01882,40.06,10952264.0,268851.0,10770171.06,BLOCK INC,XYZ,026367,2017-12-31,2187.27,1400.937,786.333,616.035,-15.663,13701.376,34.67,1057011507.0,17483.050573425215,13696.70490746287,-687618.6592606781,10770785.664,17484.04825050525,0.5253812952945295,0.5189270471381127,0.5253794826286301,-0.17905691647377514,0.34765772714687426,crypto
15488,2018-01-17,0.025491,0.025491,82.47,7146923.0,1200000.0,98964000.0,PAYPAL HOLDINGS INC,PYPL,024616,2017-12-31,40774.0,24780.0,15994.0,3705.0,620.0,88344.0,73.62,569966570.0,26710.93117408907,6187.570338877079,159619.35483870967,98972786.0,26713.302564102563,1.1435515822010434,1.0121603585879788,1.143430123280172,-0.17486360858906883,0.7810696138700314,crypto
15488,2018-01-18,0.005699,0.005699,82.94,7395055.0,1200000.0,99528000.0,PAYPAL HOLDINGS INC,PYPL,024616,2017-12-31,40774.0,24780.0,15994.0,3705.0,620.0,88344.0,73.62,569966570.0,26863.157894736843,6222.83356258597,160529.03225806452,99536786.0,26865.529284750337,1.1797061165389517,1.0372080949208569,1.1795772682717292,-0.14963493012904225,0.8117141374006239,crypto
92213,2018-01-18,0.114865,0.114865,19.8,5091156.0,13417.0,265656.60000000003,RIOT PLATFORMS INC,RIOT,148170,2017-12-31,52.336,2.709,41.124,0.197,-8.878,330.0648,28.4,360204377.0,1348510.6598984774,6459.892033848848,-29923.0232034242,265618.185,1348315.6598984771,0.2890116759331352,0.8892654905656596,0.28908893633309635,-1.7131562756424765,-0.06144754320264634,crypto
15826,2018-01-18,0.005242,0.005242,40.27,9836363.0,268851.0,10826629.770000001,BLOCK INC,XYZ,026367,2017-12-31,2187.27,1400.937,786.333,616.035,-15.663,13701.376,34.67,1057011507.0,17574.699116121654,13768.504908225907,-691223.2503351849,10827244.374000002,17575.69679320169,0.534919709342952,0.5285142320678938,0.5349172715595982,-0.18225098709583307,0.35402505646865273,crypto
15488,2018-01-19,0.010851,0.010851,83.84,8783536.0,1200000.0,100608000.0,PAYPAL HOLDINGS INC,PYPL,024616,2017-12-31,40774.0,24780.0,15994.0,3705.0,620.0,88344.0,73.62,569966570.0,27154.655870445345,6290.3588845817185,162270.96774193548,100616786.0,27157.02726045884,1.2489382035689887,1.085171845345517,1.2487952054896048,-0.10132469478005561,0.8703951399060137,crypto
92213,2018-01-19,0.005556,0.005556,19.91,1371436.0,13417.0,267132.47000000003,RIOT PLATFORMS INC,RIOT,148170,2017-12-31,52.336,2.709,41.124,0.197,-8.878,330.0648,28.4,360204377.0,1356002.385786802,6495.780322925786,-30089.262221220997,267094.055,1355807.385786802,0.29323222432193874,0.897828800551799,0.2933095472639598,-1.7258546788467757,-0.06037102667726951,crypto
15826,2018-01-19,0.056866,0.056866,42.56,24141608.0,268851.0,11442298.56,BLOCK INC,XYZ,026367,2017-12-31,2187.27,1400.937,786.333,616.035,-15.663,13701.376,34.67,1057011507.0,18574.10465314471,14551.466821308532,-730530.4577667114,11442913.164,18575.102330224745,0.638933843490033,0.633060201064078,0.6389245889496771,-0.21708156673636989,0.4234592666918546,crypto
15488,2018-01-22,0.00167,0.00167,83.98,7560386.0,1200000.0,100776000.0,PAYPAL HOLDINGS INC,PYPL,024616,2017-12-31,40774.0,24780.0,15994.0,3705.0,620.0,88344.0,73.62,569966570.0,27200.0,6300.862823558835,162541.93548387097,100784786.0,27202.371390013494,1.2597076393292164,1.092632873189353,1.2595624401679406,-0.09380976928132433,0.8795232958512964,crypto
15826,2018-01-22,0.064145,0.064145,45.29,27197419.0,268851.0,12176261.79,BLOCK INC,XYZ,026367,2017-12-31,2187.27,1400.937,786.333,616.035,-15.663,13701.376,34.67,1057011507.0,19765.535708198397,15484.866831227991,-777390.1417352997,12176876.394,19766.533385278435,0.7629332261195225,0.757693605151232,0.7629158450522604,-0.25860448482312337,0.5062345478749729,crypto
92213,2018-01-22,-0.021597,-0.021597,19.48,1511191.0,13417.0,261363.16,RIOT PLATFORMS INC,RIOT,148170,2017-12-31,52.336,2.709,41.124,0.197,-8.878,330.0648,28.4,360204377.0,1326716.5482233502,6355.4897383523,-29439.41878801532,261324.745,1326521.5482233502,0.2767337169838882,0.864354043333254,0.27681079544331183,-1.6762154663208777,-0.06457922764010593,crypto
15488,2018-01-23,0.002739,0.002739,84.21,9736403.0,1200000.0,101051999.99999999,PAYPAL HOLDINGS INC,PYPL,024616,2017-12-31,40774.0,24780.0,15994.0,3705.0,620.0,88344.0,73.62,569966570.0,27274.493927125503,6318.119294735525,162987.09677419352,101060785.99999999,27276.865317138996,1.2774002837924472,1.104890276075654,1.2772514685680636,-0.08146382024769536,0.8945195520471174,crypto
15826,2018-01-23,-0.006182,-0.006182,45.01,19997967.0,268851.0,12100983.51,BLOCK INC,XYZ,026367,2017-12-31,2187.27,1400.937,786.333,616.035,-15.663,13701.376,34.67,1057011507.0,19643.337651269816,15389.133496877277,-772584.020302624,12101598.114,19644.33532834985,0.7502153407216264,0.7449106919115238,0.750198793144303,-0.25434572399371275,0.49774477544593515,crypto
92213,2018-01-23,0.00616,0.00616,19.6,1265216.0,13417.0,262973.2,RIOT PLATFORMS INC,RIOT,148170,2017-12-31,52.336,2.709,41.124,0.197,-8.878,330.0648,28.4,360204377.0,1334889.3401015229,6394.640599163506,-29620.770443793648,262934.785,1334694.3401015226,0.2813379515898558,0.8736958360454061,0.28141509827698097,-1.6900682698164773,-0.06340484597605861,crypto
15488,2018-01-24,-0.005938,-0.005938,83.71,8735638.0,1200000.0,100451999.99999999,PAYPAL HOLDINGS INC,PYPL,024616,2017-12-31,40774.0,24780.0,15994.0,3705.0,620.0,88344.0,73.62,569966570.0,27112.550607287445,6280.605226960109,162019.35483870967,100460785.99999999,27114.921997300942,1.2389380132202041,1.0782437480619538,1.2387970590025779,-0.10830283988602064,0.8619189950996787,crypto
92213,2018-01-24,-0.018367,-0.018367,19.24,908122.0,13417.0,258143.08,RIOT PLATFORMS INC,RIOT,148170,2017-12-31,52.336,2.709,41.124,0.197,-8.878,330.0648,28.4,360204377.0,1310370.9644670049,6277.18801672989,-29076.71547645866,258104.66499999998,1310175.9644670049,0.26752524777195297,0.8456704579089498,0.2676021897759734,-1.648509859329679,-0.06692799096820068,crypto
15826,2018-01-24,-0.01533,-0.01533,44.32,13960533.0,268851.0,11915476.32,BLOCK INC,XYZ,026367,2017-12-31,2187.27,1400.937,786.333,616.035,-15.663,13701.376,34.67,1057011507.0,19342.206725267235,15153.219208655875,-760740.3639149588,11916090.924,19343.20440234727,0.7188748374196674,0.7134099414279574,0.7188603437996941,-0.24385092052123658,0.4768235505315206,crypto
15488,2018-01-25,0.007526,0.007526,84.34,7268186.0,1200000.0,101208000.0,PAYPAL HOLDINGS INC,PYPL,024616,2017-12-31,40774.0,24780.0,15994.0,3705.0,620.0,88344.0,73.62,569966570.0,27316.5991902834,6327.872952357134,163238.70967741936,101216786.0,27318.970580296897,1.2874004741412308,1.1118183733592166,1.2872496150550914,-0.07448567514172952,0.9029956968534524,crypto
92213,2018-01-25,-0.069127,-0.069127,17.91,938557.0,13417.0,240298.47,RIOT PLATFORMS INC,RIOT,148170,2017-12-31,52.336,2.709,41.124,0.197,-8.878,330.0648,28.4,360204377.0,1219789.1878172588,5843.265976072366,-27066.73462491552,240260.055,1219594.1878172588,0.21649498088914568,0.7421322553492647,0.21657116670280663,-1.4949746205867862,-0.0799440544113923,crypto
15826,2018-01-25,0.018051,0.018051,45.12,9049890.0,268851.0,12130557.12,BLOCK INC,XYZ,026367,2017-12-31,2187.27,1400.937,786.333,616.035,-15.663,13701.376,34.67,1057011507.0,19691.344030777473,15426.743021086486,-774472.1394368894,12131171.724,19692.341707857508,0.7552116528422285,0.7499325506842662,0.755194777822429,-0.2560188086052669,0.5010800431859143,crypto
15826,2018-01-26,0.018839,0.018839,45.97,11110108.0,268851.0,12359080.469999999,BLOCK INC,XYZ,026367,2017-12-31,2187.27,1400.937,786.333,616.035,-15.663,13701.376,34.67,1057011507.0,20062.3024178821,15717.36207179401,-789062.1509289407,12359695.074,20063.30009496214,0.7938195192286995,0.7887378230190945,0.7938001139715852,-0.2689471896945491,0.5268525666312075,crypto
15488,2018-01-26,0.013161,0.013161,85.45,7840240.0,1200000.0,102540000.0,PAYPAL HOLDINGS INC,PYPL,024616,2017-12-31,40774.0,24780.0,15994.0,3705.0,620.0,88344.0,73.62,569966570.0,27676.113360323885,6411.154182818557,165387.09677419355,102548786.0,27678.484750337382,1.3727867148116097,1.1709736655496312,1.3726184042904712,-0.014903051544646368,0.9753689332767664,crypto
92213,2018-01-26,-0.043551,-0.043551,17.13,943467.0,13417.0,229833.21,RIOT PLATFORMS INC,RIOT,148170,2017-12-31,52.336,2.709,41.124,0.197,-8.878,330.0648,28.4,360204377.0,1166666.040609137,5588.7853807995325,-25887.948862356385,229794.79499999998,1166471.040609137,0.18656745595035643,0.6814106027202763,0.18664319828395692,-1.4049313978653906,-0.08757753522770023,crypto
15826,2018-01-29,-0.011747,-0.011747,45.43,7642543.0,268851.0,12213900.93,BLOCK INC,XYZ,026367,2017-12-31,2187.27,1400.937,786.333,616.035,-15.663,13701.376,34.67,1057011507.0,19826.63473666269,15532.733498403348,-779793.2024516376,12214515.534,19827.632413742725,0.769292168818471,0.7640850617710859,0.7692743710062389,-0.26073386523782865,0.5104794340894918,crypto
15488,2018-01-29,-0.013341,-0.013341,84.31,8198093.0,1200000.0,101172000.0,PAYPAL HOLDINGS INC,PYPL,024616,2017-12-31,40774.0,24780.0,15994.0,3705.0,620.0,88344.0,73.62,569966570.0,27306.88259109312,6325.622108290609,163180.64516129033,101180786.0,27309.253981106613,1.285092737906897,1.1102195816783946,1.2849423504811621,-0.07609601632002902,0.9010396634366062,crypto
92213,2018-01-29,-0.110917,-0.110917,15.23,1418387.0,13417.0,204340.91,RIOT PLATFORMS INC,RIOT,148170,2017-12-31,52.336,2.709,41.124,0.197,-8.878,330.0648,28.4,360204377.0,1037263.502538071,4968.896751288785,-23016.547645866187,204302.495,1037068.502538071,0.11366707468920316,0.533498884777869,0.11374173675086155,-1.1855953425184012,-0.10617191157511688,crypto
15488,2018-01-30,-0.006286,-0.006286,83.78,7864504.0,1200000.0,100536000.0,PAYPAL HOLDINGS INC,PYPL,024616,2017-12-31,40774.0,24780.0,15994.0,3705.0,620.0,88344.0,73.62,569966570.0,27135.222672064778,6285.857196448668,162154.83870967742,100544786.0,27137.59406207827,1.2443227311003193,1.0819742619838728,1.2441806763417462,-0.10454537713665461,0.866483073072321,crypto
15826,2018-01-30,0.001981,0.001981,45.52,10229313.0,268851.0,12238097.520000001,BLOCK INC,XYZ,026367,2017-12-31,2187.27,1400.937,786.333,616.035,-15.663,13701.376,34.67,1057011507.0,19865.912683532595,15563.504927301794,-781338.027197855,12238712.124000002,19866.91036061263,0.7733800605535094,0.768193855312421,0.7733619948337969,-0.2621027526472822,0.5132082895131113,crypto
92213,2018-01-30,-0.062377,-0.062377,14.28,1415568.0,13417.0,191594.75999999998,RIOT PLATFORMS INC,RIOT,148170,2017-12-31,52.336,2.709,41.124,0.197,-8.878,330.0648,28.4,360204377.0,972562.233502538,4658.95243653341,-21580.847037621083,191556.34499999997,972367.233502538,0.07721688405862645,0.4595430258066652,0.0772910059843138,-1.075927314844906,-0.11546909974882513,crypto
15488,2018-01-31,0.018382,0.018382,85.32,15276653.0,1200000.0,102383999.99999999,PAYPAL HOLDINGS INC,PYPL,024616,2017-12-31,40774.0,24780.0,15994.0,3705.0,620.0,88344.0,73.62,569966570.0,27634.008097165988,6401.400525196948,165135.48387096773,102392785.99999999,27636.37948717948,1.362786524462826,1.1640455682660686,1.3626202578034432,-0.02188119665061141,0.9668927884704316,crypto
15826,2018-01-31,0.030536,0.030536,46.91,15334375.0,268851.0,12611800.409999998,BLOCK INC,XYZ,026367,2017-12-31,2187.27,1400.937,786.333,616.035,-15.663,13701.376,34.67,1057011507.0,20472.53875185663,16038.752551399977,-805196.9871672093,12612415.013999999,20473.536428936666,0.836515277350209,0.8316518888952572,0.8364930739482986,-0.28324445819328475,0.5553539455001201,crypto
92213,2018-01-31,-0.037115,-0.037115,13.75,1459210.0,13417.0,184483.75,RIOT PLATFORMS INC,RIOT,148170,2017-12-31,52.336,2.709,41.124,0.197,-8.878,330.0648,28.4,360204377.0,936465.7360406091,4486.036134617255,-20779.877224600135,184445.335,936270.7360406091,0.056881514548936356,0.41828344132799383,0.05695533513560826,-1.014744099406009,-0.12065595209836766,crypto
15826,2018-02-01,-0.052441,-0.052441,44.45,15925079.0,268851.0,11950426.950000001,BLOCK INC,XYZ,026367,2017-12-31,2187.27,1400.937,786.333,616.035,-15.663,13701.376,34.67,1057011507.0,19398.94153741265,15197.666828175852,-762971.7774372726,11951041.554000001,19399.939214492686,0.7247795699258339,0.719344865432108,0.7247646893283888,-0.24582820233489158,0.48076523058785975,crypto
15488,2018-02-01,-0.081106,-0.081106,78.4,44271793.0,1200000.0,94080000.0,PAYPAL HOLDINGS INC,PYPL,024616,2017-12-31,40774.0,24780.0,15994.0,3705.0,620.0,88344.0,73.62,569966570.0,25392.712550607288,5882.205827185195,151741.93548387097,94088786.0,25395.08394062078,0.8304686997429871,0.7952576205564605,0.8304112294171125,-0.3933332284450412,0.5157010803178798,crypto
92213,2018-02-01,-0.105455,-0.105455,12.3,1717421.0,13417.0,165029.1,RIOT PLATFORMS INC,RIOT,148170,2017-12-31,52.336,2.709,41.124,0.197,-8.878,330.0648,28.4,360204377.0,837711.1675126903,4012.9632331485263,-18588.544717278666,164990.685,837516.1675126903,0.0012470130601614608,0.30540344605615666,0.0013200092287722768,-0.847356057167517,-0.13484639720560665,crypto
15488,2018-02-02,-0.023342,-0.023342,76.57,21978925.0,1200160.0,91896251.19999999,PAYPAL HOLDINGS INC,PYPL,024616,2017-12-31,40774.0,24780.0,15994.0,3705.0,620.0,88344.0,73.62,569966570.0,24803.306666666664,5745.670326372389,148219.75999999998,91905037.19999999,24805.678056680157,0.6904821377306355,0.6982754145996538,0.6904532781782126,-0.4910160233256594,0.3970487017957106,crypto
92213,2018-02-02,-0.011382,-0.011382,12.16,1565547.0,13417.0,163150.72,RIOT PLATFORMS INC,RIOT,148170,2017-12-31,52.336,2.709,41.124,0.197,-8.878,330.0648,28.4,360204377.0,828176.2436548223,3967.2872288687868,-18376.967785537283,163112.305,827981.2436548222,-0.004124593980134007,0.29450468789197926,-0.004051677410508465,-0.8311944530893178,-0.13621650914699526,crypto
15826,2018-02-02,-0.018898,-0.018898,43.61,14284125.0,268851.0,11724592.11,BLOCK INC,XYZ,026367,2017-12-31,2187.27,1400.937,786.333,616.035,-15.663,13701.376,34.67,1057011507.0,19032.347366626895,14910.466825123707,-748553.4131392454,11725206.714,19033.345043706933,0.6866259137321441,0.6809961257129833,0.6866135336045167,-0.23305191984665968,0.4552959133007461,crypto
92213,2018-02-05,-0.120066,-0.120066,10.7,1304517.0,13417.0,143561.9,RIOT PLATFORMS INC,RIOT,148170,2017-12-31,52.336,2.709,41.124,0.197,-8.878,330.0648,28.4,360204377.0,728740.6091370558,3490.951755665791,-16170.522640234287,143523.485,728545.6091370557,-0.06014278168607289,0.1808462098941294,-0.06007069522015024,-0.6626520105595259,-0.15050481939290491,crypto
15488,2018-02-05,-0.024357,-0.024357,74.705,18812570.0,1200160.0,89657952.8,PAYPAL HOLDINGS INC,PYPL,024616,2017-12-31,40774.0,24780.0,15994.0,3705.0,620.0,88344.0,73.62,569966570.0,24199.17754385965,5605.724196573715,144609.60129032258,89666738.8,24201.548933873142,0.5469987399269393,0.5988706129019539,0.5469992058392583,-0.5911389145157147,0.2754324110381092,crypto
15826,2018-02-05,-0.05939,-0.05939,41.02,16631590.0,268851.0,11028268.020000001,BLOCK INC,XYZ,026367,2017-12-31,2187.27,1400.937,786.333,616.035,-15.663,13701.376,34.67,1057011507.0,17902.015340037502,14024.933482379605,-704096.7898869949,11028882.624000002,17903.013017117537,0.5689854738016029,0.5627541782456835,0.5689808034559123,-0.1936583821746115,0.3767655183321468,crypto
92213,2018-02-06,0.21028,0.21028,12.95,2422414.0,13417.0,173750.15,RIOT PLATFORMS INC,RIOT,148170,2017-12-31,52.336,2.709,41.124,0.197,-8.878,330.0648,28.4,360204377.0,881980.4568527918,4225.030395875887,-19570.866186077943,173711.735,881785.4568527917,0.026186617175819177,0.3560048232469801,0.026259982911146968,-0.9223920761020133,-0.1284851631920168,crypto
15488,2018-02-06,0.013051,0.013051,75.68,19739443.0,1200160.0,90828108.80000001,PAYPAL HOLDINGS INC,PYPL,024616,2017-12-31,40774.0,24780.0,15994.0,3705.0,620.0,88344.0,73.62,569966570.0,24515.00912280702,5678.886382393398,146496.94967741938,90836894.80000001,24517.380512820517,0.6220101677331621,0.650838270625953,0.6219953026384453,-0.5387958480758723,0.339011973230422,crypto
15826,2018-02-06,0.014383,0.014383,41.61,20298767.0,268851.0,11186890.11,BLOCK INC,XYZ,026367,2017-12-31,2187.27,1400.937,786.333,616.035,-15.663,13701.376,34.67,1057011507.0,18159.5041028513,14226.657294047178,-714223.9743344187,11187504.714,18160.501779931335,0.5957838751757415,0.5896896025722109,0.5957774485476791,-0.20263219963658383,0.3946546816647619,crypto
92213,2018-02-07,0.105792,0.105792,14.32,6440063.0,13417.0,192131.44,RIOT PLATFORMS INC,RIOT,148170,2017-12-31,52.336,2.709,41.124,0.197,-8.878,330.0648,28.4,360204377.0,975286.4974619289,4672.002723470479,-21641.297589547194,192093.025,975091.4974619289,0.07875162892728235,0.46265695671071605,0.07882577359553689,-1.080544916010106,-0.11507763919414266,crypto
15488,2018-02-07,-0.001189,-0.001189,75.59,11988010.0,1200160.0,90720094.4,PAYPAL HOLDINGS INC,PYPL,024616,2017-12-31,40774.0,24780.0,15994.0,3705.0,620.0,88344.0,73.62,569966570.0,24485.855438596493,5672.132949856196,146322.7329032258,90728880.4,24488.22682860999,0.6150860359356645,0.6460412560668145,0.615072586010828,-0.5436275157472429,0.33314309056651603,crypto
15826,2018-02-07,0.001442,0.001442,41.67,11060632.0,268851.0,11203021.17,BLOCK INC,XYZ,026367,2017-12-31,2187.27,1400.937,786.333,616.035,-15.663,13701.376,34.67,1057011507.0,18185.689400764568,14247.171579979475,-715253.8574985635,11203635.774,18186.687077844603,0.5985091363324335,0.5924287982664341,0.5985025310993841,-0.2035447912428861,0.3964739186138414,crypto
15826,2018-02-08,-0.052076,-0.052076,39.5,16509071.0,268851.0,10619614.5,BLOCK INC,XYZ,026367,2017-12-31,2187.27,1400.937,786.333,616.035,-15.663,13701.376,34.67,1057011507.0,17238.654459568046,13505.238238761442,-678006.4163953266,10620229.104,17239.65213664808,0.4999455244987365,0.4933612206586963,0.4999453788127154,-0.1705393948149539,0.3306781822887986,crypto
15488,2018-02-08,-0.04326,-0.04326,72.32,13665277.0,1200160.0,86795571.19999999,PAYPAL HOLDINGS INC,PYPL,024616,2017-12-31,40774.0,24780.0,15994.0,3705.0,620.0,88344.0,73.62,569966570.0,23426.604912280698,5426.758234337876,139992.85677419353,86804357.19999999,23428.976302294195,0.3635092472932565,0.47174972708478785,0.36354721520740463,-0.7191781078070196,0.11990702044460733,crypto
92213,2018-02-08,0.039805,0.039805,14.89,1932138.0,13417.0,199779.13,RIOT PLATFORMS INC,RIOT,148170,2017-12-31,52.336,2.709,41.124,0.197,-8.878,330.0648,28.4,360204377.0,1014107.2588832487,4857.969312323704,-22502.717954494256,199740.715,1013912.2588832487,0.10062174330562834,0.5070304720934383,0.10069621205546551,-1.1463457326142028,-0.10949932628991765,crypto
15488,2018-02-09,0.033601,0.033601,74.75,14339397.0,1200160.0,89711960.0,PAYPAL HOLDINGS INC,PYPL,024616,2017-12-31,40774.0,24780.0,15994.0,3705.0,620.0,88344.0,73.62,569966570.0,24213.754385964912,5609.100912842316,144696.70967741936,89720746.0,24216.12577597841,0.5504608058256881,0.6012691201815231,0.5504605641530679,-0.5887230806800293,0.2783668523700624,crypto
15826,2018-02-09,0.001772,0.001772,39.57,18780033.0,268851.0,10638434.07,BLOCK INC,XYZ,026367,2017-12-31,2187.27,1400.937,786.333,616.035,-15.663,13701.376,34.67,1057011507.0,17269.20397380019,13529.17157234912,-679207.9467534955,10639048.674,17270.201650880226,0.5031249958482106,0.4965569489686233,0.5031246417897046,-0.1716040850223065,0.33280062539605804,crypto
92213,2018-02-09,0.077905,0.077905,16.05,2223622.0,13417.0,215342.85,RIOT PLATFORMS INC,RIOT,148170,2017-12-31,52.336,2.709,41.124,0.197,-8.878,330.0648,28.4,360204377.0,1093110.9137055837,5236.427633498687,-24255.78396035143,215304.435,1092915.9137055837,0.14512934449664824,0.5973344683109081,0.1452044727809343,-1.2802561664049965,-0.09814697020412647,crypto
15826,2018-02-12,0.008845,0.008845,39.92,9912845.0,268851.0,10732531.92,BLOCK INC,XYZ,026367,2017-12-31,2187.27,1400.937,786.333,616.035,-15.663,13701.376,34.67,1057011507.0,17421.95154496092,13648.838240287512,-685215.5985443401,10733146.524,17422.949222040956,0.519022352595581,0.5125355905182585,0.5190209566746512,-0.17692753605906975,0.34341284093235525,crypto
92213,2018-02-12,0.092835,0.092835,17.54,3544022.0,13417.0,235334.18,RIOT PLATFORMS INC,RIOT,148170,2017-12-31,52.336,2.709,41.124,0.197,-8.878,330.0648,28.4,360204377.0,1194589.7461928932,5722.550821904483,-26507.567019599006,235295.76499999998,1194394.7461928932,0.20229859085407897,0.7133283944867957,0.2023745662989933,-1.4522618098086881,-0.08356506454220503,crypto
15488,2018-02-12,0.00709,0.00709,75.28,10419505.0,1200160.0,90348044.8,PAYPAL HOLDINGS INC,PYPL,024616,2017-12-31,40774.0,24780.0,15994.0,3705.0,620.0,88344.0,73.62,569966570.0,24385.437192982456,5648.871126672502,145722.6529032258,90356830.8,24387.80858299595,0.5912362486331728,0.6295182059186712,0.5912276731823677,-0.5602699266152955,0.31292805027972903,crypto
92213,2018-02-13,-0.084379,-0.084379,16.06,2516412.0,13417.0,215477.02,RIOT PLATFORMS INC,RIOT,148170,2017-12-31,52.336,2.709,41.124,0.197,-8.878,330.0648,28.4,360204377.0,1093791.9796954314,5239.690205232953,-24270.896598332958,215438.60499999998,1093596.9796954314,0.14551303071381225,0.5981129510369206,0.14558816468374008,-1.2814105666962965,-0.09804910506545589,crypto
15488,2018-02-13,-0.004118,-0.004118,74.97,7743619.0,1200160.0,89975995.2,PAYPAL HOLDINGS INC,PYPL,024616,2017-12-31,40774.0,24780.0,15994.0,3705.0,620.0,88344.0,73.62,569966570.0,24285.018947368422,5625.609303488808,145122.5729032258,89984781.2,24287.390337381916,0.5673864613306822,0.6129951557705279,0.5673827603539091,-0.5769123374833472,0.292713009992943,crypto
15826,2018-02-13,0.05486,0.05486,42.11,13293846.0,268851.0,11321315.61,BLOCK INC,XYZ,026367,2017-12-31,2187.27,1400.937,786.333,616.035,-15.663,13701.376,34.67,1057011507.0,18377.714918795198,14397.60967681631,-722806.3340356253,11321930.214,18378.712595875233,0.6184943848148421,0.6125162333574039,0.6184864698118883,-0.2102371296891028,0.40981498957375784,crypto
92213,2018-02-14,0.033001,0.033001,16.59,1462340.0,13417.0,222588.03,RIOT PLATFORMS INC,RIOT,148170,2017-12-31,52.336,2.709,41.124,0.197,-8.878,330.0648,28.4,360204377.0,1129888.4771573604,5412.606507149109,-25071.86641135391,222549.615,1129693.4771573604,0.1658484002235024,0.6393725355155921,0.16592383553244566,-1.3425937821351936,-0.09286225271591336,crypto
15488,2018-02-14,0.030679,0.030679,77.27,8955633.0,1200160.0,92736363.19999999,PAYPAL HOLDINGS INC,PYPL,024616,2017-12-31,40774.0,24780.0,15994.0,3705.0,620.0,88344.0,73.62,569966570.0,25030.057543859646,5798.197023883956,149574.77935483868,92745149.19999999,25032.42893387314,0.7443364961556155,0.7355855278373962,0.7442966297263458,-0.45343638588167084,0.44269556695942164,crypto
15826,2018-02-14,-0.006174,-0.006174,41.85,16185711.0,268851.0,11251414.35,BLOCK INC,XYZ,026367,2017-12-31,2187.27,1400.937,786.333,616.035,-15.663,13701.376,34.67,1057011507.0,18264.24529450437,14308.714437776362,-718343.5069909978,11252028.954,18265.24297158441,0.6066849198025096,0.6006463853491036,0.6066777787544997,-0.20628256606179288,0.40193162946108,crypto
15488,2018-02-15,0.013265,0.013265,78.295,9311008.0,1200160.0,93966527.2,PAYPAL HOLDINGS INC,PYPL,024616,2017-12-31,40774.0,24780.0,15994.0,3705.0,620.0,88344.0,73.62,569966570.0,25362.085614035088,5875.111116668751,151558.9148387097,93975313.2,25364.457004048585,0.823194663849337,0.7902181936498053,0.8231386802075424,-0.3984090596244005,0.509535619520571,crypto
92213,2018-02-15,0.036769,0.036769,17.2,2404905.0,13417.0,230772.4,RIOT PLATFORMS INC,RIOT,148170,2017-12-31,52.336,2.709,41.124,0.197,-8.878,330.0648,28.4,360204377.0,1171433.502538071,5611.623382939402,-25993.73732822708,230733.985,1171238.502538071,0.18925325947050423,0.6868599818023651,0.18932904160359734,-1.4130121999044902,-0.08689247925700588,crypto
15826,2018-02-15,0.058304,0.058304,44.29,19642257.0,268851.0,11907410.79,BLOCK INC,XYZ,026367,2017-12-31,2187.27,1400.937,786.333,616.035,-15.663,13701.376,34.67,1057011507.0,19329.114076310598,15142.962065689726,-760225.4223328864,11908025.394,19330.111753390636,0.7175122068413211,0.7120403435808457,0.7174978025238415,-0.24339462471808543,0.47591393205698074,crypto
92213,2018-02-16,-0.333721,-0.333721,11.46,10954914.0,13417.0,153758.82,RIOT PLATFORMS INC,RIOT,148170,2017-12-31,52.336,2.709,41.124,0.197,-8.878,330.0648,28.4,360204377.0,780501.6243654822,3738.9072074700903,-17319.083126830366,153720.405,780306.6243654822,-0.030982629181611546,0.24001089707109233,-0.03091011060691198,-0.7503864326983216,-0.14306706885393822,crypto
15826,2018-02-16,-0.004064,-0.004064,44.11,10391473.0,268851.0,11859017.61,BLOCK INC,XYZ,026367,2017-12-31,2187.27,1400.937,786.333,616.035,-15.663,13701.376,34.67,1057011507.0,19250.558182570796,15081.419207892839,-757135.7728404519,11859632.214,19251.55585965083,0.709336423371245,0.7038227564981763,0.709322554868726,-0.24065684989917854,0.4704562212097422,crypto
15488,2018-02-16,0.000958,0.000958,78.37,9758445.0,1200160.0,94056539.2,PAYPAL HOLDINGS INC,PYPL,024616,2017-12-31,40774.0,24780.0,15994.0,3705.0,620.0,88344.0,73.62,569966570.0,25386.380350877193,5880.738977116419,151704.09548387097,94065325.2,25388.75174089069,0.8289647736805847,0.794215705782421,0.8289076107305565,-0.39438266989825915,0.5144263550738257,crypto
92213,2018-02-20,-0.04712,-0.04712,10.92,4145873.0,13417.0,146513.63999999998,RIOT PLATFORMS INC,RIOT,148170,2017-12-31,52.336,2.709,41.124,0.197,-8.878,330.0648,28.4,360204377.0,743724.0609137055,3562.7283338196667,-16503.000675827887,146475.22499999998,743529.0609137054,-0.051701684908465696,0.19797282986640802,-0.05162947335842343,-0.6880488169681244,-0.14835178634215138,crypto
15488,2018-02-20,-0.016716,-0.016716,77.06,6875311.0,1200160.0,92484329.60000001,PAYPAL HOLDINGS INC,PYPL,024616,2017-12-31,40774.0,24780.0,15994.0,3705.0,620.0,88344.0,73.62,569966570.0,24962.03228070176,5782.439014630487,149168.2735483871,92493115.60000001,24964.40367071525,0.7281801886281232,0.7243924938660741,0.7281436242619075,-0.46471027711486645,0.42900150741030957,crypto
15826,2018-02-20,0.01859,0.01859,44.93,15746963.0,268851.0,12079475.43,BLOCK INC,XYZ,026367,2017-12-31,2187.27,1400.937,786.333,616.035,-15.663,13701.376,34.67,1057011507.0,19608.42392071879,15361.781115634216,-771210.8427504309,12080090.034,19609.421597798828,0.74658165917937,0.741258430985893,0.7465653497420297,-0.2531289351853097,0.49531912618049573,crypto
15488,2018-02-21,-0.007137,-0.007137,76.51,8260361.0,1200160.0,91824241.60000001,PAYPAL HOLDINGS INC,PYPL,024616,2017-12-31,40774.0,24780.0,15994.0,3705.0,620.0,88344.0,73.62,569966570.0,24783.870877192985,5741.168038014256,148103.615483871,91833027.60000001,24786.24226720648,0.6858660498656385,0.6950774048935623,0.6858381337598025,-0.4942371351065715,0.39313611335310794,crypto
15826,2018-02-21,-0.018473,-0.018473,44.1,11365412.0,268851.0,11856329.1,BLOCK INC,XYZ,026367,2017-12-31,2187.27,1400.937,786.333,616.035,-15.663,13701.376,34.67,1057011507.0,19246.193966251918,15078.000160237456,-756964.1256464279,11856943.704,19247.191643331953,0.708882213178463,0.7033662238824724,0.7088683744434419,-0.24050475129812823,0.47015301505156226,crypto
92213,2018-02-21,-0.029304,-0.029304,10.6,1394352.0,13417.0,142220.19999999998,RIOT PLATFORMS INC,RIOT,148170,2017-12-31,52.336,2.709,41.124,0.197,-8.878,330.0648,28.4,360204377.0,721929.9492385786,3458.3260383231195,-16019.396260419011,142181.78499999997,721734.9492385786,-0.0639796438577126,0.17306138263400253,-0.06390761424820789,-0.6511080076465263,-0.15148347077961108,crypto
15488,2018-02-22,0.015554,0.015554,77.7,6632392.0,1200160.0,93252432.0,PAYPAL HOLDINGS INC,PYPL,024616,2017-12-31,40774.0,24780.0,15994.0,3705.0,620.0,88344.0,73.62,569966570.0,25169.34736842105,5830.463423783919,150407.14838709676,93261218.0,25171.71875843455,0.7774184591881036,0.7585045973977244,0.7773718313916288,-0.4303517514517916,0.47073578413141626,crypto
15826,2018-02-22,0.018141,0.018141,44.9,7078201.0,268851.0,12071409.9,BLOCK INC,XYZ,026367,2017-12-31,2187.27,1400.937,786.333,616.035,-15.663,13701.376,34.67,1057011507.0,19595.33127176216,15351.523972668068,-770695.9011683585,12072024.504,19596.328948842194,0.7452190286010244,0.7398888331387814,0.7452028084661771,-0.25267263938215856,0.4944095077059561,crypto
92213,2018-02-22,-0.058491,-0.058491,9.98,1625366.0,13417.0,133901.66,RIOT PLATFORMS INC,RIOT,148170,2017-12-31,52.336,2.709,41.124,0.197,-8.878,330.0648,28.4,360204377.0,679703.8578680203,3256.0465907985604,-15082.412705564317,133863.245,679508.8578680203,-0.08776818932187834,0.12479545362121713,-0.08769651222216526,-0.5795351895859298,-0.15755110937718905,crypto
15488,2018-02-23,0.025611,0.025611,79.69,7520652.0,1200160.0,95640750.39999999,PAYPAL HOLDINGS INC,PYPL,024616,2017-12-31,40774.0,24780.0,15994.0,3705.0,620.0,88344.0,73.62,569966570.0,25813.96771929824,5979.789320995373,154259.27483870965,95649536.39999999,25816.33910931174,0.9305187067105463,0.8645719193164492,0.9304407879356068,-0.323518210718167,0.6005033008111088,crypto
92213,2018-02-23,0.029058,0.029058,10.27,978095.0,13417.0,137792.59,RIOT PLATFORMS INC,RIOT,148170,2017-12-31,52.336,2.709,41.124,0.197,-8.878,330.0648,28.4,360204377.0,699454.771573604,3350.6611710923057,-15520.67920702861,137754.175,699259.771573604,-0.07664128902412341,0.1473714526755845,-0.07656944704079813,-0.6130127980336282,-0.1547130203557413,crypto
15826,2018-02-23,-0.000891,-0.000891,44.86,7901449.0,268851.0,12060655.86,BLOCK INC,XYZ,026367,2017-12-31,2187.27,1400.937,786.333,616.035,-15.663,13701.376,34.67,1057011507.0,19577.874406486644,15337.847782046538,-770009.3123922619,12061270.464,19578.872083566683,0.743402187829896,0.738062702675966,0.7433860867650405,-0.252064244977957,0.4931966830732364,crypto
15826,2018-02-26,0.037673,0.037673,46.55,13615246.0,268851.0,12515014.049999999,BLOCK INC,XYZ,026367,2017-12-31,2187.27,1400.937,786.333,616.035,-15.663,13701.376,34.67,1057011507.0,20315.426964377024,15915.666835806203,-799017.6881823405,12515628.654,20316.42464145706,0.8201637104100564,0.8152167147299184,0.8201425786380678,-0.2777689085554711,0.5444385238056428,crypto
92213,2018-02-26,-0.036027,-0.036027,9.9,802731.0,13417.0,132828.30000000002,RIOT PLATFORMS INC,RIOT,148170,2017-12-31,52.336,2.709,41.124,0.197,-8.878,330.0648,28.4,360204377.0,674255.3299492387,3229.946016924424,-14961.5116017121,132789.885,674060.3299492386,-0.09083767905919,0.11856759181311585,-0.09076604744461139,-0.5702999872555304,-0.158334030486554,crypto
15488,2018-02-26,-0.004267,-0.004267,79.35,7130330.0,1200160.0,95232696.0,PAYPAL HOLDINGS INC,PYPL,024616,2017-12-31,40774.0,24780.0,15994.0,3705.0,620.0,88344.0,73.62,569966570.0,25703.831578947367,5954.276353632612,153601.12258064517,95241482.0,25706.202968960864,0.9043608754755567,0.8464498643152601,0.9042883028979428,-0.34177117747667485,0.5783319663030212,crypto
15826,2018-02-27,-0.013749,-0.013749,45.91,19449243.0,268851.0,12342949.409999998,BLOCK INC,XYZ,026367,2017-12-31,2187.27,1400.937,786.333,616.035,-15.663,13701.376,34.67,1057011507.0,20036.117119968832,15696.847785861713,-788032.2677647959,12343564.013999999,20037.114797048867,0.7910942580720075,0.7859986273248711,0.7910750314198798,-0.2680345980882468,0.5250333296821279,crypto
92213,2018-02-27,0.006061,0.006061,9.96,517675.0,13417.0,133633.32,RIOT PLATFORMS INC,RIOT,148170,2017-12-31,52.336,2.709,41.124,0.197,-8.878,330.0648,28.4,360204377.0,678341.7258883249,3249.521447330026,-15052.187429601263,133594.905,678146.7258883248,-0.08853556175620626,0.12323848816919179,-0.08846389602777685,-0.57722638900333,-0.15774683965453035,crypto
15488,2018-02-27,0.001386,0.001386,79.46,8861699.0,1200160.0,95364713.6,PAYPAL HOLDINGS INC,PYPL,024616,2017-12-31,40774.0,24780.0,15994.0,3705.0,620.0,88344.0,73.62,569966570.0,25739.46385964912,5962.530548955858,153814.05419354836,95373499.6,25741.835249662618,0.9128237032280532,0.8523128821097623,0.9127494009983634,-0.33586580587833464,0.5855050451144611,crypto
15826,2018-02-28,0.003049,0.003049,46.05,24022042.0,283432.0,13052043.6,BLOCK INC,XYZ,026367,2017-12-31,2187.27,1400.937,786.333,616.035,-15.663,13701.376,34.67,1057011507.0,21187.178650563685,16598.621194837302,-833304.1945987359,13052658.204,21188.176327643723,0.9108921419335168,0.9064090499534317,0.9108650641074085,-0.308150585870309,0.605003917531012,crypto
92213,2018-02-28,0.062249,0.062249,10.58,1059094.0,13417.0,141951.86000000002,RIOT PLATFORMS INC,RIOT,148170,2017-12-31,52.336,2.709,41.124,0.197,-8.878,330.0648,28.4,360204377.0,720567.8172588833,3451.800894854586,-15989.170984455961,141913.445,720372.8172588833,-0.06474701629204045,0.1715044171819774,-0.06467499805381934,-0.6487992070639268,-0.1516792010569523,crypto
15488,2018-02-28,-0.000629,-0.000629,79.41,10799497.0,1200160.0,95304705.6,PAYPAL HOLDINGS INC,PYPL,024616,2017-12-31,40774.0,24780.0,15994.0,3705.0,620.0,88344.0,73.62,569966570.0,25723.26736842105,5958.778641990746,153717.2670967742,95313491.6,25725.638758434547,0.9089769633405544,0.8496478740213523,0.9089034473163538,-0.33855006569576196,0.5822445547456246,crypto
15826,2018-03-01,-0.000869,-0.000869,46.01,17570464.0,283432.0,13040706.32,BLOCK INC,XYZ,026367,2017-12-31,2187.27,1400.937,786.333,616.035,-15.663,13701.376,34.67,1057011507.0,21168.77502089979,16584.2032828331,-832580.3690225371,13041320.924,21169.772697979824,0.9089767657086105,0.9044838802150387,0.9089498134101949,-0.30750919549879596,0.603725315958762,crypto
92213,2018-03-01,-0.042533,-0.042533,10.13,1134863.0,13417.0,135914.21000000002,RIOT PLATFORMS INC,RIOT,148170,2017-12-31,52.336,2.709,41.124,0.197,-8.878,330.0648,28.4,360204377.0,689919.8477157361,3304.985166812567,-15309.102275287229,135875.795,689724.8477157361,-0.08201289606441882,0.13647269451140726,-0.08194113368007873,-0.5968511939554291,-0.15608313229712983,crypto
15488,2018-03-01,-0.009697,-0.009697,78.64,8443331.0,1200160.0,94380582.4,PAYPAL HOLDINGS INC,PYPL,024616,2017-12-31,40774.0,24780.0,15994.0,3705.0,620.0,88344.0,73.62,569966570.0,25473.841403508774,5900.999274728023,152226.74580645162,94389368.4,25476.212793522267,0.8497371690730775,0.8086067494598357,0.8496757606134075,-0.37988766688414904,0.5320330030655429,crypto
15826,2018-03-02,0.000217,0.000217,46.02,11010491.0,283432.0,13043540.64,BLOCK INC,XYZ,026367,2017-12-31,2187.27,1400.937,786.333,616.035,-15.663,13701.376,34.67,1057011507.0,21173.375928315763,16587.807760834152,-832761.3254165868,13044155.244,21174.3736053958,0.9094556097648371,0.9049651726496372,0.9094286260844981,-0.3076695430916742,0.6040449663518246,crypto
92213,2018-03-02,0.044423,0.044423,10.58,732392.0,13417.0,141951.86000000002,RIOT PLATFORMS INC,RIOT,148170,2017-12-31,52.336,2.709,41.124,0.197,-8.878,330.0648,28.4,360204377.0,720567.8172588833,3451.800894854586,-15989.170984455961,141913.445,720372.8172588833,-0.06474701629204045,0.1715044171819774,-0.06467499805381934,-0.6487992070639268,-0.1516792010569523,crypto
15488,2018-03-02,0.002925,0.002925,78.87,9426232.0,1200160.0,94656619.2,PAYPAL HOLDINGS INC,PYPL,024616,2017-12-31,40774.0,24780.0,15994.0,3705.0,620.0,88344.0,73.62,569966570.0,25548.345263157895,5918.258046767538,152671.9664516129,94665405.2,25550.716653171392,0.8674321725555706,0.8208657866665227,0.8673671475506518,-0.3675400717239814,0.5470312587621909,crypto
15826,2018-03-05,0.095611,0.095611,50.42,30623235.0,283432.0,14290641.440000001,BLOCK INC,XYZ,026367,2017-12-31,2187.27,1400.937,786.333,616.035,-15.663,13701.376,34.67,1057011507.0,23197.775191344652,18173.77808129635,-912382.1387984422,14291256.044000002,23198.772868424687,1.1201469945045648,1.116733843872872,1.120106202778002,-0.37822248395810537,0.7446911392993334,crypto
92213,2018-03-05,0.02363,0.02363,10.83,716880.0,13417.0,145306.11000000002,RIOT PLATFORMS INC,RIOT,148170,2017-12-31,52.336,2.709,41.124,0.197,-8.878,330.0648,28.4,360204377.0,737594.4670050762,3533.3651882112636,-16366.986933994145,145267.695,737399.4670050761,-0.05515486086294128,0.19096648533229416,-0.05508270048367522,-0.6776592143464254,-0.14923257259018693,crypto
15488,2018-03-05,0.002536,0.002536,79.07,6652969.0,1200160.0,94896651.19999999,PAYPAL HOLDINGS INC,PYPL,024616,2017-12-31,40774.0,24780.0,15994.0,3705.0,620.0,88344.0,73.62,569966570.0,25613.13122807017,5933.2656746279845,153059.11483870965,94905437.19999999,25615.50261808367,0.882819132105564,0.8315258190201626,0.8827509622786889,-0.3568030324542714,0.560073220237536,crypto
15488,2018-03-06,0.002024,0.002024,79.23,7477760.0,1200160.0,95088676.80000001,PAYPAL HOLDINGS INC,PYPL,024616,2017-12-31,40774.0,24780.0,15994.0,3705.0,620.0,88344.0,73.62,569966570.0,25664.960000000003,5945.271776916345,153368.8335483871,95097462.80000001,25667.3313900135,0.895128699745561,0.8400538449030766,0.895058014061121,-0.3482134010385015,0.5705067894178142,crypto
92213,2018-03-06,-0.040628,-0.040628,10.39,586440.0,13417.0,139402.63,RIOT PLATFORMS INC,RIOT,148170,2017-12-31,52.336,2.709,41.124,0.197,-8.878,330.0648,28.4,360204377.0,707627.5634517766,3389.812031903511,-15702.03086280694,139364.215,707432.5634517766,-0.0720370544181558,0.1567132453877366,-0.07196514420712889,-0.6268656015292275,-0.1535386386916939,crypto
15826,2018-03-06,-0.016263,-0.016263,49.6,20827152.0,283432.0,14058227.200000001,BLOCK INC,XYZ,026367,2017-12-31,2187.27,1400.937,786.333,616.035,-15.663,13701.376,34.67,1057011507.0,22820.500783234722,17878.210885210214,-897543.7144863692,14058841.804000001,22821.498460314757,1.080881781893979,1.0772678642358147,1.0808435634851217,-0.3650739813420886,0.7184798070682067,crypto
15826,2018-03-07,0.022581,0.022581,50.72,18318010.0,283432.0,14375671.04,BLOCK INC,XYZ,026367,2017-12-31,2187.27,1400.937,786.333,616.035,-15.663,13701.376,34.67,1057011507.0,23335.80241382389,18281.91242132786,-917810.8306199323,14376285.644,23336.800090903926,1.134512316191364,1.1311726169108192,1.1344705830071042,-0.38303291174445286,0.7542806510912086,crypto
15488,2018-03-07,0.00366,0.00366,79.52,5546703.0,1200160.0,95436723.19999999,PAYPAL HOLDINGS INC,PYPL,024616,2017-12-31,40774.0,24780.0,15994.0,3705.0,620.0,88344.0,73.62,569966570.0,25758.899649122803,5967.032837313992,153930.1987096774,95445509.19999999,25761.2710391363,0.917439791093051,0.8555108918158544,0.9173645454167744,-0.3326446940974209,0.5894176335570647,crypto
92213,2018-03-07,-0.029836,-0.029836,10.08,578624.0,13417.0,135243.36000000002,RIOT PLATFORMS INC,RIOT,148170,2017-12-31,52.336,2.709,41.124,0.197,-8.878,330.0648,28.4,360204377.0,686514.5177664976,3288.6723081412315,-15233.53908537959,135204.945,686319.5177664974,-0.08393132715023864,0.13258028088134388,-0.08385959319410763,-0.5910791924989293,-0.15657245799048292,crypto
15826,2018-03-08,0.030166,0.030166,52.25,16961324.0,283432.0,14809322.0,BLOCK INC,XYZ,026367,2017-12-31,2187.27,1400.937,786.333,616.035,-15.663,13701.376,34.67,1057011507.0,24039.741248468028,18833.39755548858,-945497.158909532,14809936.604,24040.738925548063,1.207775456794042,1.2048103594043533,1.2077289221755272,-0.40756609345482553,0.8031871612297743,crypto
92213,2018-03-08,-0.050595,-0.050595,9.57,710190.0,13417.0,128400.69,RIOT PLATFORMS INC,RIOT,148170,2017-12-31,52.336,2.709,41.124,0.197,-8.878,330.0648,28.4,360204377.0,651780.152284264,3122.2811496936097,-14462.794548321694,128362.27500000001,651585.152284264,-0.10349932422560089,0.0928776618546977,-0.10342788023720163,-0.532204777642632,-0.1615635800626842,crypto
15488,2018-03-08,0.004401,0.004401,79.87,6878581.0,1200160.0,95856779.2,PAYPAL HOLDINGS INC,PYPL,024616,2017-12-31,40774.0,24780.0,15994.0,3705.0,620.0,88344.0,73.62,569966570.0,25872.2750877193,5993.296186069776,154607.7083870968,95865565.2,25874.646477732793,0.9443669703055423,0.8741659484347262,0.9442862211908414,-0.31385487537542583,0.612241066138921,crypto
15826,2018-03-09,0.004593,0.004593,52.49,11545289.0,283432.0,14877345.68,BLOCK INC,XYZ,026367,2017-12-31,2187.27,1400.937,786.333,616.035,-15.663,13701.376,34.67,1057011507.0,24150.16302645142,18919.90502751379,-949840.1123667241,14877960.284,24151.160703531456,1.2192677141434816,1.2163613778347113,1.2192204263588091,-0.41141443568390357,0.8108587706632746,crypto
92213,2018-03-09,-0.034483,-0.034483,9.24,746696.0,13417.0,123973.08,RIOT PLATFORMS INC,RIOT,148170,2017-12-31,52.336,2.709,41.124,0.197,-8.878,330.0648,28.4,360204377.0,629304.9746192893,3014.6162824627954,-13964.07749493129,123934.66500000001,629109.9746192894,-0.11616096939201177,0.06718773189627954,-0.11608971302979187,-0.4941095680297338,-0.16479312963881448,crypto
15488,2018-03-09,0.010517,0.010517,80.71,7663062.0,1200160.0,96864913.6,PAYPAL HOLDINGS INC,PYPL,024616,2017-12-31,40774.0,24780.0,15994.0,3705.0,620.0,88344.0,73.62,569966570.0,26144.376140350876,6056.328223083656,156233.7316129032,96873699.6,26146.74753036437,1.0089922004155178,0.918938084320017,1.0088982430486007,-0.26875931044264023,0.6670173043353738,crypto
15826,2018-03-12,0.013336,0.013336,53.19,12482061.0,283432.0,15075748.08,BLOCK INC,XYZ,026367,2017-12-31,2187.27,1400.937,786.333,616.035,-15.663,13701.376,34.67,1057011507.0,24472.226545569654,19172.21848758732,-962507.0599502011,15076362.684,24473.22422264969,1.2527867980793475,1.2500518482565897,1.2527373135600486,-0.42263876718538124,0.8332342981776512,crypto
15488,2018-03-12,-0.001363,-0.001363,80.6,6607596.0,1200160.0,96732896.0,PAYPAL HOLDINGS INC,PYPL,024616,2017-12-31,40774.0,24780.0,15994.0,3705.0,620.0,88344.0,73.62,569966570.0,26108.743859649123,6048.07402776041,156020.8,96741682.0,26111.115249662616,1.0005293726630213,0.913075066525515,1.0004371449481801,-0.27466468204098127,0.6598442255239338,crypto
92213,2018-03-12,-0.029221,-0.029221,8.97,1322126.0,13417.0,120350.49,RIOT PLATFORMS INC,RIOT,148170,2017-12-31,52.336,2.709,41.124,0.197,-8.878,330.0648,28.4,360204377.0,610916.192893401,2926.526845637584,-13556.036269430053,120312.07500000001,610721.192893401,-0.1265204972554388,0.04616869829393744,-0.12644939440554756,-0.46294076016463537,-0.16743548838292108,crypto
92213,2018-03-13,-0.0301,-0.0301,8.7,565909.0,13417.0,116727.9,RIOT PLATFORMS INC,RIOT,148170,2017-12-31,52.336,2.709,41.124,0.197,-8.878,330.0648,28.4,360204377.0,592527.4111675126,2838.437408812372,-13147.995043928811,116689.485,592332.4111675126,-0.13688002511886588,0.02514966469159522,-0.13680907578130327,-0.43177195229953663,-0.17007784712702764,crypto
15826,2018-03-13,-0.025569,-0.025569,51.83,13500432.0,283432.0,14690280.559999999,BLOCK INC,XYZ,026367,2017-12-31,2187.27,1400.937,786.333,616.035,-15.663,13701.376,34.67,1057011507.0,23846.503136997086,18682.00947944446,-937896.9903594457,14690895.163999999,23847.50081407712,1.1876640064325223,1.184596077151226,1.1876187898547834,-0.4008314945539388,0.7897618447211483,crypto
15488,2018-03-13,-0.004963,-0.004963,80.2,6413060.0,1200160.0,96252832.0,PAYPAL HOLDINGS INC,PYPL,024616,2017-12-31,40774.0,24780.0,15994.0,3705.0,620.0,88344.0,73.62,569966570.0,25979.171929824563,6018.058772039515,155246.50322580646,96261618.0,25981.543319838056,0.9697554535630329,0.8917550018182338,0.9696695154921042,-0.29613876058040284,0.633760302573242,crypto
15488,2018-03-14,0.038778,0.038778,83.31,14281118.0,1200160.0,99985329.60000001,PAYPAL HOLDINGS INC,PYPL,024616,2017-12-31,40774.0,24780.0,15994.0,3705.0,620.0,88344.0,73.62,569966570.0,26986.59368421053,6251.427385269477,161266.66064516132,99994115.60000001,26988.965074224023,1.2090226745654447,1.0575185049173477,1.2088878345130964,-0.12917779993639522,0.8365628035148733,crypto
15826,2018-03-14,0.053637,0.053637,54.61,22042999.0,283432.0,15478221.52,BLOCK INC,XYZ,026367,2017-12-31,2187.27,1400.937,786.333,616.035,-15.663,13701.376,34.67,1057011507.0,25125.555398638066,19684.054363736483,-988202.8679052544,15478836.124,25126.5530757181,1.3207826540635321,1.3183953739695424,1.3207287133111336,-0.4454081253740931,0.8786246539925288,crypto
92213,2018-03-14,-0.063218,-0.063218,8.15,727355.0,13417.0,109348.55,RIOT PLATFORMS INC,RIOT,148170,2017-12-31,52.336,2.709,41.124,0.197,-8.878,330.0648,28.4,360204377.0,555068.7817258884,2658.995963427682,-12316.799954944807,109310.13500000001,554873.7817258884,-0.1579827670628839,-0.017666885239101558,-0.1579121304356203,-0.36827993627803973,-0.17546042975391138,crypto
15826,2018-03-15,0.004212,0.004212,54.84,13423122.0,283432.0,15543410.88,BLOCK INC,XYZ,026367,2017-12-31,2187.27,1400.937,786.333,616.035,-15.663,13701.376,34.67,1057011507.0,25231.376269205484,19766.957357760646,-992364.8649683968,15544025.484000001,25232.373946285523,1.331796067356745,1.3294650999653028,1.3317414048201124,-0.4490961200102929,0.8859766130329668,crypto
92213,2018-03-15,-0.078528,-0.078528,7.51,1026496.0,13417.0,100761.67,RIOT PLATFORMS INC,RIOT,148170,2017-12-31,52.336,2.709,41.124,0.197,-8.878,330.0648,28.4,360204377.0,511480.5583756345,2450.1913724345877,-11349.591124127055,100723.255,511285.55837563454,-0.18253868496137768,-0.06748977970391251,-0.1824684122151893,-0.2943983176348432,-0.18172379862883067,crypto
15488,2018-03-15,-0.008882,-0.008882,82.57,9863040.0,1200160.0,99097211.19999999,PAYPAL HOLDINGS INC,PYPL,024616,2017-12-31,40774.0,24780.0,15994.0,3705.0,620.0,88344.0,73.62,569966570.0,26746.885614035084,6195.899162185819,159834.2116129032,99105997.19999999,26749.25700404858,1.152090924230464,1.0180763852088757,1.1519677200193548,-0.16890484523432786,0.7883075460560917,crypto
15488,2018-03-16,-0.004965,-0.004965,82.16,8352712.0,1200160.0,98605145.6,PAYPAL HOLDINGS INC,PYPL,024616,2017-12-31,40774.0,24780.0,15994.0,3705.0,620.0,88344.0,73.62,569966570.0,26614.074385964912,6165.133525071901,159040.55741935482,98613931.6,26616.445775978405,1.1205476571529767,0.9962233188839122,1.1204308998268768,-0.19091577573723506,0.7615715250316326,crypto
15826,2018-03-16,0.000912,0.000912,54.89,10818320.0,283432.0,15557582.48,BLOCK INC,XYZ,026367,2017-12-31,2187.27,1400.937,786.333,616.035,-15.663,13701.376,34.67,1057011507.0,25254.38080628536,19784.979747765898,-993269.6469386453,15558197.084,25255.378483365395,1.3341902876378786,1.331871562138294,1.3341354681916295,-0.4498978579746843,0.8875748649982794,crypto
92213,2018-03-16,0.103861,0.103861,8.29,1203756.0,13417.0,111226.93,RIOT PLATFORMS INC,RIOT,148170,2017-12-31,52.336,2.709,41.124,0.197,-8.878,330.0648,28.4,360204377.0,564603.7055837563,2704.671967707421,-12528.37688668619,111188.515,564408.7055837563,-0.1526111600225884,-0.006768127074924222,-0.15254044379633963,-0.38444154035623895,-0.1740903178125228,crypto
15826,2018-03-19,-0.005648,-0.005648,54.58,16600570.0,283432.0,15469718.559999999,BLOCK INC,XYZ,026367,2017-12-31,2187.27,1400.937,786.333,616.035,-15.663,13701.376,34.67,1057011507.0,25111.75267639014,19673.240929733332,-987659.9987231053,15470333.163999999,25112.750353470175,1.319346121894852,1.3169514966657478,1.3192922752882232,-0.44492708259545827,0.8776657028133412,crypto
92213,2018-03-19,0.015682,0.015682,8.42,1029582.0,13417.0,112971.14,RIOT PLATFORMS INC,RIOT,148170,2017-12-31,52.336,2.709,41.124,0.197,-8.878,330.0648,28.4,360204377.0,573457.5634517766,2747.0854002528936,-12724.841180446047,112932.725,573262.5634517766,-0.14762323919945686,0.0033521483632405484,-0.1475524490598647,-0.3994487441431383,-0.17281807100980484,crypto
15488,2018-03-19,-0.022639,-0.022639,80.3,9027114.0,1200160.0,96372848.0,PAYPAL HOLDINGS INC,PYPL,024616,2017-12-31,40774.0,24780.0,15994.0,3705.0,620.0,88344.0,73.62,569966570.0,26011.5649122807,6025.562585969738,155440.07741935484,96381634.0,26013.936302294198,0.9774489333380296,0.8970850179950537,0.9773614228561236,-0.29077024094554743,0.6402812833109148,crypto
15826,2018-03-20,0.056981,0.056981,57.69,17238235.0,283432.0,16351192.08,BLOCK INC,XYZ,026367,2017-12-31,2187.27,1400.937,786.333,616.035,-15.663,13701.376,34.67,1057011507.0,26542.634882758288,20794.233588060022,-1043937.4372725531,16351806.684,26543.632559838323,1.4682666233813413,1.4666334438258068,1.4682030169965863,-0.4947951839805948,0.977076975055785,crypto
92213,2018-03-20,-0.047506,-0.047506,8.02,633880.0,13417.0,107604.34,RIOT PLATFORMS INC,RIOT,148170,2017-12-31,52.336,2.709,41.124,0.197,-8.878,330.0648,28.4,360204377.0,546214.923857868,2616.5825308822095,-12120.33566118495,107565.925,546019.9238578681,-0.1629706878860155,-0.027787160677266328,-0.16290012517209526,-0.3532727324911404,-0.17673267655662936,crypto
15488,2018-03-20,0.006974,0.006974,80.86,7387323.0,1200160.0,97044937.6,PAYPAL HOLDINGS INC,PYPL,024616,2017-12-31,40774.0,24780.0,15994.0,3705.0,620.0,88344.0,73.62,569966570.0,26192.965614035085,6067.583943978992,156524.0929032258,97053723.6,26195.337004048582,1.0205324200780133,0.9269331085852476,1.02043610409463,-0.26070653099035673,0.6767987754418835,crypto
17354,2018-03-20,,,4.62,304254.0,14550.0,67221.0,BIT DIGITAL INC,BTBT,032878,2017-12-31,12.915,0.469,11.841,4.419,-0.404,,,,15211.812627291243,5676.969850519382,-166388.61386138614,67209.628,15209.239194387872,-1.9242754246270068,-2.0235939457811236,-1.9242876088242886,-1.0001989145997419,-1.7180889734580402,crypto
92213,2018-03-21,-0.009975,-0.009975,7.94,477268.0,13417.0,106530.98000000001,RIOT PLATFORMS INC,RIOT,148170,2017-12-31,52.336,2.709,41.124,0.197,-8.878,330.0648,28.4,360204377.0,540766.3959390863,2590.481957008073,-11999.434557332734,106492.56500000002,540571.3959390863,-0.16604017762332715,-0.03401502248536761,-0.1659696603945414,-0.344037530160741,-0.17751559766599428,crypto
17354,2018-03-21,0.026472,0.026472,4.7423,23211.0,14550.0,69000.465,BIT DIGITAL INC,BTBT,032878,2017-12-31,12.915,0.469,11.841,4.419,-0.404,,,,15614.49762389681,5827.249809982265,-170793.2301980198,68989.093,15611.924190993437,-1.7800898074744242,-1.8575359968834264,-1.780098756527726,-1.2385845971890443,-1.6640772895186553,crypto
15488,2018-03-21,0.002226,0.002226,81.04,6754990.0,1200160.0,97260966.4,PAYPAL HOLDINGS INC,PYPL,024616,2017-12-31,40774.0,24780.0,15994.0,3705.0,620.0,88344.0,73.62,569966570.0,26251.272982456143,6081.090809053396,156872.5264516129,97269752.4,26253.644372469636,1.0343806836730094,0.9365271377035252,1.0342815373498644,-0.2510431956476164,0.6885365407696956,crypto
15826,2018-03-21,-0.0104,-0.0104,57.09,13534285.0,283432.0,16181132.88,BLOCK INC,XYZ,026367,2017-12-31,2187.27,1400.937,786.333,616.035,-15.663,13701.376,34.67,1057011507.0,26266.580437799803,20577.964907996997,-1033080.053629573,16181747.484000001,26267.578114879838,1.439535980007742,1.4377558977499114,1.4394742565383811,-0.4851743284078998,0.9578979514720337,crypto
92213,2018-03-22,-0.039043,-0.039043,7.63,362736.0,13178.0,100548.14,RIOT PLATFORMS INC,RIOT,148170,2017-12-31,52.336,2.709,41.124,0.197,-8.878,330.0648,28.4,360204377.0,510396.64974619285,2444.9990273319713,-11325.539535931515,100509.725,510201.6497461929,-0.18314931712915752,-0.06872872593992267,-0.1830790534316022,-0.292561102950478,-0.1818795498627901,crypto
17354,2018-03-22,-0.030007,-0.030007,4.6,54077.0,14550.0,66930.0,BIT DIGITAL INC,BTBT,032878,2017-12-31,12.915,0.469,11.841,4.419,-0.404,,,,15145.960624575697,5652.394223460857,-165668.31683168316,66918.628,15143.387191672326,-1.9478544298849925,-2.0507497837038864,-1.9478671431328025,-0.9612151562041071,-1.7269216282314472,crypto
15488,2018-03-22,-0.030602,-0.030602,78.56,9606864.0,1200160.0,94284569.60000001,PAYPAL HOLDINGS INC,PYPL,024616,2017-12-31,40774.0,24780.0,15994.0,3705.0,620.0,88344.0,73.62,569966570.0,25447.92701754386,5894.996223583845,152071.88645161293,94293355.60000001,25450.29840755736,0.8435823852530798,0.80434273651838,0.8435222347221932,-0.3841824825920332,0.5268162184754049,crypto
15826,2018-03-22,-0.033806,-0.033806,55.16,15704051.0,283432.0,15634109.12,BLOCK INC,XYZ,026367,2017-12-31,2187.27,1400.937,786.333,616.035,-15.663,13701.376,34.67,1057011507.0,25378.605306516674,19882.300653794257,-998155.4695779863,15634723.724,25379.602983596713,1.3471190771559978,1.3448664578724465,1.3470634103978216,-0.454227242982397,0.8962054256109673,crypto
92213,2018-03-23,-0.017038,-0.017038,7.5,426910.0,13178.0,98835.0,RIOT PLATFORMS INC,RIOT,148170,2017-12-31,52.336,2.709,41.124,0.197,-8.878,330.0648,28.4,360204377.0,501700.50761421316,2403.34111467756,-11132.574904257715,98796.585,501505.5076142132,-0.18804838701118984,-0.0786687266646849,-0.18797819591034312,-0.27782122581671054,-0.1831291338507321,crypto
17354,2018-03-23,0.011978,0.011978,4.6551,8420.0,14550.0,67731.705,BIT DIGITAL INC,BTBT,032878,2017-12-31,12.915,0.469,11.841,4.419,-0.404,,,,15327.382892057029,5720.100076007095,-167652.73514851485,67720.333,15324.809459153656,-1.8828942703992415,-1.9759354502266735,-1.8829055261128467,-1.06861541058408,-1.7025876643307103,crypto
15488,2018-03-23,-0.026986,-0.026986,76.44,9568450.0,1200160.0,91740230.39999999,PAYPAL HOLDINGS INC,PYPL,024616,2017-12-31,40774.0,24780.0,15994.0,3705.0,620.0,88344.0,73.62,569966570.0,24761.19578947368,5735.915368263098,147968.11354838707,91749016.39999999,24763.567179487178,0.6804806140231391,0.6913463935697868,0.6804537986049886,-0.49799509885097165,0.3885714268367357,crypto
15826,2018-03-23,-0.063271,-0.063271,51.67,20521859.0,283432.0,14644931.440000001,BLOCK INC,XYZ,026367,2017-12-31,2187.27,1400.937,786.333,616.035,-15.663,13701.376,34.67,1057011507.0,23772.888618341494,18624.337831427656,-935001.6880546511,14645546.044000002,23773.88629542153,1.1800025015328963,1.1768953981976544,1.1799577870659292,-0.39826593306788693,0.7846474384321482,crypto
15488,2018-03-26,0.032836,0.032836,78.95,8680548.0,1200160.0,94752632.0,PAYPAL HOLDINGS INC,PYPL,024616,2017-12-31,40774.0,24780.0,15994.0,3705.0,620.0,88344.0,73.62,569966570.0,25574.259649122807,5924.261097911717,152826.8258064516,94761418.0,25576.631039136304,0.8735869563755683,0.825129799607979,0.8735206734418669,-0.36324525601609725,0.5522480433523292,crypto
92213,2018-03-26,-0.018667,-0.018667,7.36,627258.0,13178.0,96990.08,RIOT PLATFORMS INC,RIOT,148170,2017-12-31,52.336,2.709,41.124,0.197,-8.878,330.0648,28.4,360204377.0,492335.4314720812,2358.478747203579,-10924.766839378239,96951.66500000001,492140.4314720812,-0.1933243084226092,-0.08937334282981343,-0.19325419550283332,-0.26194751198034555,-0.18447483968390038,crypto
17354,2018-03-26,-0.033318,-0.033318,4.5,42125.0,14550.0,65475.0,BIT DIGITAL INC,BTBT,032878,2017-12-31,12.915,0.469,11.841,4.419,-0.404,,,,14816.700610997965,5529.5160881682295,-162066.8316831683,65463.628,14814.127178094592,-2.065749456174921,-2.186528973317702,-2.065764814675373,-0.7662963642259362,-1.7710849020984831,crypto
15826,2018-03-26,0.036385,0.036385,53.55,11332747.0,283432.0,15177783.6,BLOCK INC,XYZ,026367,2017-12-31,2187.27,1400.937,786.333,616.035,-15.663,13701.376,34.67,1057011507.0,24637.859212544743,19301.979695625138,-969021.4901359893,15178398.204,24638.856889624778,1.2700251841035068,1.267378375902127,1.2699745698349714,-0.42841128052899835,0.8447417123279017,crypto
15488,2018-03-27,-0.033439,-0.033439,76.31,7979407.0,1200160.0,91584209.60000001,PAYPAL HOLDINGS INC,PYPL,024616,2017-12-31,40774.0,24780.0,15994.0,3705.0,620.0,88344.0,73.62,569966570.0,24719.084912280705,5726.160410153808,147716.4670967742,91592995.60000001,24721.4563022942,0.6704790903156443,0.6844173725399211,0.6704543190317646,-0.5049741743762831,0.38009415187776174,crypto
92213,2018-03-27,-0.055707,-0.055707,6.95,310389.0,13178.0,91587.1,RIOT PLATFORMS INC,RIOT,148170,2017-12-31,52.336,2.709,41.124,0.197,-8.878,330.0648,28.4,360204377.0,464909.13705583755,2227.0960996012063,-10316.186077945484,91548.68500000001,464714.1370558376,-0.20877522112748034,-0.1207225758848326,-0.20870533716655468,-0.215460207173848,-0.1884158353381789,crypto
15826,2018-03-27,-0.046499,-0.046499,51.06,13509342.0,283432.0,14472037.92,BLOCK INC,XYZ,026367,2017-12-31,2187.27,1400.937,786.333,616.035,-15.663,13701.376,34.67,1057011507.0,23492.233265967032,18404.464673363575,-923963.3480176211,14472652.524,23493.23094304707,1.1507930141030702,1.14753655968716,1.1507502139334207,-0.3884847299023135,0.7651487644553344,crypto
17354,2018-03-27,0.0,0.0,4.5,9224.0,14550.0,65475.0,BIT DIGITAL INC,BTBT,032878,2017-12-31,12.915,0.469,11.841,4.419,-0.404,,,,14816.700610997965,5529.5160881682295,-162066.8316831683,65463.628,14814.127178094592,-2.065749456174921,-2.186528973317702,-2.065764814675373,-0.7662963642259362,-1.7710849020984831,crypto
17354,2018-03-28,0.0,0.0,4.5,27779.0,14550.0,65475.0,BIT DIGITAL INC,BTBT,032878,2017-12-31,12.915,0.469,11.841,4.419,-0.404,,,,14816.700610997965,5529.5160881682295,-162066.8316831683,65463.628,14814.127178094592,-2.065749456174921,-2.186528973317702,-2.065764814675373,-0.7662963642259362,-1.7710849020984831,crypto
92213,2018-03-28,-0.096403,-0.096403,6.28,701408.0,13178.0,82757.84,RIOT PLATFORMS INC,RIOT,148170,2017-12-31,52.336,2.709,41.124,0.197,-8.878,330.0648,28.4,360204377.0,420090.5583756345,2012.3976266900106,-9321.676053165127,82719.425,419895.5583756345,-0.2340242735964161,-0.17195181038937637,-0.2339547637877579,-0.13949314809981533,-0.19485599896834144,crypto
15826,2018-03-28,-0.071876,-0.071876,47.39,27553936.0,283432.0,13431842.48,BLOCK INC,XYZ,026367,2017-12-31,2187.27,1400.937,786.333,616.035,-15.663,13701.376,34.67,1057011507.0,21803.700244304302,17081.621246978062,-857552.3514013918,13432457.084,21804.69792138434,0.9750572454678885,0.9709022361895987,0.9750259624640667,-0.3296371633159948,0.6478370702013898,crypto
15488,2018-03-28,-0.016381,-0.016381,75.06,14367225.0,1200160.0,90084009.60000001,PAYPAL HOLDINGS INC,PYPL,024616,2017-12-31,40774.0,24780.0,15994.0,3705.0,620.0,88344.0,73.62,569966570.0,24314.17263157895,5632.362736026011,145296.78967741938,90092795.60000001,24316.544021592446,0.5743105931281797,0.617792170329667,0.5743054769815272,-0.5720806698119767,0.2985818926568493,crypto
15826,2018-03-29,0.038194,0.038194,49.2,18350457.0,283432.0,13944854.4,BLOCK INC,XYZ,026367,2017-12-31,2187.27,1400.937,786.333,616.035,-15.663,13701.376,34.67,1057011507.0,22636.46448659573,17734.031765168194,-890305.4587243823,13945469.004,22637.462163675766,1.0617280196449128,1.058016166851884,1.061691056512985,-0.35866007762695856,0.7056937913457058,crypto
17354,2018-03-29,0.0,0.0,4.5,15900.0,14550.0,65475.0,BIT DIGITAL INC,BTBT,032878,2017-12-31,12.915,0.469,11.841,4.419,-0.404,,,,14816.700610997965,5529.5160881682295,-162066.8316831683,65463.628,14814.127178094592,-2.065749456174921,-2.186528973317702,-2.065764814675373,-0.7662963642259362,-1.7710849020984831,crypto
15488,2018-03-29,0.010791,0.010791,75.87,11063169.0,1183000.0,89754210.0,PAYPAL HOLDINGS INC,PYPL,024616,2017-12-31,40774.0,24780.0,15994.0,3705.0,620.0,88344.0,73.62,569966570.0,24225.157894736843,5611.742528448168,144764.85483870967,89762996.0,24227.529284750337,0.5531691907118171,0.6031454798624878,0.5531683954933037,-0.5868331663804978,0.2806624749217777,crypto
92213,2018-03-29,0.05414,0.05414,6.62,512286.0,13328.0,88231.36,RIOT PLATFORMS INC,RIOT,148170,2017-12-31,52.336,2.709,41.124,0.197,-8.878,330.0648,28.4,360204377.0,447874.923857868,2145.4955743604705,-9938.202297814823,88192.945,447679.923857868,-0.2183716375125575,-0.14019328933038505,-0.2183018957558177,-0.18658737991345536,-0.1908635506280539,crypto
17354,2018-04-02,-0.022222,-0.022222,4.4,43374.0,14550.0,64020.00000000001,BIT DIGITAL INC,BTBT,032878,2018-03-31,,,,,,,4.5,484990.0,,,,,,,,,,,crypto
92213,2018-04-02,-0.039275,-0.039275,6.36,296891.0,13328.0,84766.08,RIOT PLATFORMS INC,RIOT,148170,2018-03-31,49.584,6.349,37.722,0.925,-16.35,88.2314,6.62,126612643.0,91639.0054054054,2247.125815174169,-5184.469724770642,84734.70700000001,91605.08864864866,-0.41906116540913896,-0.11594328247751041,-0.41890364815461717,0.17653322641563388,-0.19434371740640816,crypto
15488,2018-04-02,-0.011467,-0.011467,75.0,11416691.0,1183000.0,88725000.0,PAYPAL HOLDINGS INC,PYPL,024616,2018-03-31,42322.0,27681.0,14641.0,3685.0,511.0,89754.21,75.87,600954011.0,24077.340569877884,6060.036882726589,173630.13698630137,88738040.0,24080.879240162823,0.5180619078076765,0.9215723735061518,0.5183454655755743,0.21370657052536782,0.5429215793536926,crypto
15826,2018-04-02,-0.030894,-0.030894,47.68,11918444.0,283432.0,13514037.76,BLOCK INC,XYZ,026367,2018-03-31,2379.612,1569.632,809.98,668.603,-23.986,19698.8928,49.2,972125352.0,20212.349869803158,16684.409195288772,-563413.564579338,13514797.411999999,20213.48604777424,0.8094358583566912,0.9178640000417863,0.8094298433286874,-0.06899731863551614,0.6169330957729122,crypto
15488,2018-04-03,-0.005867,-0.005867,74.56,8886272.0,1187181.0,88516215.36,PAYPAL HOLDINGS INC,PYPL,024616,2018-03-31,42322.0,27681.0,14641.0,3685.0,511.0,89754.21,75.87,600954011.0,24020.682594301223,6045.776610887235,173221.55647749512,88529255.36,24024.22126458616,0.5046053824697726,0.9114431938254732,0.5048916905130699,0.20237514021569014,0.5308288517560015,crypto
15826,2018-04-03,-0.002097,-0.002097,47.58,9794639.0,283432.0,13485694.559999999,BLOCK INC,XYZ,026367,2018-03-31,2379.612,1569.632,809.98,668.603,-23.986,19698.8928,49.2,972125352.0,20169.9581964185,16649.41672633892,-562231.9086133577,13486454.211999997,20171.094374389584,0.8050239024100742,0.9131915868467079,0.805018176527693,-0.06795023936125104,0.613820856605806,crypto
92213,2018-04-03,0.02673,0.02673,6.53,474571.0,13328.0,87031.84,RIOT PLATFORMS INC,RIOT,148170,2018-03-31,49.584,6.349,37.722,0.925,-16.35,88.2314,6.62,126612643.0,94088.47567567567,2307.190498913101,-5323.048318042813,87000.467,94054.55891891892,-0.4176812286686981,-0.10161123937082404,-0.4175236909656283,0.16594770397826236,-0.192717113756722,crypto
17354,2018-04-03,0.102045,0.102045,4.849,35100.0,14550.0,70552.95,BIT DIGITAL INC,BTBT,032878,2018-03-31,,,,,,,4.5,484990.0,,,,,,,,,,,crypto
92213,2018-04-04,-0.016845,-0.016845,6.42,311401.0,13328.0,85565.76,RIOT PLATFORMS INC,RIOT,148170,2018-03-31,49.584,6.349,37.722,0.925,-16.35,88.2314,6.62,126612643.0,92503.52432432432,2268.3251153173214,-5233.3798165137605,85534.387,92469.60756756757,-0.4185741289125128,-0.11088491432220933,-0.4184166044408564,0.1727971596730322,-0.19376962200063658,crypto
15488,2018-04-04,0.002951,0.002951,74.78,8230190.0,1187181.0,88777395.18,PAYPAL HOLDINGS INC,PYPL,024616,2018-03-31,42322.0,27681.0,14641.0,3685.0,511.0,89754.21,75.87,600954011.0,24091.559071913165,6063.615544020217,173732.67158512722,88790435.18,24095.0977421981,0.5214388663198265,0.9241143238748265,0.5217217338972254,0.21655022957391246,0.5459562884164477,crypto
17354,2018-04-04,-0.034853,-0.034853,4.68,19691.0,14550.0,68094.0,BIT DIGITAL INC,BTBT,032878,2018-03-31,,,,,,,4.5,484990.0,,,,,,,,,,,crypto
15826,2018-04-04,0.001891,0.001891,47.67,10540067.0,283432.0,13511203.440000001,BLOCK INC,XYZ,026367,2018-03-31,2379.612,1569.632,809.98,668.603,-23.986,19698.8928,49.2,972125352.0,20208.110702464695,16680.90994839379,-563295.39898274,13511963.092,20209.246880435778,0.8089946627620298,0.9173967587222788,0.8089886766485883,-0.0688926107080897,0.6166218718562018,crypto
15826,2018-04-05,0.007342,0.007342,48.02,9375247.0,283432.0,13610404.64,BLOCK INC,XYZ,026367,2018-03-31,2379.612,1569.632,809.98,668.603,-23.986,19698.8928,49.2,972125352.0,20356.481559310985,16803.383589718265,-567431.1948636705,13611164.292,20357.617737282064,0.8244365085751887,0.9337502049050527,0.8244295104520672,-0.07255738816801723,0.6275147089410729,crypto
15488,2018-04-05,0.029018,0.029018,76.95,10012217.0,1187181.0,91353577.95,PAYPAL HOLDINGS INC,PYPL,024616,2018-03-31,42322.0,27681.0,14641.0,3685.0,511.0,89754.21,75.87,600954011.0,24790.658873812754,6239.572293559183,178774.12514677105,91366617.95,24794.197544097693,0.6874782297498974,1.0490977429979926,0.687727161822754,0.35636815642546826,0.6951678227490281,crypto
92213,2018-04-05,0.124611,0.124611,7.22,3419551.0,13328.0,96228.16,RIOT PLATFORMS INC,RIOT,148170,2018-03-31,49.584,6.349,37.722,0.925,-16.35,88.2314,6.62,126612643.0,104030.44324324324,2550.982450559355,-5885.514373088685,96196.78700000001,103996.52648648649,-0.4120803089574969,-0.04344000558486125,-0.4119226882573795,0.1229829364383426,-0.18611501659034876,crypto
17354,2018-04-05,0.007692,0.007692,4.716,36563.0,14550.0,68617.8,BIT DIGITAL INC,BTBT,032878,2018-03-31,,,,,,,4.5,484990.0,,,,,,,,,,,crypto
15826,2018-04-06,-0.044773,-0.044773,45.87,14184761.0,283432.0,13001025.84,BLOCK INC,XYZ,026367,2018-03-31,2379.612,1569.632,809.98,668.603,-23.986,19698.8928,49.2,972125352.0,19445.060581540914,16051.045507296476,-542025.5915950971,13001785.491999999,19446.196759511997,0.7295794557229262,0.8332933212108687,0.7295786742306941,-0.05004518377131929,0.5606015668482924,crypto
92213,2018-04-06,-0.080332,-0.080332,6.64,1654238.0,13328.0,88497.92,RIOT PLATFORMS INC,RIOT,148170,2018-03-31,49.584,6.349,37.722,0.925,-16.35,88.2314,6.62,126612643.0,95673.42702702702,2346.0558825088806,-5412.716819571865,88466.547,95639.51027027027,-0.41678832842488345,-0.09233756441943863,-0.4166307774904003,0.15909824828349253,-0.19166460551280745,crypto
17354,2018-04-06,0.007209,0.007209,4.75,64684.0,14550.0,69112.5,BIT DIGITAL INC,BTBT,032878,2018-03-31,,,,,,,4.5,484990.0,,,,,,,,,,,crypto
15488,2018-04-06,-0.040156,-0.040156,73.86,8174938.0,1187181.0,87685188.66,PAYPAL HOLDINGS INC,PYPL,024616,2018-03-31,42322.0,27681.0,14641.0,3685.0,511.0,89754.21,75.87,600954011.0,23795.16652917232,5989.016369100471,171595.28113502933,87698228.66,23798.705199457258,0.45104429749232927,0.8711259618502579,0.45134155247257685,0.1572725831668003,0.4826960987454911,crypto
15826,2018-04-09,0.000436,0.000436,45.89,8445269.0,283432.0,13006694.48,BLOCK INC,XYZ,026367,2018-03-31,2379.612,1569.632,809.98,668.603,-23.986,19698.8928,49.2,972125352.0,19453.538916217847,16058.044001086448,-542261.9227882932,13007454.132,19454.67509418893,0.7304618469122497,0.8342278038498846,0.730461007590893,-0.050254599626172375,0.5612240146817138,crypto
17354,2018-04-09,0.016632,0.016632,4.829,20797.0,14550.0,70261.95,BIT DIGITAL INC,BTBT,032878,2018-03-31,,,,,,,4.5,484990.0,,,,,,,,,,,crypto
15488,2018-04-09,0.018007,0.018007,75.19,7326489.0,1187181.0,89264139.39,PAYPAL HOLDINGS INC,PYPL,024616,2018-03-31,42322.0,27681.0,14641.0,3685.0,511.0,89754.21,75.87,600954011.0,24223.647052917233,6096.860828495322,174685.20428571428,89277179.39,24227.185723202172,0.5528103589494707,0.9477287026031667,0.5530868147495144,0.24296744155968972,0.5741483294654603,crypto
92213,2018-04-09,-0.036145,-0.036145,6.4,525578.0,13328.0,85299.20000000001,RIOT PLATFORMS INC,RIOT,148170,2018-03-31,49.584,6.349,37.722,0.925,-16.35,88.2314,6.62,126612643.0,92215.35135135136,2261.258681936271,-5217.076452599389,85267.82700000002,92181.43459459461,-0.41873647441138817,-0.11257103704064295,-0.4185789523454433,0.1740425152538993,-0.19396098713589377,crypto
15826,2018-04-10,0.041621,0.041621,47.8,8741130.0,283432.0,13548049.6,BLOCK INC,XYZ,026367,2018-03-31,2379.612,1569.632,809.98,668.603,-23.986,19698.8928,49.2,972125352.0,20263.219877864743,16726.40015802859,-564831.5517385141,13548809.251999998,20264.356055835826,0.8147302054926314,0.92347089587588,0.8147238434898804,-0.07025381376463413,0.6206677827734395,crypto
17354,2018-04-10,0.012632,0.012632,4.89,26647.0,14550.0,71149.5,BIT DIGITAL INC,BTBT,032878,2018-03-31,,,,,,,4.5,484990.0,,,,,,,,,,,crypto
15488,2018-04-10,0.021279,0.021279,76.79,6214180.0,1187181.0,91163628.99000001,PAYPAL HOLDINGS INC,PYPL,024616,2018-03-31,42322.0,27681.0,14641.0,3685.0,511.0,89754.21,75.87,600954011.0,24739.112344640438,6226.5985240079235,178402.40506849316,91176668.99000001,24742.651014925377,0.6752356960407687,1.0398823756893725,0.6754871302706422,0.3460590005285791,0.6841660506323406,crypto
92213,2018-04-10,0.014062,0.014062,6.49,432338.0,13328.0,86498.72,RIOT PLATFORMS INC,RIOT,148170,2018-03-31,49.584,6.349,37.722,0.925,-16.35,88.2314,6.62,126612643.0,93512.12972972973,2293.0576321509993,-5290.441590214067,86467.34700000001,93478.21297297298,-0.4180059196664489,-0.10498348480769139,-0.4178483867748022,0.1684384151399968,-0.1930998440272364,crypto
15488,2018-04-11,-0.003777,-0.003777,76.5,4576441.0,1187181.0,90819346.5,PAYPAL HOLDINGS INC,PYPL,024616,2018-03-31,42322.0,27681.0,14641.0,3685.0,511.0,89754.21,75.87,600954011.0,24645.684260515605,6203.083566696264,177728.6624266145,90832386.5,24649.222930800544,0.6530461036929706,1.0231795224424973,0.6533020730824374,0.3273736554654681,0.6642253386708433,crypto
15826,2018-04-11,-0.000837,-0.000837,47.76,7832292.0,283432.0,13536712.32,BLOCK INC,XYZ,026367,2018-03-31,2379.612,1569.632,809.98,668.603,-23.986,19698.8928,49.2,972125352.0,20246.26320851088,16712.40317044865,-564358.8893521221,13537471.972,20247.399386481964,0.8129654231139847,0.9216019305978488,0.8129591767694827,-0.06983498205492816,0.619422887106597,crypto
92213,2018-04-11,0.020031,0.020031,6.62,564730.0,13328.0,88231.36,RIOT PLATFORMS INC,RIOT,148170,2018-03-31,49.584,6.349,37.722,0.925,-16.35,88.2314,6.62,126612643.0,95385.25405405405,2338.9894491278296,-5396.413455657492,88199.98700000001,95351.3372972973,-0.41695067392375884,-0.09402368713787236,-0.4167931253949872,0.16034360386435978,-0.19185597064806464,crypto
17354,2018-04-11,-0.00593,-0.00593,4.861,5882.0,14550.0,70727.55,BIT DIGITAL INC,BTBT,032878,2018-03-31,,,,,,,4.5,484990.0,,,,,,,,,,,crypto
15826,2018-04-12,0.04041,0.04041,49.69,10479904.0,283432.0,14083736.08,BLOCK INC,XYZ,026367,2018-03-31,2379.612,1569.632,809.98,668.603,-23.986,19698.8928,49.2,972125352.0,21064.42250483471,17387.75782118077,-587164.8494955391,14084495.731999999,21065.55868280579,0.89811617288369,1.0117795052628606,0.8981043460286685,-0.090043612048243,0.679489103031744,crypto
15488,2018-04-12,0.012549,0.012549,77.46,5033130.0,1187181.0,91959040.25999999,PAYPAL HOLDINGS INC,PYPL,024616,2018-03-31,42322.0,27681.0,14641.0,3685.0,511.0,89754.21,75.87,600954011.0,24954.96343554952,6280.926184003824,179958.98289628178,91972080.25999999,24958.50210583446,0.7265013059477478,1.0784717262942203,0.7267422623951125,0.3892285908468008,0.7302359713709704,crypto
17354,2018-04-12,0.018309,0.018309,4.95,3821.0,14550.0,72022.5,BIT DIGITAL INC,BTBT,032878,2018-03-31,,,,,,,4.5,484990.0,,,,,,,,,,,crypto
92213,2018-04-12,0.128399,0.128399,7.47,4081599.0,13328.0,99560.16,RIOT PLATFORMS INC,RIOT,148170,2018-03-31,49.584,6.349,37.722,0.925,-16.35,88.2314,6.62,126612643.0,107632.60540540541,2639.3128678224907,-6089.306422018349,99528.78700000001,107598.68864864866,-0.41005099022155445,-0.022363471604439966,-0.40989333945004297,0.10741599167750208,-0.18372295239963382,crypto
15488,2018-04-13,-0.002453,-0.002453,77.27,5942892.0,1187181.0,91733475.86999999,PAYPAL HOLDINGS INC,PYPL,024616,2018-03-31,42322.0,27681.0,14641.0,3685.0,511.0,89754.21,75.87,600954011.0,24893.751932157393,6265.519832661703,179517.5653033268,91746515.86999999,24897.290602442332,0.7119632971681564,1.0675284776152334,0.712207224926979,0.37698646821924503,0.7171713669824035,crypto
92213,2018-04-13,0.037483,0.037483,7.75,1567578.0,13417.0,103981.75,RIOT PLATFORMS INC,RIOT,148170,2018-03-31,49.584,6.349,37.722,0.925,-16.35,88.2314,6.62,126612643.0,112412.70270270269,2756.5280207836277,-6359.740061162079,103950.37700000001,112378.78594594594,-0.4073580684239386,0.005605253450329272,-0.4072003777474526,0.08675853450910939,-0.18054866455298815,crypto
15826,2018-04-13,-0.044073,-0.044073,47.5,11286221.0,283432.0,13463020.0,BLOCK INC,XYZ,026367,2018-03-31,2379.612,1569.632,809.98,668.603,-23.986,19698.8928,49.2,972125352.0,20136.04485771078,16621.42275117904,-561286.5838405737,13463779.651999999,20137.18103568186,0.801494337652781,0.9094536562906453,0.8014888430868978,-0.06711257594183911,0.6113310652721212,crypto
17354,2018-04-13,-0.004909,-0.004909,4.9257,16040.0,14550.0,71668.935,BIT DIGITAL INC,BTBT,032878,2018-03-31,,,,,,,4.5,484990.0,,,,,,,,,,,crypto
17354,2018-04-16,-0.051708,-0.051708,4.671,3180.0,14550.0,67963.05,BIT DIGITAL INC,BTBT,032878,2018-03-31,,,,,,,4.5,484990.0,,,,,,,,,,,crypto
92213,2018-04-16,-0.056774,-0.056774,7.31,595405.0,13417.0,98078.26999999999,RIOT PLATFORMS INC,RIOT,148170,2018-03-31,49.584,6.349,37.722,0.925,-16.35,88.2314,6.62,126612643.0,106030.56216216214,2600.028365410105,-5998.670948012231,98046.897,105996.64540540539,-0.41095351937569785,-0.0317371525588958,-0.4107958819782855,0.11433931093669847,-0.18478681074404518,crypto
15826,2018-04-16,-0.009895,-0.009895,47.03,7414688.0,283432.0,13329806.96,BLOCK INC,XYZ,026367,2018-03-31,2379.612,1569.632,809.98,668.603,-23.986,19698.8928,49.2,972125352.0,19936.803992802907,16456.958147114743,-555732.8008004669,13330566.612,19937.94017077399,0.7807581447036818,0.8874933142737772,0.7807540091222259,-0.0621913033527935,0.5967035411867229,crypto
15488,2018-04-16,0.006859,0.006859,77.8,5099077.0,1187181.0,92362681.8,PAYPAL HOLDINGS INC,PYPL,024616,2018-03-31,42322.0,27681.0,14641.0,3685.0,511.0,89754.21,75.87,600954011.0,25064.499810040707,6308.4954443002525,180748.8880626223,92375721.8,25068.038480325642,0.7525166900796494,1.0980543818250392,0.7527523294433522,0.4111355471276902,0.7536147371189328,crypto
92213,2018-04-17,-0.001368,-0.001368,7.3,635332.0,13417.0,97944.09999999999,RIOT PLATFORMS INC,RIOT,148170,2018-03-31,49.584,6.349,37.722,0.925,-16.35,88.2314,6.62,126612643.0,105885.5135135135,2596.471555060707,-5990.46483180428,97912.727,105851.59675675676,-0.411035234170056,-0.032585843604559926,-0.4108775979835317,0.1149661467645982,-0.18488313224838734,crypto
15488,2018-04-17,0.028663,0.028663,80.03,8070889.0,1187181.0,95010095.43,PAYPAL HOLDINGS INC,PYPL,024616,2018-03-31,42322.0,27681.0,14641.0,3685.0,511.0,89754.21,75.87,600954011.0,25782.929560379922,6489.317357420941,185929.73665362038,95023135.43,25786.46823066486,0.9231470036506455,1.2264935636889385,0.9233477692009245,0.5548194074405799,0.9069519359952721,crypto
15826,2018-04-17,0.044652,0.044652,49.13,8250241.0,283432.0,13925014.16,BLOCK INC,XYZ,026367,2018-03-31,2379.612,1569.632,809.98,668.603,-23.986,19698.8928,49.2,972125352.0,20827.029133880646,17191.799995061607,-580547.5760860501,13925773.811999999,20828.165311851728,0.8734092195826355,0.985613991370422,0.8733990119431019,-0.08417996811235882,0.6620605636959501,crypto
17354,2018-04-17,0.054592,0.054592,4.926,3595.0,14550.0,71673.3,BIT DIGITAL INC,BTBT,032878,2018-03-31,,,,,,,4.5,484990.0,,,,,,,,,,,crypto
15488,2018-04-18,0.003874,0.003874,80.34,5931559.0,1187181.0,95378121.54,PAYPAL HOLDINGS INC,PYPL,024616,2018-03-31,42322.0,27681.0,14641.0,3685.0,511.0,89754.21,75.87,600954011.0,25882.80096065129,6514.454035926508,186649.94430528377,95391161.54,25886.33963093623,0.9468669127120838,1.2443483378493911,0.9470628303331423,0.5747933969908019,0.9282678694713548,crypto
92213,2018-04-18,-0.058904,-0.058904,6.87,745710.0,13417.0,92174.79000000001,RIOT PLATFORMS INC,RIOT,148170,2018-03-31,49.584,6.349,37.722,0.925,-16.35,88.2314,6.62,126612643.0,99648.42162162163,2443.5287100365836,-5637.601834862386,92143.41700000002,99614.50486486488,-0.4145489703274571,-0.06907955856812055,-0.4143913862091183,0.14192008736428732,-0.18902495693510216,crypto
15826,2018-04-18,0.045797,0.045797,51.38,11145526.0,283432.0,14562736.16,BLOCK INC,XYZ,026367,2018-03-31,2379.612,1569.632,809.98,668.603,-23.986,19698.8928,49.2,972125352.0,21780.841785035365,17979.130546433244,-607134.8353206037,14563495.811999999,21781.977963006448,0.9726782283815144,1.090743288259684,0.9726615149654689,-0.10773925178332175,0.7320859449558363,crypto
17354,2018-04-18,0.004872,0.004872,4.95,51626.0,14550.0,72022.5,BIT DIGITAL INC,BTBT,032878,2018-03-31,,,,,,,4.5,484990.0,,,,,,,,,,,crypto
15826,2018-04-19,-0.014597,-0.014597,50.63,8926374.0,283432.0,14350162.16,BLOCK INC,XYZ,026367,2018-03-31,2379.612,1569.632,809.98,668.603,-23.986,19698.8928,49.2,972125352.0,21462.90423465046,17716.687029309367,-598272.4155757525,14350921.811999999,21464.04041262154,0.9395885587818883,1.055700189296597,0.9395740139580131,-0.09988615722633411,0.7087441512025411,crypto
15488,2018-04-19,-0.008215,-0.008215,79.68,7115577.0,1187181.0,94594582.08000001,PAYPAL HOLDINGS INC,PYPL,024616,2018-03-31,42322.0,27681.0,14641.0,3685.0,511.0,89754.21,75.87,600954011.0,25670.171527815473,6460.93723652756,185116.5989823875,94607622.08000001,25673.71019810041,0.8963664611619248,1.2063349477013314,0.8965727001806776,0.5322681289161358,0.8828855594900173,crypto
17354,2018-04-19,-0.018182,-0.018182,4.86,1154.0,14550.0,70713.0,BIT DIGITAL INC,BTBT,032878,2018-03-31,,,,,,,4.5,484990.0,,,,,,,,,,,crypto
92213,2018-04-19,-0.024745,-0.024745,6.7,745376.0,13417.0,89893.90000000001,RIOT PLATFORMS INC,RIOT,148170,2018-03-31,49.584,6.349,37.722,0.925,-16.35,88.2314,6.62,126612643.0,97182.5945945946,2383.0629340968135,-5498.0978593272175,89862.52700000002,97148.67783783785,-0.4159381218315458,-0.08350730634441204,-0.41578055829830374,0.1525762964385831,-0.19066242250891963,crypto
17354,2018-04-20,0.006132,0.006132,4.8898,2604.0,14550.0,71146.59,BIT DIGITAL INC,BTBT,032878,2018-03-31,,,,,,,4.5,484990.0,,,,,,,,,,,crypto
92213,2018-04-20,-0.007463,-0.007463,6.65,454078.0,13417.0,89223.05,RIOT PLATFORMS INC,RIOT,148170,2018-03-31,49.584,6.349,37.722,0.925,-16.35,88.2314,6.62,126612643.0,96457.35135135135,2365.278882349822,-5457.067278287462,89191.67700000001,96423.4345945946,-0.4163466958033366,-0.0877507615727331,-0.4161891383245347,0.15571047557808188,-0.19114403003063063,crypto
15826,2018-04-20,0.016393,0.016393,51.46,9079211.0,283432.0,14585410.72,BLOCK INC,XYZ,026367,2018-03-31,2379.612,1569.632,809.98,668.603,-23.986,19698.8928,49.2,972125352.0,21814.755123743093,18007.124521593127,-608080.1600933878,14586170.372,21815.89130171417,0.9762077931388082,1.094481218815747,0.9761908484062642,-0.10857691520273378,0.7345757362895214,crypto
15488,2018-04-20,-0.011923,-0.011923,78.73,6250299.0,1187387.0,93482978.51,PAYPAL HOLDINGS INC,PYPL,024616,2018-03-31,42322.0,27681.0,14641.0,3685.0,511.0,89754.21,75.87,600954011.0,25368.51519945726,6385.013216993375,182941.2495303327,93496018.51,25372.053869742198,0.824721719453867,1.1524055384583223,0.8249426013886588,0.4719377406967508,0.8185018999993997,crypto
15826,2018-04-23,-0.02157,-0.02157,50.35,7092091.0,283432.0,14270801.200000001,BLOCK INC,XYZ,026367,2018-03-31,2379.612,1569.632,809.98,668.603,-23.986,19698.8928,49.2,972125352.0,21344.20754917343,17618.708116249785,-594963.7788710081,14271560.852,21345.34372714451,0.9272350821313611,1.0426174323503776,0.92722134691523,-0.09695433525839207,0.7000298815346442,crypto
17354,2018-04-23,0.002086,0.002086,4.9,14895.0,14783.0,72436.70000000001,BIT DIGITAL INC,BTBT,032878,2018-03-31,,,,,,,4.5,484990.0,,,,,,,,,,,crypto
92213,2018-04-23,-0.015038,-0.015038,6.55,356891.0,13417.0,87881.34999999999,RIOT PLATFORMS INC,RIOT,148170,2018-03-31,49.584,6.349,37.722,0.925,-16.35,88.2314,6.62,126612643.0,95006.86486486485,2329.7107788558396,-5375.00611620795,87849.977,94972.9481081081,-0.4171638437469183,-0.09623767202937518,-0.4170062983769967,0.16197883385707942,-0.1921072450740527,crypto
15488,2018-04-23,-0.006605,-0.006605,78.21,4036217.0,1187387.0,92865537.27,PAYPAL HOLDINGS INC,PYPL,024616,2018-03-31,42322.0,27681.0,14641.0,3685.0,511.0,89754.21,75.87,600954011.0,25200.95991044776,6342.841149511645,181732.9496477495,92878577.27,25204.4985807327,0.7849265808329086,1.1224503977821627,0.7851555961890746,0.4384271702765262,0.782739936270168,crypto
15826,2018-04-24,-0.086197,-0.086197,46.01,18383863.0,283432.0,13040706.32,BLOCK INC,XYZ,026367,2018-03-31,2379.612,1569.632,809.98,668.603,-23.986,19698.8928,49.2,972125352.0,19504.408924279433,16100.034963826267,-543679.9099474694,13041465.972,19505.545102250515,0.7357561940481899,0.8398346996839784,0.735755007752086,-0.051511094755290365,0.564958701682241,crypto
17354,2018-04-24,0.010184,0.010184,4.9499,4064.0,14783.0,73174.3717,BIT DIGITAL INC,BTBT,032878,2018-03-31,,,,,,,4.5,484990.0,,,,,,,,,,,crypto
92213,2018-04-24,0.157252,0.157252,7.58,1451264.0,13417.0,101700.86,RIOT PLATFORMS INC,RIOT,148170,2018-03-31,49.584,6.349,37.722,0.925,-16.35,88.2314,6.62,126612643.0,109946.87567567568,2696.0622448438576,-6220.236085626911,101669.48700000001,109912.95891891893,-0.4087472199280274,-0.00882249432596222,-0.40858954983663803,0.09741474358340514,-0.18218613012680562,crypto
15488,2018-04-24,-0.037463,-0.037463,75.28,9180999.0,1187387.0,89386493.36,PAYPAL HOLDINGS INC,PYPL,024616,2018-03-31,42322.0,27681.0,14641.0,3685.0,511.0,89754.21,75.87,600954011.0,24256.850301221166,6105.217769278055,174924.6445401174,89399533.36,24260.388971506105,0.5606962805263552,0.9536647012799584,0.5609711245837254,0.24960799463949218,0.5812350252573828,crypto
15488,2018-04-25,-0.017003,-0.017003,74.0,10932764.0,1187387.0,87866638.0,PAYPAL HOLDINGS INC,PYPL,024616,2018-03-31,42322.0,27681.0,14641.0,3685.0,511.0,89754.21,75.87,600954011.0,23844.406512890095,6001.409603169182,171950.36790606653,87879678.0,23847.945183175034,0.46273901622861197,0.879928970384797,0.46303388101551857,0.16712043668201657,0.493205576077736,crypto
17354,2018-04-25,0.012728,0.012728,5.0129,9227.0,14783.0,74105.7007,BIT DIGITAL INC,BTBT,032878,2018-03-31,,,,,,,4.5,484990.0,,,,,,,,,,,crypto
15826,2018-04-25,-0.027385,-0.027385,44.75,16085066.0,283432.0,12683582.0,BLOCK INC,XYZ,026367,2018-03-31,2379.612,1569.632,809.98,668.603,-23.986,19698.8928,49.2,972125352.0,18970.273839632788,15659.129855058149,-528791.0447761194,12684341.651999999,18971.41001760387,0.6801655491208176,0.7809622934259914,0.6801680060595603,-0.03831789589955115,0.5257444881767045,crypto
92213,2018-04-25,-0.029024,-0.029024,7.36,673477.0,13417.0,98749.12000000001,RIOT PLATFORMS INC,RIOT,148170,2018-03-31,49.584,6.349,37.722,0.925,-16.35,88.2314,6.62,126612643.0,106755.80540540541,2617.8124171570967,-6039.701529051988,98717.74700000002,106721.88864864866,-0.41054494540390707,-0.02749369733057465,-0.4103873019520545,0.11120513179719961,-0.18430520322233415,crypto
15488,2018-04-26,0.027432,0.027432,76.03,13621307.0,1187387.0,90277033.61,PAYPAL HOLDINGS INC,PYPL,024616,2018-03-31,42322.0,27681.0,14641.0,3685.0,511.0,89754.21,75.87,600954011.0,24498.516583446402,6166.042866607472,176667.38475538162,90290073.61,24502.05525373134,0.618093115075814,0.9968692311013416,0.6183562282369716,0.29794054813020093,0.632814780636082,crypto
15826,2018-04-26,0.044469,0.044469,46.74,10236845.0,283432.0,13247611.68,BLOCK INC,XYZ,026367,2018-03-31,2379.612,1569.632,809.98,668.603,-23.986,19698.8928,49.2,972125352.0,19813.868139987408,16355.479987160175,-552305.9984991244,13248371.331999999,19815.00431795849,0.7679634724584928,0.87394331600805,0.7679601753993428,-0.059154773457424925,0.5876780476021152,crypto
92213,2018-04-26,0.014946,0.014946,7.47,658212.0,13417.0,100224.98999999999,RIOT PLATFORMS INC,RIOT,148170,2018-03-31,49.584,6.349,37.722,0.925,-16.35,88.2314,6.62,126612643.0,108351.34054054052,2656.9373310004767,-6129.968807339448,100193.617,108317.42378378377,-0.40964608266596725,-0.018158095828268543,-0.40948842589434625,0.10430993769030245,-0.1832456666745699,crypto
17354,2018-04-26,0.083205,0.083205,5.43,442811.0,14783.0,80271.69,BIT DIGITAL INC,BTBT,032878,2018-03-31,,,,,,,4.5,484990.0,,,,,,,,,,,crypto
15488,2018-04-27,-0.02499,-0.02499,74.13,9787345.0,1187387.0,88020998.30999999,PAYPAL HOLDINGS INC,PYPL,024616,2018-03-31,42322.0,27681.0,14641.0,3685.0,511.0,89754.21,75.87,600954011.0,23886.295335142466,6011.952620039614,172252.4428767123,88034038.30999999,23889.834005427405,0.4726878008838507,0.8874177555538363,0.4729806323154138,0.17549807928707212,0.5021460670100433,crypto
15826,2018-04-27,0.017758,0.017758,47.57,10176418.0,283432.0,13482860.24,BLOCK INC,XYZ,026367,2018-03-31,2379.612,1569.632,809.98,668.603,-23.986,19698.8928,49.2,972125352.0,20165.71902908004,16645.917479443935,-562113.7430167597,13483619.891999999,20166.85520705112,0.8045827068154127,0.9127243455271999,0.804577009847594,-0.06784553143382459,0.6135096326890955,crypto
92213,2018-04-27,0.002677,0.002677,7.49,350825.0,13417.0,100493.33,RIOT PLATFORMS INC,RIOT,148170,2018-03-31,49.584,6.349,37.722,0.925,-16.35,88.2314,6.62,126612643.0,108641.43783783783,2664.050951699274,-6146.381039755352,100461.95700000001,108607.52108108108,-0.4094826530772509,-0.016460713736939973,-0.40932499388385385,0.10305626603450285,-0.18305302366588547,crypto
17354,2018-04-27,0.049724,0.049724,5.7,110022.0,14783.0,84263.1,BIT DIGITAL INC,BTBT,032878,2018-03-31,,,,,,,4.5,484990.0,,,,,,,,,,,crypto
92213,2018-04-30,-0.036048,-0.036048,7.22,410000.0,13417.0,96870.73999999999,RIOT PLATFORMS INC,RIOT,148170,2018-03-31,49.584,6.349,37.722,0.925,-16.35,88.2314,6.62,126612643.0,104725.12432432431,2568.017072265521,-5924.815902140672,96839.367,104691.20756756756,-0.4116889525249213,-0.039375371969873556,-0.4115313260255013,0.11998083338779617,-0.185653704283125,crypto
15488,2018-04-30,0.006475,0.006475,74.61,9441268.0,1187387.0,88590944.07,PAYPAL HOLDINGS INC,PYPL,024616,2018-03-31,42322.0,27681.0,14641.0,3685.0,511.0,89754.21,75.87,600954011.0,24040.96175576662,6050.880682330441,173367.7966144814,88603984.07,24044.50042605156,0.5094217749955052,0.9150686546395218,0.5097070986534922,0.20643091352112586,0.5351571104524113,crypto
15826,2018-04-30,-0.004835,-0.004835,47.34,16758047.0,289167.0,13689165.780000001,BLOCK INC,XYZ,026367,2018-03-31,2379.612,1569.632,809.98,668.603,-23.986,19698.8928,49.2,972125352.0,20474.281120485553,16900.62196597447,-570714.8244809472,13689925.432,20475.417298456636,0.8366966161136925,0.9467340807481268,0.8366888145019437,-0.07546705106110921,0.6361631150756635,crypto
17354,2018-04-30,0.019298,0.019298,5.81,84433.0,14783.0,85889.23,BIT DIGITAL INC,BTBT,032878,2018-03-31,,,,,,,4.5,484990.0,,,,,,,,,,,crypto
15826,2018-05-01,0.018167,0.018167,48.2,7669999.0,289167.0,13937849.4,BLOCK INC,XYZ,026367,2018-03-31,2379.612,1569.632,809.98,668.603,-23.986,19698.8928,49.2,972125352.0,20846.226235897837,17207.64636163856,-581082.6899024431,13938609.052,20847.36241386892,0.875407177238943,0.9877298972927595,0.875396838659591,-0.08465413877001988,0.6634699436053184,crypto
15488,2018-05-01,0.002681,0.002681,74.81,5651120.0,1187387.0,88828421.47,PAYPAL HOLDINGS INC,PYPL,024616,2018-03-31,42322.0,27681.0,14641.0,3685.0,511.0,89754.21,75.87,600954011.0,24105.40609769335,6067.100708284953,173832.52733855185,88841461.47,24108.94476797829,0.5247275975420276,0.9265898625918909,0.5250097929610245,0.21931959445198154,0.5489117118867312,crypto
17354,2018-05-01,-0.111876,-0.111876,5.16,33239.0,14783.0,76280.28,BIT DIGITAL INC,BTBT,032878,2018-03-31,,,,,,,4.5,484990.0,,,,,,,,,,,crypto
92213,2018-05-01,0.013851,0.013851,7.32,262460.0,13417.0,98212.44,RIOT PLATFORMS INC,RIOT,148170,2018-03-31,49.584,6.349,37.722,0.925,-16.35,88.2314,6.62,126612643.0,106175.6108108108,2603.5851757595037,-6006.8770642201835,98181.06700000001,106141.69405405405,-0.4108718045813397,-0.030888461513231463,-0.4107141659730393,0.1137124751087986,-0.18469048923970297,crypto
15488,2018-05-02,-0.041171,-0.041171,71.73,17708047.0,1187387.0,85171269.51,PAYPAL HOLDINGS INC,PYPL,024616,2018-03-31,42322.0,27681.0,14641.0,3685.0,511.0,89754.21,75.87,600954011.0,23112.96323202171,5817.3123085854795,166675.67418786694,85184309.51,23116.50190230665,0.2890179303255827,0.74916326012541,0.28934830062502637,0.020833908116806535,0.3370908497982064,crypto
92213,2018-05-02,-0.010929,-0.010929,7.24,215810.0,13417.0,97139.08,RIOT PLATFORMS INC,RIOT,148170,2018-03-31,49.584,6.349,37.722,0.925,-16.35,88.2314,6.62,126612643.0,105015.22162162162,2575.130692964318,-5941.228134556574,97107.70700000001,104981.30486486487,-0.411525522936205,-0.03767798987854509,-0.41136789401500884,0.11872716173199664,-0.18546106127444056,crypto
15826,2018-05-02,0.009544,0.009544,48.66,18113334.0,289167.0,14070866.219999999,BLOCK INC,XYZ,026367,2018-03-31,2379.612,1569.632,809.98,668.603,-23.986,19698.8928,49.2,972125352.0,21045.173623211384,17371.86871280772,-586628.2923371966,14071625.871999998,21046.309801182462,0.8961128262129141,1.0096578921887258,0.8961011306508901,-0.08956816242827438,0.6780759216560639,crypto
17354,2018-05-02,0.083314,0.083314,5.5899,52407.0,14783.0,82635.4917,BIT DIGITAL INC,BTBT,032878,2018-03-31,,,,,,,4.5,484990.0,,,,,,,,,,,crypto
17354,2018-05-03,-0.012505,-0.012505,5.52,29909.0,14783.0,81602.15999999999,BIT DIGITAL INC,BTBT,032878,2018-03-31,,,,,,,4.5,484990.0,,,,,,,,,,,crypto
92213,2018-05-03,0.055249,0.055249,7.64,361970.0,13417.0,102505.87999999999,RIOT PLATFORMS INC,RIOT,148170,2018-03-31,49.584,6.349,37.722,0.925,-16.35,88.2314,6.62,126612643.0,110817.16756756755,2717.4031069402467,-6269.472782874616,102474.507,110783.2508108108,-0.40825693116187844,-0.003730348051977051,-0.4080992538051608,0.0936537286160067,-0.1816082011007524,crypto
15826,2018-05-03,0.011303,0.011303,49.21,20472828.0,289167.0,14229908.07,BLOCK INC,XYZ,026367,2018-03-31,2379.612,1569.632,809.98,668.603,-23.986,19698.8928,49.2,972125352.0,21283.045499347147,17568.221523988246,-593258.9039439673,14230667.722,21284.18167731823,0.9208695804209233,1.0358761469556423,0.9208562623796185,-0.0954436254979266,0.6955395910645644,crypto
15488,2018-05-03,0.023979,0.023979,73.45,17294246.0,1187387.0,87213575.15,PAYPAL HOLDINGS INC,PYPL,024616,2018-03-31,42322.0,27681.0,14641.0,3685.0,511.0,89754.21,75.87,600954011.0,23667.18457259159,5956.804531794277,170672.3584148728,87226615.15,23670.723242876527,0.42064800422567555,0.8482456485157829,0.42095147166980484,0.1316765641221643,0.4553804221333569,crypto
92213,2018-05-04,-0.010471,-0.010471,7.56,672271.0,13417.0,101432.51999999999,RIOT PLATFORMS INC,RIOT,148170,2018-03-31,49.584,6.349,37.722,0.925,-16.35,88.2314,6.62,126612643.0,109656.77837837837,2688.948624145061,-6203.823853211008,101401.147,109622.86162162162,-0.4089106495167438,-0.010519876417290682,-0.40875298184713044,0.09866841523920468,-0.18237877313549006,crypto
17354,2018-05-04,-0.094203,-0.094203,5.0,56860.0,14783.0,73915.0,BIT DIGITAL INC,BTBT,032878,2018-03-31,,,,,,,4.5,484990.0,,,,,,,,,,,crypto
15488,2018-05-04,0.007352,0.007352,73.99,7649546.0,1187387.0,87854764.13,PAYPAL HOLDINGS INC,PYPL,024616,2018-03-31,42322.0,27681.0,14641.0,3685.0,511.0,89754.21,75.87,600954011.0,23841.18429579376,6000.598601871457,171927.131369863,87867804.13,23844.722966078698,0.461973725101286,0.8793529099871784,0.4622687463001421,0.16647600263547346,0.49251784600602,crypto
15826,2018-05-04,-0.002235,-0.002235,49.1,10442063.0,289167.0,14198099.700000001,BLOCK INC,XYZ,026367,2018-03-31,2379.612,1569.632,809.98,668.603,-23.986,19698.8928,49.2,972125352.0,21235.47112412,17528.950961752143,-591932.7816226132,14198859.352,21236.607302091077,0.9159182295793219,1.0306324960022593,0.915905236033873,-0.09426853288399618,0.6920468571828644,crypto
15826,2018-05-07,0.041141,0.041141,51.12,13758940.0,289167.0,14782217.04,BLOCK INC,XYZ,026367,2018-03-31,2379.612,1569.632,809.98,668.603,-23.986,19698.8928,49.2,972125352.0,22109.109651018618,18250.101286451514,-616285.2097056616,14782976.691999998,22110.245828989697,1.0068430359432823,1.1269249953280247,1.0068240834739282,-0.11584750633980963,0.7561861521013564,crypto
92213,2018-05-07,0.002646,0.002646,7.58,429101.0,13417.0,101700.86,RIOT PLATFORMS INC,RIOT,148170,2018-03-31,49.584,6.349,37.722,0.925,-16.35,88.2314,6.62,126612643.0,109946.87567567568,2696.0622448438576,-6220.236085626911,101669.48700000001,109912.95891891893,-0.4087472199280274,-0.00882249432596222,-0.40858954983663803,0.09741474358340514,-0.18218613012680562,crypto
15488,2018-05-07,0.00919,0.00919,74.67,7571949.0,1187387.0,88662187.29,PAYPAL HOLDINGS INC,PYPL,024616,2018-03-31,42322.0,27681.0,14641.0,3685.0,511.0,89754.21,75.87,600954011.0,24060.295058344644,6055.746690116795,173507.21583170255,88675227.29,24063.833728629583,0.5140135217594629,0.918525017025233,0.5142979069457528,0.2102975178003829,0.5392834908827079,crypto
17354,2018-05-07,0.06,0.06,5.3,25898.0,14783.0,78349.9,BIT DIGITAL INC,BTBT,032878,2018-03-31,,,,,,,4.5,484990.0,,,,,,,,,,,crypto
15488,2018-05-08,0.014062,0.014062,75.72,6251906.0,1187387.0,89908943.64,PAYPAL HOLDINGS INC,PYPL,024616,2018-03-31,42322.0,27681.0,14641.0,3685.0,511.0,89754.21,75.87,600954011.0,24398.627853459973,6140.90182637798,175947.0521330724,89921983.64,24402.166523744912,0.5943690901287049,0.97901135877517,0.594637052060297,0.27796309268737435,0.6114951484128865,crypto
92213,2018-05-08,-0.023747,-0.023747,7.4,280904.0,13417.0,99285.8,RIOT PLATFORMS INC,RIOT,148170,2018-03-31,49.584,6.349,37.722,0.925,-16.35,88.2314,6.62,126612643.0,107336.0,2632.0396585546896,-6072.525993883792,99254.42700000001,107302.08324324325,-0.4102180862264744,-0.024098933147917834,-0.41006043793106967,0.10869778848560062,-0.1839199172049653,crypto
15826,2018-05-08,0.043036,0.043036,53.32,18013422.0,289167.0,15418384.44,BLOCK INC,XYZ,026367,2018-03-31,2379.612,1569.632,809.98,668.603,-23.986,19698.8928,49.2,972125352.0,23060.59715556167,19035.51253117361,-642807.656132744,15419144.091999998,23061.733333532753,1.1058700527753187,1.2317980143956908,1.1058446103888402,-0.1393493586184183,0.8260408297353579,crypto
17354,2018-05-08,0.018868,0.018868,5.4,13802.0,14783.0,79828.20000000001,BIT DIGITAL INC,BTBT,032878,2018-03-31,,,,,,,4.5,484990.0,,,,,,,,,,,crypto
15826,2018-05-09,0.017629,0.017629,54.26,12653548.0,289167.0,15690201.42,BLOCK INC,XYZ,026367,2018-03-31,2379.612,1569.632,809.98,668.603,-23.986,19698.8928,49.2,972125352.0,23467.141816593707,19371.097335736686,-654139.9741515884,15690961.071999999,23468.277994564785,1.1481815963308255,1.2766073952700574,1.1481533809797573,-0.14939105913746023,0.855887828360795,crypto
92213,2018-05-09,0.005405,0.005405,7.44,369893.0,13475.0,100254.0,RIOT PLATFORMS INC,RIOT,148170,2018-03-31,49.584,6.349,37.722,0.925,-16.35,88.2314,6.62,126612643.0,108382.70270270269,2657.7063782408145,-6131.743119266054,100222.62700000001,108348.78594594594,-0.409628414437717,-0.017974593352046295,-0.40947075740427996,0.10417440435671538,-0.183224840209332,crypto
17354,2018-05-09,0.035,0.035,5.589,7655.0,14783.0,82622.187,BIT DIGITAL INC,BTBT,032878,2018-03-31,,,,,,,4.5,484990.0,,,,,,,,,,,crypto
15488,2018-05-09,0.017037,0.017037,77.01,6220203.0,1187387.0,91440672.87,PAYPAL HOLDINGS INC,PYPL,024616,2018-03-31,42322.0,27681.0,14641.0,3685.0,511.0,89754.21,75.87,600954011.0,24814.293858887384,6245.5209937845775,178944.56530332682,91453712.87,24817.832529172323,0.6930916455537749,1.0533231500679494,0.6933394303438812,0.36109508469139306,0.7002123276642496,crypto
15826,2018-05-10,0.007188,0.007188,54.65,10628753.0,289167.0,15802976.549999999,BLOCK INC,XYZ,026367,2018-03-31,2379.612,1569.632,809.98,668.603,-23.986,19698.8928,49.2,972125352.0,23635.814601489972,19510.329329119235,-658841.6805636621,15803736.201999998,23636.950779461054,1.1657363856783225,1.2951985213775068,1.1657070198419461,-0.15355729658684994,0.8682711575777313,crypto
17354,2018-05-10,-0.076758,-0.076758,5.16,23628.0,14783.0,76280.28,BIT DIGITAL INC,BTBT,032878,2018-03-31,,,,,,,4.5,484990.0,,,,,,,,,,,crypto
92213,2018-05-10,-0.028226,-0.028226,7.23,430519.0,13475.0,97424.25,RIOT PLATFORMS INC,RIOT,148170,2018-03-31,49.584,6.349,37.722,0.925,-16.35,88.2314,6.62,126612643.0,105323.5135135135,2582.690472403372,-5958.669724770642,97392.87700000001,105289.59675675676,-0.41135184321713875,-0.03587414978394823,-0.4111942117222753,0.11739486112051739,-0.18525633590071122,crypto
15488,2018-05-10,0.028308,0.028308,79.19,11529022.0,1187387.0,94029176.53,PAYPAL HOLDINGS INC,PYPL,024616,2018-03-31,42322.0,27681.0,14641.0,3685.0,511.0,89754.21,75.87,600954011.0,25516.737185888738,6422.3192766887505,184010.1301956947,94042216.53,25520.275856173677,0.8599251113108686,1.1789043167487705,0.8601387982959834,0.5015817068377184,0.8501374832983353,crypto
15826,2018-05-11,0.001464,0.001464,54.73,7470522.0,289167.0,15826109.909999998,BLOCK INC,XYZ,026367,2018-03-31,2379.612,1569.632,809.98,668.603,-23.986,19698.8928,49.2,972125352.0,23670.414147109717,19538.88973801822,-659806.1331610105,15826869.561999997,23671.5503250808,1.1693373681085781,1.2990120857072402,1.1693077662752154,-0.1544119093969811,0.8708113276735132,crypto
92213,2018-05-11,0.020747,0.020747,7.38,544523.0,13475.0,99445.5,RIOT PLATFORMS INC,RIOT,148170,2018-03-31,49.584,6.349,37.722,0.925,-16.35,88.2314,6.62,126612643.0,107508.64864864864,2636.2732622872595,-6082.293577981651,99414.12700000001,107474.73189189189,-0.41012082266040895,-0.023088752332589703,-0.4099631729237072,0.10795167771780166,-0.18380526754972606,crypto
17354,2018-05-11,0.087016,0.087016,5.609,19651.0,14783.0,82917.847,BIT DIGITAL INC,BTBT,032878,2018-03-31,,,,,,,4.5,484990.0,,,,,,,,,,,crypto
15488,2018-05-11,0.000126,0.000126,79.2,9860240.0,1187387.0,94041050.4,PAYPAL HOLDINGS INC,PYPL,024616,2018-03-31,42322.0,27681.0,14641.0,3685.0,511.0,89754.21,75.87,600954011.0,25519.959402985078,6423.130277986476,184033.36673189825,94054090.4,25523.498073270017,0.8606904024381954,1.179480377146389,0.8609039330113607,0.5022261408842614,0.8508252133700517,crypto
15488,2018-05-14,-0.004924,-0.004924,78.81,5810882.0,1187387.0,93577969.47,PAYPAL HOLDINGS INC,PYPL,024616,2018-03-31,42322.0,27681.0,14641.0,3685.0,511.0,89754.21,75.87,600954011.0,25394.29293622795,6391.501227375179,183127.14181996085,93591009.47,25397.83160651289,0.8308440484724757,1.1570140216392695,0.8310636791116717,0.4770932130690924,0.8240037405731273,crypto
15826,2018-05-14,-0.008222,-0.008222,54.28,10681870.0,289167.0,15695984.76,BLOCK INC,XYZ,026367,2018-03-31,2379.612,1569.632,809.98,668.603,-23.986,19698.8928,49.2,972125352.0,23475.791702998642,19378.23743796143,-654381.0873009255,15696744.411999999,23476.927880969724,1.1490818419383892,1.2775607863524905,1.1490535675880749,-0.14960471233999303,0.8565228708847404,crypto
92213,2018-05-14,0.033875,0.033875,7.63,374853.0,13475.0,102814.25,RIOT PLATFORMS INC,RIOT,148170,2018-03-31,49.584,6.349,37.722,0.925,-16.35,88.2314,6.62,126612643.0,111150.54054054053,2725.577912093738,-6288.333333333333,102782.87700000001,111116.62378378378,-0.4080691217325259,-0.0017797565803256126,-0.4079114415927604,0.09221303871327541,-0.18138682029808412,crypto
17354,2018-05-14,-0.010519,-0.010519,5.55,8093.0,14783.0,82045.65,BIT DIGITAL INC,BTBT,032878,2018-03-31,,,,,,,4.5,484990.0,,,,,,,,,,,crypto
15488,2018-05-15,-0.012943,-0.012943,77.79,6168918.0,1187387.0,92366834.73,PAYPAL HOLDINGS INC,PYPL,024616,2018-03-31,42322.0,27681.0,14641.0,3685.0,511.0,89754.21,75.87,600954011.0,25065.62679240163,6308.779095007172,180757.01512720156,92379874.73,25069.165462686567,0.7527843534852118,1.0982558610821884,0.7530199381432569,0.4113609403217295,0.7538552732580966,crypto
92213,2018-05-15,0.026212,0.026212,7.83,297355.0,13475.0,105509.25,RIOT PLATFORMS INC,RIOT,148170,2018-03-31,49.584,6.349,37.722,0.925,-16.35,88.2314,6.62,126612643.0,114064.05405405405,2797.0216319389215,-6453.165137614678,105477.87700000001,114030.1372972973,-0.40642776099021954,0.015267440021485747,-0.4062700565280029,0.07962212750965444,-0.17945206249677056,crypto
15826,2018-05-15,0.006817,0.006817,54.65,7653631.0,289167.0,15802976.549999999,BLOCK INC,XYZ,026367,2018-03-31,2379.612,1569.632,809.98,668.603,-23.986,19698.8928,49.2,972125352.0,23635.814601489972,19510.329329119235,-658841.6805636621,15803736.201999998,23636.950779461054,1.1657363856783225,1.2951985213775068,1.1657070198419461,-0.15355729658684994,0.8682711575777313,crypto
17354,2018-05-15,0.0,0.0,5.55,4186.0,14783.0,82045.65,BIT DIGITAL INC,BTBT,032878,2018-03-31,,,,,,,4.5,484990.0,,,,,,,,,,,crypto
17354,2018-05-16,0.049676,0.049676,5.8257,17324.0,14783.0,86121.32310000001,BIT DIGITAL INC,BTBT,032878,2018-03-31,,,,,,,4.5,484990.0,,,,,,,,,,,crypto
15826,2018-05-16,0.035499,0.035499,56.59,10878774.0,289167.0,16363960.530000001,BLOCK INC,XYZ,026367,2018-03-31,2379.612,1569.632,809.98,668.603,-23.986,19698.8928,49.2,972125352.0,24474.85358276885,20202.919244919627,-682229.6560493622,16364720.182,24475.989760739933,1.2530602096120278,1.3876774563735397,1.2530251208487324,-0.17428165723253225,0.9298702824004419,crypto
92213,2018-05-16,0.085568,0.085568,8.5,998288.0,13475.0,114537.5,RIOT PLATFORMS INC,RIOT,148170,2018-03-31,49.584,6.349,37.722,0.925,-16.35,88.2314,6.62,126612643.0,123824.32432432432,3036.358093420285,-7005.351681957186,114506.12700000001,123790.40756756757,-0.4009292025034931,0.07237554863755369,-0.40077141656106535,0.03744257497752417,-0.17297062386237017,crypto
15488,2018-05-16,0.000386,0.000386,77.82,5337606.0,1187387.0,92402456.33999999,PAYPAL HOLDINGS INC,PYPL,024616,2018-03-31,42322.0,27681.0,14641.0,3685.0,511.0,89754.21,75.87,600954011.0,25075.293443690636,6311.212098900348,180826.7247358121,92415496.33999999,25078.832113975575,0.7550802268671897,1.099984042275043,0.7553153422893863,0.4132942424613572,0.7559184634732441,crypto
17354,2018-05-17,0.029181,0.029181,5.9957,30931.0,14783.0,88634.43310000001,BIT DIGITAL INC,BTBT,032878,2018-03-31,,,,,,,4.5,484990.0,,,,,,,,,,,crypto
15826,2018-05-17,-0.031278,-0.031278,54.82,14528418.0,289167.0,15852134.94,BLOCK INC,XYZ,026367,2018-03-31,2379.612,1569.632,809.98,668.603,-23.986,19698.8928,49.2,972125352.0,23709.338635931937,19571.02019802958,-660891.1423330276,15852894.591999998,23710.474813903016,1.1733884733426165,1.30330234557819,1.1733586060126437,-0.1553733488083788,0.8736690190312679,crypto
92213,2018-05-17,0.118824,0.118824,9.51,1868006.0,13475.0,128147.25,RIOT PLATFORMS INC,RIOT,148170,2018-03-31,49.584,6.349,37.722,0.925,-16.35,88.2314,6.62,126612643.0,138537.56756756757,3397.1488786384602,-7837.752293577981,128115.87700000001,138503.65081081082,-0.3926403307548457,0.15846389147670095,-0.39248242198404004,-0.02614152660076174,-0.16320009696573665,crypto
15488,2018-05-17,0.017605,0.017605,79.19,8325780.0,1187387.0,94029176.53,PAYPAL HOLDINGS INC,PYPL,024616,2018-03-31,42322.0,27681.0,14641.0,3685.0,511.0,89754.21,75.87,600954011.0,25516.737185888738,6422.3192766887505,184010.1301956947,94042216.53,25520.275856173677,0.8599251113108686,1.1789043167487705,0.8601387982959834,0.5015817068377184,0.8501374832983353,crypto
17354,2018-05-18,0.034074,0.034074,6.2,39173.0,14783.0,91654.6,BIT DIGITAL INC,BTBT,032878,2018-03-31,,,,,,,4.5,484990.0,,,,,,,,,,,crypto
15826,2018-05-18,0.004013,0.004013,55.04,10012165.0,289167.0,15915751.68,BLOCK INC,XYZ,026367,2018-03-31,2379.612,1569.632,809.98,668.603,-23.986,19698.8928,49.2,972125352.0,23804.48738638624,19649.561322501788,-663543.3869757358,15916511.331999999,23805.623564357324,1.18329117502582,1.3137896474849566,1.1832606587041352,-0.15772353403623965,0.8806544867946681,crypto
92213,2018-05-18,-0.053628,-0.053628,9.0,1467053.0,13475.0,121275.0,RIOT PLATFORMS INC,RIOT,148170,2018-03-31,49.584,6.349,37.722,0.925,-16.35,88.2314,6.62,126612643.0,131108.1081081081,3214.9673930332433,-7417.43119266055,121243.62700000001,131074.19135135136,-0.39682580064772704,0.11499354014208209,-0.39666795389917164,0.005965296968471745,-0.16813372935908621,crypto
15488,2018-05-18,0.020205,0.020205,80.79,14589985.0,1187387.0,95928995.73,PAYPAL HOLDINGS INC,PYPL,024616,2018-03-31,42322.0,27681.0,14641.0,3685.0,511.0,89754.21,75.87,600954011.0,26032.291921302578,6552.079484324841,187727.97598825832,95942035.73,26035.830591587517,0.9823716916830478,1.2710739803677222,0.9825603527562422,0.6046911542845629,0.9601742947728937,crypto
15488,2018-05-21,0.005694,0.005694,81.25,7876270.0,1187387.0,96475193.75,PAYPAL HOLDINGS INC,PYPL,024616,2018-03-31,42322.0,27681.0,14641.0,3685.0,511.0,89754.21,75.87,600954011.0,26180.513907734057,6589.385544020217,188796.85665362034,96488233.75,26184.052578018996,1.0175750835400494,1.2975727586581705,1.0177565496635668,0.6343351204255304,0.9918098780718293,crypto
15826,2018-05-21,0.024528,0.024528,56.39,8228795.0,289167.0,16306127.13,BLOCK INC,XYZ,026367,2018-03-31,2379.612,1569.632,809.98,668.603,-23.986,19698.8928,49.2,972125352.0,24388.35471871948,20131.518222672166,-679818.524555991,16306886.782,24389.490896690564,1.244057753536388,1.3781435455492068,1.2440232547655585,-0.1721451252072042,0.9235198571609873,crypto
92213,2018-05-21,-0.08,-0.08,8.28,806542.0,13475.0,111572.99999999999,RIOT PLATFORMS INC,RIOT,148170,2018-03-31,49.584,6.349,37.722,0.925,-16.35,88.2314,6.62,126612643.0,120619.45945945944,2957.7700015905834,-6824.036697247705,111541.627,120585.54270270269,-0.40273469932003014,0.0536236323755612,-0.40257694013229856,0.05129257730150731,-0.17509885744381506,crypto
17354,2018-05-21,0.022581,0.022581,6.34,5118.0,14783.0,93724.22,BIT DIGITAL INC,BTBT,032878,2018-03-31,,,,,,,4.5,484990.0,,,,,,,,,,,crypto
15488,2018-05-22,-0.007754,-0.007754,80.62,5184760.0,1187387.0,95727139.94000001,PAYPAL HOLDINGS INC,PYPL,024616,2018-03-31,42322.0,27681.0,14641.0,3685.0,511.0,89754.21,75.87,600954011.0,25977.51423066486,6538.292462263507,187332.95487279847,95740179.94000001,25981.0529009498,0.9693617425185043,1.261280953608209,0.9695530625948402,0.5937357754933366,0.9484828835537225,crypto
92213,2018-05-22,-0.051932,-0.051932,7.85,617131.0,13475.0,105778.75,RIOT PLATFORMS INC,RIOT,148170,2018-03-31,49.584,6.349,37.722,0.925,-16.35,88.2314,6.62,126612643.0,114355.4054054054,2804.16600392344,-6469.648318042813,105747.37700000001,114321.48864864865,-0.4062636249159889,0.016972159681666883,-0.4061059180215272,0.07836303638929233,-0.17925858671663922,crypto
15826,2018-05-22,-0.031211,-0.031211,54.63,9693795.0,289167.0,15797193.21,BLOCK INC,XYZ,026367,2018-03-31,2379.612,1569.632,809.98,668.603,-23.986,19698.8928,49.2,972125352.0,23627.16471508504,19503.18922689449,-658600.5674143251,15797952.862,23628.30089305612,1.164836140070759,1.2942451302950737,1.164806833233629,-0.15334364338431722,0.8676361150537861,crypto
17354,2018-05-22,-0.022082,-0.022082,6.2,5699.0,14783.0,91654.6,BIT DIGITAL INC,BTBT,032878,2018-03-31,,,,,,,4.5,484990.0,,,,,,,,,,,crypto
15826,2018-05-23,0.00842,0.00842,55.09,9545810.0,289167.0,15930210.030000001,BLOCK INC,XYZ,026367,2018-03-31,2379.612,1569.632,809.98,668.603,-23.986,19698.8928,49.2,972125352.0,23826.112102398587,19667.411578063657,-664146.1698490786,15930969.682,23827.24828036967,1.1855417890447302,1.3161731251910405,1.1855111252249289,-0.15825766704257174,0.8822420931045319,crypto
92213,2018-05-23,0.005096,0.005096,7.89,634430.0,13475.0,106317.75,RIOT PLATFORMS INC,RIOT,148170,2018-03-31,49.584,6.349,37.722,0.925,-16.35,88.2314,6.62,126612643.0,114938.1081081081,2818.4547478924765,-6502.614678899082,106286.37700000001,114904.19135135136,-0.40593535276752757,0.020381599002029155,-0.40577764100857566,0.07584485414856817,-0.1788716351563765,crypto
15488,2018-05-23,0.005706,0.005706,81.08,5059108.0,1187387.0,96273337.96,PAYPAL HOLDINGS INC,PYPL,024616,2018-03-31,42322.0,27681.0,14641.0,3685.0,511.0,89754.21,75.87,600954011.0,26125.736217096335,6575.598521958882,188401.83553816046,96286377.96,26129.274887381274,1.004565134375505,1.2877797318986566,1.0047492595021639,0.6233797416343033,0.9801184668526572,crypto
17354,2018-05-23,0.109677,0.109677,6.88,53379.0,14783.0,101707.04,BIT DIGITAL INC,BTBT,032878,2018-03-31,,,,,,,4.5,484990.0,,,,,,,,,,,crypto
15826,2018-05-24,0.00835,0.00835,55.55,7574112.0,289167.0,16063226.85,BLOCK INC,XYZ,026367,2018-03-31,2379.612,1569.632,809.98,668.603,-23.986,19698.8928,49.2,972125352.0,24025.059489712134,19831.63392923282,-669691.7722838322,16063986.501999998,24026.195667683212,1.2062474380187014,1.3381011200870068,1.2062154172162283,-0.16317169070082624,0.8968480711552775,crypto
15488,2018-05-24,0.005797,0.005797,81.55,11685492.0,1187387.0,96831409.85,PAYPAL HOLDINGS INC,PYPL,024616,2018-03-31,42322.0,27681.0,14641.0,3685.0,511.0,89754.21,75.87,600954011.0,26277.18042062415,6613.715582951983,189493.95273972602,96844449.85,26280.71909090909,1.0405338173598326,1.3148545705867234,1.0407105911248649,0.653668141821814,1.0124417802233088,crypto
92213,2018-05-24,-0.012674,-0.012674,7.79,327567.0,13475.0,104970.25,RIOT PLATFORMS INC,RIOT,148170,2018-03-31,49.584,6.349,37.722,0.925,-16.35,88.2314,6.62,126612643.0,113481.35135135135,2782.732887969885,-6420.19877675841,104938.87700000001,113447.4345945946,-0.4067560331386808,0.011858000701123476,-0.40659833354095437,0.08214030975037862,-0.1798390140570333,crypto
17354,2018-05-24,-0.045058,-0.045058,6.57,45326.0,14783.0,97124.31,BIT DIGITAL INC,BTBT,032878,2018-03-31,,,,,,,4.5,484990.0,,,,,,,,,,,crypto
92213,2018-05-25,-0.025674,-0.025674,7.59,224440.0,13475.0,102275.25,RIOT PLATFORMS INC,RIOT,148170,2018-03-31,49.584,6.349,37.722,0.925,-16.35,88.2314,6.62,126612643.0,110567.83783783783,2711.2891681247015,-6255.366972477063,102243.87700000001,110533.92108108109,-0.4083973938809872,-0.005189195900687884,-0.40823971860571184,0.09473122095399963,-0.18177377185834684,crypto
15488,2018-05-25,-0.007235,-0.007235,80.96,9458812.0,1187387.0,96130851.52,PAYPAL HOLDINGS INC,PYPL,024616,2018-03-31,42322.0,27681.0,14641.0,3685.0,511.0,89754.21,75.87,600954011.0,26087.069611940296,6565.866506386175,188122.9971037182,96143891.52,26090.608282225236,0.9953816408475914,1.2808670071272352,0.9955676429176442,0.6156465330757901,0.9718657059920652,crypto
17354,2018-05-25,0.022831,0.022831,6.72,14316.0,14783.0,99341.76,BIT DIGITAL INC,BTBT,032878,2018-03-31,,,,,,,4.5,484990.0,,,,,,,,,,,crypto
15826,2018-05-25,0.00396,0.00396,55.77,5509684.0,289167.0,16126843.590000002,BLOCK INC,XYZ,026367,2018-03-31,2379.612,1569.632,809.98,668.603,-23.986,19698.8928,49.2,972125352.0,24120.20824016644,19910.175053705032,-672344.0169265405,16127603.242,24121.344418137523,1.2161501397019052,1.3485884219937738,1.21611746990772,-0.1655218759286872,0.9038335389186779,crypto
92213,2018-05-29,-0.067194,-0.067194,7.08,516295.0,13475.0,95403.0,RIOT PLATFORMS INC,RIOT,148170,2018-03-31,49.584,6.349,37.722,0.925,-16.35,88.2314,6.62,126612643.0,103138.37837837837,2529.1076825194846,-5835.045871559632,95371.62700000001,103104.46162162162,-0.41258286377386855,-0.048659547235306744,-0.41242525052084344,0.12683804452323313,-0.1867074042516964,crypto
15826,2018-05-29,0.02062,0.02062,56.92,10247300.0,289167.0,16459385.64,BLOCK INC,XYZ,026367,2018-03-31,2379.612,1569.632,809.98,668.603,-23.986,19698.8928,49.2,972125352.0,24617.57670845031,20320.730931627942,-686208.0230134245,16460145.292,24618.71288642139,1.2679142621368333,1.4034084092336898,1.267878199885969,-0.17780693507432352,0.9403484840455422,crypto
15488,2018-05-29,-0.002841,-0.002841,80.73,7043994.0,1187387.0,95857752.51,PAYPAL HOLDINGS INC,PYPL,024616,2018-03-31,42322.0,27681.0,14641.0,3685.0,511.0,89754.21,75.87,600954011.0,26012.958618724562,6547.213476538488,187588.5567710372,95870792.51,26016.497289009498,0.9777799449190919,1.2676176179820116,0.9779695444639824,0.6008245500053067,0.9560479143425982,crypto
17354,2018-05-29,0.001488,0.001488,6.73,4540.0,14783.0,99489.59000000001,BIT DIGITAL INC,BTBT,032878,2018-03-31,,,,,,,4.5,484990.0,,,,,,,,,,,crypto
17354,2018-05-30,-0.049183,-0.049183,6.399,5250.0,14783.0,94596.417,BIT DIGITAL INC,BTBT,032878,2018-03-31,,,,,,,4.5,484990.0,,,,,,,,,,,crypto
92213,2018-05-30,-0.015537,-0.015537,6.97,409458.0,13475.0,93920.75,RIOT PLATFORMS INC,RIOT,148170,2018-03-31,49.584,6.349,37.722,0.925,-16.35,88.2314,6.62,126612643.0,101535.94594594595,2489.8136366046338,-5744.388379204893,93889.37700000001,101502.0291891892,-0.4134856121821371,-0.05803550536630299,-0.41332801230646005,0.13376304568522462,-0.18777152104241887,crypto
15488,2018-05-30,0.010777,0.010777,81.6,5512873.0,1187387.0,96890779.19999999,PAYPAL HOLDINGS INC,PYPL,024616,2018-03-31,42322.0,27681.0,14641.0,3685.0,511.0,89754.21,75.87,600954011.0,26293.29150610583,6617.770589440611,189610.1354207436,96903819.19999999,26296.83017639077,1.0443602729964625,1.3177348725748153,1.0445362647017473,0.6568903120545271,1.015880430581888,crypto
15826,2018-05-30,0.017393,0.017393,57.91,9456970.0,289167.0,16745660.969999999,BLOCK INC,XYZ,026367,2018-03-31,2379.612,1569.632,809.98,668.603,-23.986,19698.8928,49.2,972125352.0,25045.74608549468,20674.16599175288,-698143.1239056116,16746420.621999998,25046.882263465763,1.3124764197112493,1.4506012678141391,1.3124374369976792,-0.1883827685996974,0.9717830889808425,crypto
17354,2018-05-31,0.017347,0.017347,6.51,9404.0,14783.0,96237.33,BIT DIGITAL INC,BTBT,032878,2018-03-31,,,,,,,4.5,484990.0,,,,,,,,,,,crypto
15488,2018-05-31,0.00576,0.00576,82.07,8245936.0,1187387.0,97448851.08999999,PAYPAL HOLDINGS INC,PYPL,024616,2018-03-31,42322.0,27681.0,14641.0,3685.0,511.0,89754.21,75.87,600954011.0,26444.735709633645,6655.887650433713,190702.25262230917,97461891.08999999,26448.274379918585,1.0803289559807903,1.344809711262883,1.0804975963244483,0.6871787122420377,1.0482037439525398,crypto
15826,2018-05-31,0.005871,0.005871,58.25,7980874.0,289951.0,16889645.75,BLOCK INC,XYZ,026367,2018-03-31,2379.612,1569.632,809.98,668.603,-23.986,19698.8928,49.2,972125352.0,25261.097766537096,20851.929368626385,-704145.9914116567,16890405.402,25262.233944508174,1.3348893620163993,1.4743373451082502,1.3348489104295584,-0.19370198022532922,0.9875934093322197,crypto
92213,2018-05-31,0.001435,0.001435,6.98,238074.0,13475.0,94055.5,RIOT PLATFORMS INC,RIOT,148170,2018-03-31,49.584,6.349,37.722,0.925,-16.35,88.2314,6.62,126612643.0,101681.62162162161,2493.385822596893,-5752.62996941896,94024.12700000001,101647.70486486486,-0.41340354414502173,-0.057183145536212426,-0.4132459430532222,0.13313350012504357,-0.1876747831523532,crypto
17354,2018-06-01,-0.007681,-0.007681,6.46,17124.0,14783.0,95498.18,BIT DIGITAL INC,BTBT,032878,2018-03-31,,,,,,,4.5,484990.0,,,,,,,,,,,crypto
15826,2018-06-01,0.019914,0.019914,59.41,10479585.0,289951.0,17225988.91,BLOCK INC,XYZ,026367,2018-03-31,2379.612,1569.632,809.98,668.603,-23.986,19698.8928,49.2,972125352.0,25764.151387295602,21267.17809081706,-718168.4695238889,17226748.562,25765.287565266684,1.3872451724000503,1.529783950250166,1.3872012895791765,-0.20612746329981632,1.0245257372323942,crypto
15488,2018-06-01,0.014378,0.014378,83.25,7089379.0,1187387.0,98849967.75,PAYPAL HOLDINGS INC,PYPL,024616,2018-03-31,42322.0,27681.0,14641.0,3685.0,511.0,89754.21,75.87,600954011.0,26824.957327001357,6751.58580356533,193444.16389432485,98863007.75,26828.495997286296,1.1706333090052736,1.4127848381818597,1.1707834927388903,0.7632219297340863,1.1293558924150275,crypto
92213,2018-06-01,0.058739,0.058739,7.39,1010591.0,13475.0,99580.25,RIOT PLATFORMS INC,RIOT,148170,2018-03-31,49.584,6.349,37.722,0.925,-16.35,88.2314,6.62,126612643.0,107654.32432432432,2639.8454482795187,-6090.535168195718,99548.87700000001,107620.40756756757,-0.41003875462329364,-0.022236392502499137,-0.40988110367046937,0.1073221321576206,-0.1837085296596604,crypto
92213,2018-06-04,0.046008,0.046008,7.73,689028.0,13475.0,104161.75,RIOT PLATFORMS INC,RIOT,148170,2018-03-31,49.584,6.349,37.722,0.925,-16.35,88.2314,6.62,126612643.0,112607.2972972973,2761.29977201633,-6370.749235474005,104130.37700000001,112573.38054054054,-0.4072484413613727,0.006743841720580067,-0.4070907490603816,0.08591758311146497,-0.18041944139742733,crypto
15488,2018-06-04,0.015856,0.015856,84.57,7417758.0,1187387.0,100417318.58999999,PAYPAL HOLDINGS INC,PYPL,024616,2018-03-31,42322.0,27681.0,14641.0,3685.0,511.0,89754.21,75.87,600954011.0,27250.289983717772,6858.637974865104,196511.38667318982,100430358.58999999,27253.82865400271,1.2716517378123207,1.4888248106674944,1.271781275168603,0.8482872238777327,1.2201362618815377,crypto
17354,2018-06-04,-0.048003,-0.048003,6.1499,26933.0,14783.0,90913.9717,BIT DIGITAL INC,BTBT,032878,2018-03-31,,,,,,,4.5,484990.0,,,,,,,,,,,crypto
15826,2018-06-04,0.03013,0.03013,61.2,10717891.0,289951.0,17745001.2,BLOCK INC,XYZ,026367,2018-03-31,2379.612,1569.632,809.98,668.603,-23.986,19698.8928,49.2,972125352.0,26540.41516415571,21907.949825921627,-739806.6038522471,17745760.851999998,26541.551342126793,1.4680356039403395,1.6153437978398457,1.467986426370397,-0.22530126907855072,1.081516139768008,crypto
15488,2018-06-05,0.005676,0.005676,85.05,9030956.0,1187387.0,100987264.35,PAYPAL HOLDINGS INC,PYPL,024616,2018-03-31,42322.0,27681.0,14641.0,3685.0,511.0,89754.21,75.87,600954011.0,27404.956404341927,6897.566037155932,197626.74041095888,101000304.35,27408.495074626862,1.3083857119239752,1.5164757097531798,1.3085077415066806,0.8792200581117857,1.2531473053239053,crypto
15826,2018-06-05,0.006046,0.006046,61.57,8752797.0,289951.0,17852283.07,BLOCK INC,XYZ,026367,2018-03-31,2379.612,1569.632,809.98,668.603,-23.986,19698.8928,49.2,972125352.0,26700.871922501097,22040.399849379,-744279.2908363212,17853042.722,26702.00810047218,1.4847353020799525,1.6330293529282156,1.4846850300646717,-0.22926456971437853,1.0932962788396152,crypto
92213,2018-06-05,0.009056,0.009056,7.8,298294.0,13475.0,105105.0,RIOT PLATFORMS INC,RIOT,148170,2018-03-31,49.584,6.349,37.722,0.925,-16.35,88.2314,6.62,126612643.0,113627.02702702703,2786.305073962144,-6428.440366972476,105073.62700000001,113593.11027027028,-0.4066739651015655,0.012710360531214044,-0.40651626428771653,0.08151076419019762,-0.17974227616696759,crypto
17354,2018-06-05,-0.016244,-0.016244,6.05,8292.0,14783.0,89437.15,BIT DIGITAL INC,BTBT,032878,2018-03-31,,,,,,,4.5,484990.0,,,,,,,,,,,crypto
17354,2018-06-06,0.042975,0.042975,6.31,25719.0,14783.0,93280.73,BIT DIGITAL INC,BTBT,032878,2018-03-31,,,,,,,4.5,484990.0,,,,,,,,,,,crypto
92213,2018-06-06,-0.002564,-0.002564,7.78,325680.0,13475.0,104835.5,RIOT PLATFORMS INC,RIOT,148170,2018-03-31,49.584,6.349,37.722,0.925,-16.35,88.2314,6.62,126612643.0,113335.67567567567,2779.1607019776256,-6411.957186544342,104804.12700000001,113301.75891891892,-0.40683810117579616,0.011005640871032908,-0.40668040279419226,0.08276985531055968,-0.17993575194709896,crypto
15826,2018-06-06,0.018678,0.018678,62.72,8590945.0,289951.0,18185726.72,BLOCK INC,XYZ,026367,2018-03-31,2379.612,1569.632,809.98,668.603,-23.986,19698.8928,49.2,972125352.0,27199.588874115132,22452.068841205954,-758180.8855165512,18186486.371999998,27200.725052086214,1.5366397692706408,1.6879979700947692,1.5365860956009303,-0.24158293655546476,1.1299102246027188,crypto
15488,2018-06-06,0.001881,0.001881,85.21,7863010.0,1187387.0,101177246.27,PAYPAL HOLDINGS INC,PYPL,024616,2018-03-31,42322.0,27681.0,14641.0,3685.0,511.0,89754.21,75.87,600954011.0,27456.51187788331,6910.542057919541,197998.52499021526,101190286.27,27460.05054816825,1.3206303699611928,1.525692676115075,1.320749896952707,0.8895310028564706,1.2641509864713614,crypto
15826,2018-06-07,-0.032685,-0.032685,60.67,14474633.0,289951.0,17591327.17,BLOCK INC,XYZ,026367,2018-03-31,2379.612,1569.632,809.98,668.603,-23.986,19698.8928,49.2,972125352.0,26310.57169949881,21718.22411664486,-733399.7819561411,17592086.822,26311.707877469893,1.444114414713327,1.5900104351456952,1.4440668048623824,-0.219624108708311,1.0646418865032734,crypto
17354,2018-06-07,0.025198,0.025198,6.469,16428.0,14783.0,95631.227,BIT DIGITAL INC,BTBT,032878,2018-03-31,,,,,,,4.5,484990.0,,,,,,,,,,,crypto
15488,2018-06-07,-0.022767,-0.022767,83.27,7808605.0,1187387.0,98873715.49,PAYPAL HOLDINGS INC,PYPL,024616,2018-03-31,42322.0,27681.0,14641.0,3685.0,511.0,89754.21,75.87,600954011.0,26831.40176119403,6753.207806160781,193490.6369667319,98886755.49,26834.940431478968,1.1721638912599255,1.4139369589770963,1.1723137621696433,0.7645107978271717,1.1307313525584592,crypto
92213,2018-06-07,-0.01671,-0.01671,7.65,220498.0,13475.0,103083.75,RIOT PLATFORMS INC,RIOT,148170,2018-03-31,49.584,6.349,37.722,0.925,-16.35,88.2314,6.62,126612643.0,111441.8918918919,2732.7222840782565,-6304.816513761467,103052.37700000001,111407.97513513514,-0.40790498565829536,-7.503692014447655e-05,-0.40774730308628465,0.09095394759291336,-0.18119334451795277,crypto
17354,2018-06-08,0.018689,0.018689,6.5899,1355.0,14783.0,97418.4917,BIT DIGITAL INC,BTBT,032878,2018-03-31,,,,,,,4.5,484990.0,,,,,,,,,,,crypto
92213,2018-06-08,0.007843,0.007843,7.71,188527.0,13475.0,103892.25,RIOT PLATFORMS INC,RIOT,148170,2018-03-31,49.584,6.349,37.722,0.925,-16.35,88.2314,6.62,126612643.0,112315.94594594595,2754.1554000318115,-6354.266055045871,103860.87700000001,112282.0291891892,-0.4074125774356034,0.0050391220603989316,-0.4072548875668574,0.08717667423182701,-0.18061291717755873,crypto
15826,2018-06-08,0.018296,0.018296,61.78,8300920.0,289951.0,17913172.78,BLOCK INC,XYZ,026367,2018-03-31,2379.612,1569.632,809.98,668.603,-23.986,19698.8928,49.2,972125352.0,26791.941974534966,22115.574187016966,-746817.8429083632,17913932.432,26793.07815250605,1.4942135091321653,1.6430671004108037,1.494162615945206,-0.2315140106157943,1.0999823037180951,crypto
15488,2018-06-08,0.01285,0.01285,84.34,7422169.0,1187387.0,100144219.58,PAYPAL HOLDINGS INC,PYPL,024616,2018-03-31,42322.0,27681.0,14641.0,3685.0,511.0,89754.21,75.87,600954011.0,27176.178990502034,6839.984945017417,195976.94634050882,100157259.58,27179.717660786973,1.2540500418838203,1.4755754215222705,1.2541831767149414,0.8334652408072494,1.2043184702320704,crypto
15826,2018-06-11,-0.007931,-0.007931,61.29,6047975.0,289951.0,17771096.79,BLOCK INC,XYZ,026367,2018-03-31,2379.612,1569.632,809.98,668.603,-23.986,19698.8928,49.2,972125352.0,26579.445186455938,21940.16739919504,-740894.5547402651,17771856.441999998,26580.58136442702,1.472097692677002,1.6196456896180977,1.4720482488906257,-0.2262653151791575,1.084381579001642,crypto
92213,2018-06-11,-0.03502,-0.03502,7.44,336141.0,13475.0,100254.0,RIOT PLATFORMS INC,RIOT,148170,2018-03-31,49.584,6.349,37.722,0.925,-16.35,88.2314,6.62,126612643.0,108382.70270270269,2657.7063782408145,-6131.743119266054,100222.62700000001,108348.78594594594,-0.409628414437717,-0.017974593352046295,-0.40947075740427996,0.10417440435671538,-0.183224840209332,crypto
15488,2018-06-11,-0.005336,-0.005336,83.89,4855701.0,1187387.0,99609895.43,PAYPAL HOLDINGS INC,PYPL,024616,2018-03-31,42322.0,27681.0,14641.0,3685.0,511.0,89754.21,75.87,600954011.0,27031.179221166894,6803.489886619767,194931.3022113503,99622935.43,27034.717891451834,1.2196119411541455,1.449652703629441,1.2197521145229941,0.8044657087128241,1.1733706170048512,crypto
17354,2018-06-11,-0.016677,-0.016677,6.48,2510.0,14783.0,95793.84000000001,BIT DIGITAL INC,BTBT,032878,2018-03-31,,,,,,,4.5,484990.0,,,,,,,,,,,crypto
17354,2018-06-12,0.033951,0.033951,6.7,10282.0,14783.0,99046.1,BIT DIGITAL INC,BTBT,032878,2018-03-31,,,,,,,4.5,484990.0,,,,,,,,,,,crypto
92213,2018-06-12,-0.010753,-0.010753,7.36,245593.0,13475.0,99176.0,RIOT PLATFORMS INC,RIOT,148170,2018-03-31,49.584,6.349,37.722,0.925,-16.35,88.2314,6.62,126612643.0,107217.2972972973,2629.128890302741,-6065.810397553516,99144.62700000001,107183.38054054054,-0.4102849587346396,-0.02479347199277084,-0.410127311430183,0.10921076883816377,-0.1839987433298574,crypto
15488,2018-06-12,0.01347,0.01347,85.02,9214599.0,1187387.0,100951642.74,PAYPAL HOLDINGS INC,PYPL,024616,2018-03-31,42322.0,27681.0,14641.0,3685.0,511.0,89754.21,75.87,600954011.0,27395.289753052915,6895.133033262755,197557.03080234834,100964682.74,27398.828423337854,1.3060898385419963,1.5147475285603245,1.3062123373605512,0.877286755972158,1.2510841151087575,crypto
15826,2018-06-12,0.031327,0.031327,63.21,9585627.0,289951.0,18327802.71,BLOCK INC,XYZ,026367,2018-03-31,2379.612,1569.632,809.98,668.603,-23.986,19698.8928,49.2,972125352.0,27412.08566219416,22627.47562902788,-764104.1736846494,18328562.362,27413.221840165243,1.5587555857258042,1.7114193808874751,1.5587004626555105,-0.24683163199210167,1.145510949319172,crypto
15488,2018-06-13,0.00294,0.00294,85.27,7505852.0,1187387.0,101248489.49,PAYPAL HOLDINGS INC,PYPL,024616,2018-03-31,42322.0,27681.0,14641.0,3685.0,511.0,89754.21,75.87,600954011.0,27475.84518046133,6915.408065705894,198137.94420743638,101261529.49,27479.383850746268,1.3252221167251497,1.5291490385007855,1.3253407052449668,0.8933976071357268,1.2682773669016572,crypto
15826,2018-06-13,-0.011232,-0.011232,62.5,11262030.0,289951.0,18121937.5,BLOCK INC,XYZ,026367,2018-03-31,2379.612,1569.632,809.98,668.603,-23.986,19698.8928,49.2,972125352.0,27104.182152936795,22373.314773204274,-755521.4500125073,18122697.152,27105.318330907878,1.5267102190254658,1.6774822346368197,1.5266571961070374,-0.2392263794206483,1.1229058175871687,crypto
92213,2018-06-13,-0.013587,-0.013587,7.26,232983.0,13475.0,97828.5,RIOT PLATFORMS INC,RIOT,148170,2018-03-31,49.584,6.349,37.722,0.925,-16.35,88.2314,6.62,126612643.0,105760.54054054053,2593.4070303801495,-5983.394495412844,97797.12700000001,105726.62378378378,-0.4111056391057928,-0.03331707029367652,-0.41094800396256176,0.11550622443997421,-0.18496612223051423,crypto
17354,2018-06-13,-0.015075,-0.015075,6.599,35666.0,14783.0,97553.017,BIT DIGITAL INC,BTBT,032878,2018-03-31,,,,,,,4.5,484990.0,,,,,,,,,,,crypto
15488,2018-06-14,0.003987,0.003987,85.61,6639186.0,1187387.0,101652201.07,PAYPAL HOLDINGS INC,PYPL,024616,2018-03-31,42322.0,27681.0,14641.0,3685.0,511.0,89754.21,75.87,600954011.0,27585.40056173677,6942.982109828563,198927.98643835614,101665241.07,27588.93923202171,1.3512420150542377,1.5487350920198126,1.3513552855677717,0.9153083647181811,1.2916601893400008,crypto
92213,2018-06-14,0.038568,0.038568,7.54,285889.0,13475.0,101601.5,RIOT PLATFORMS INC,RIOT,148170,2018-03-31,49.584,6.349,37.722,0.925,-16.35,88.2314,6.62,126612643.0,109839.45945945945,2693.4282381634057,-6214.159021406727,101570.12700000001,109805.5427027027,-0.40880773406656384,-0.009450995051140724,-0.40865006487190125,0.09787894875490487,-0.18225746130867523,crypto
17354,2018-06-14,-0.007441,-0.007441,6.5499,19053.0,14783.0,96827.1717,BIT DIGITAL INC,BTBT,032878,2018-03-31,,,,,,,4.5,484990.0,,,,,,,,,,,crypto
15826,2018-06-14,0.02208,0.02208,63.88,11913140.0,289951.0,18522069.88,BLOCK INC,XYZ,026367,2018-03-31,2379.612,1569.632,809.98,668.603,-23.986,19698.8928,49.2,972125352.0,27702.64249487364,22867.317563396624,-772203.3636287834,18522829.531999998,27703.77867284472,1.588995579654292,1.7434445752366845,1.588938474750548,-0.2540084196299519,1.1668425525028931,crypto
15826,2018-06-15,0.009393,0.009393,64.48,7904386.0,289951.0,18696040.48,BLOCK INC,XYZ,026367,2018-03-31,2379.612,1569.632,809.98,668.603,-23.986,19698.8928,49.2,972125352.0,27962.842643541837,23082.101385219386,-779456.3695489035,18696800.132,27963.978821512916,1.616076171232043,1.772123853758365,1.6160172915520745,-0.26043539363399704,1.1859454807271215,crypto
92213,2018-06-15,-0.018568,-0.018568,7.4,248177.0,13475.0,99715.0,RIOT PLATFORMS INC,RIOT,148170,2018-03-31,49.584,6.349,37.722,0.925,-16.35,88.2314,6.62,126612643.0,107800.0,2643.417634271778,-6098.7767584097855,99683.62700000001,107766.08324324325,-0.4099566865861783,-0.021384032672408567,-0.4097990344172315,0.10669258659743953,-0.1836117917695947,crypto
17354,2018-06-15,0.129636,0.129636,7.399,56533.0,14783.0,109379.417,BIT DIGITAL INC,BTBT,032878,2018-03-31,,,,,,,4.5,484990.0,,,,,,,,,,,crypto
15488,2018-06-15,-0.003504,-0.003504,85.31,8705583.0,1187387.0,101295984.97,PAYPAL HOLDINGS INC,PYPL,024616,2018-03-31,42322.0,27681.0,14641.0,3685.0,511.0,89754.21,75.87,600954011.0,27488.734048846676,6918.652070896796,198230.89035225048,101309024.97,27492.272719131615,1.3282832812344545,1.5314532800912595,1.3284012441064736,0.8959753433218983,1.2710282871885215,crypto
15488,2018-06-18,0.00633,0.00633,85.85,5577059.0,1187387.0,101937173.94999999,PAYPAL HOLDINGS INC,PYPL,024616,2018-03-31,42322.0,27681.0,14641.0,3685.0,511.0,89754.21,75.87,600954011.0,27662.733772048843,6962.446140973976,199485.66330724067,101950213.94999999,27666.272442333782,1.369609002110064,1.5625605415626551,1.36971851873681,0.9307747818352076,1.3081657110611842,crypto
15826,2018-06-18,0.026675,0.026675,66.2,10488276.0,289951.0,19194756.2,BLOCK INC,XYZ,026367,2018-03-31,2379.612,1569.632,809.98,668.603,-23.986,19698.8928,49.2,972125352.0,28708.749736390655,23697.81500777797,-800248.3198532477,19195515.851999998,28709.885914361734,1.6937072004215945,1.8543377855205156,1.6936432330497835,-0.2788593857789261,1.2407072083032418,crypto
17354,2018-06-18,-0.024193,-0.024193,7.22,55435.0,14783.0,106733.26,BIT DIGITAL INC,BTBT,032878,2018-03-31,,,,,,,4.5,484990.0,,,,,,,,,,,crypto
92213,2018-06-18,-0.002703,-0.002703,7.38,214224.0,13475.0,99445.5,RIOT PLATFORMS INC,RIOT,148170,2018-03-31,49.584,6.349,37.722,0.925,-16.35,88.2314,6.62,126612643.0,107508.64864864864,2636.2732622872595,-6082.293577981651,99414.12700000001,107474.73189189189,-0.41012082266040895,-0.023088752332589703,-0.4099631729237072,0.10795167771780166,-0.18380526754972606,crypto
17354,2018-06-19,-0.021814,-0.021814,7.0625,14563.0,14783.0,104404.9375,BIT DIGITAL INC,BTBT,032878,2018-03-31,,,,,,,4.5,484990.0,,,,,,,,,,,crypto
15488,2018-06-19,-0.015492,-0.015492,84.52,6237814.0,1187387.0,100357949.24,PAYPAL HOLDINGS INC,PYPL,024616,2018-03-31,42322.0,27681.0,14641.0,3685.0,511.0,89754.21,75.87,600954011.0,27234.178898236092,6854.582968376477,196395.2039921722,100370989.24,27237.71756852103,1.2678252821756908,1.4859445086794023,1.2679556015917206,0.8450650536450188,1.2166976115229582,crypto
15826,2018-06-19,-0.003625,-0.003625,65.96,9504451.0,289951.0,19125167.959999997,BLOCK INC,XYZ,026367,2018-03-31,2379.612,1569.632,809.98,668.603,-23.986,19698.8928,49.2,972125352.0,28604.669676923375,23611.90147904886,-797347.1174851996,19125927.611999996,28605.805854894454,1.682874963790494,1.8428660741118432,1.6828117063291725,-0.276288596177308,1.2330660370135504,crypto
92213,2018-06-19,-0.00813,-0.00813,7.32,163438.0,13475.0,98637.0,RIOT PLATFORMS INC,RIOT,148170,2018-03-31,49.584,6.349,37.722,0.925,-16.35,88.2314,6.62,126612643.0,106634.59459459459,2614.8401463337045,-6032.844036697247,98605.62700000001,106600.67783783784,-0.41061323088310087,-0.02820291131313311,-0.4104555884431345,0.11172895107888793,-0.18438569489012013,crypto
17354,2018-06-20,-0.01103,-0.01103,6.9846,2769.0,14783.0,103253.34180000001,BIT DIGITAL INC,BTBT,032878,2018-03-31,,,,,,,4.5,484990.0,,,,,,,,,,,crypto
92213,2018-06-20,0.004098,0.004098,7.35,246030.0,13475.0,99041.25,RIOT PLATFORMS INC,RIOT,148170,2018-03-31,49.584,6.349,37.722,0.925,-16.35,88.2314,6.62,126612643.0,107071.62162162161,2625.556704310482,-6057.568807339449,99009.87700000001,107037.70486486486,-0.4103670267717549,-0.02564583182286141,-0.4102093806834209,0.10984031439834475,-0.1840954812199231,crypto
15488,2018-06-20,0.016919,0.016919,85.95,9170101.0,1187387.0,102055912.65,PAYPAL HOLDINGS INC,PYPL,024616,2018-03-31,42322.0,27681.0,14641.0,3685.0,511.0,89754.21,75.87,600954011.0,27694.955943012214,6970.556153951234,199718.02866927595,102068952.65,27698.494613297153,1.3772619133833266,1.5683211455388408,1.3773698658905775,0.937219122300637,1.3150430117783456,crypto
15826,2018-06-20,0.024712,0.024712,67.59,12382528.0,289951.0,19597788.09,BLOCK INC,XYZ,026367,2018-03-31,2379.612,1569.632,809.98,668.603,-23.986,19698.8928,49.2,972125352.0,29311.54674747197,24195.397528334033,-817051.1169015259,19598547.742,29312.682925443052,1.7564439042433835,1.920778114095742,1.7563758253066533,-0.2937485422216305,1.2849623253560372,crypto
15826,2018-06-21,-0.00725,-0.00725,67.1,9999482.0,289951.0,19455712.099999998,BLOCK INC,XYZ,026367,2018-03-31,2379.612,1569.632,809.98,668.603,-23.986,19698.8928,49.2,972125352.0,29099.04995939294,24019.99074051211,-811127.8287334277,19456471.751999997,29100.186137364024,1.7343280877882201,1.897356703303036,1.734261458252073,-0.2884998467849936,1.2693616006395838,crypto
92213,2018-06-21,-0.010884,-0.010884,7.27,426715.0,13475.0,97963.25,RIOT PLATFORMS INC,RIOT,148170,2018-03-31,49.584,6.349,37.722,0.925,-16.35,88.2314,6.62,126612643.0,105906.21621621621,2596.9792163724087,-5991.636085626911,97931.87700000001,105872.29945945946,-0.4110235710686775,-0.03246471046358595,-0.4108659347093238,0.11487667887979315,-0.18486938434044853,crypto
15488,2018-06-21,0.000233,0.000233,85.97,8091154.0,1187387.0,102079660.39,PAYPAL HOLDINGS INC,PYPL,024616,2018-03-31,42322.0,27681.0,14641.0,3685.0,511.0,89754.21,75.87,600954011.0,27701.400377204885,6972.178156546684,199764.50174168297,102092700.39,27704.939047489825,1.3787924956379785,1.569473266334077,1.3789001353213304,0.9385079903937216,1.3164184719217769,crypto
17354,2018-06-21,-0.110901,-0.110901,6.21,23212.0,14783.0,91802.43,BIT DIGITAL INC,BTBT,032878,2018-03-31,,,,,,,4.5,484990.0,,,,,,,,,,,crypto
17354,2018-06-22,0.038647,0.038647,6.45,7016.0,14783.0,95350.35,BIT DIGITAL INC,BTBT,032878,2018-03-31,,,,,,,4.5,484990.0,,,,,,,,,,,crypto
15488,2018-06-22,-0.009887,-0.009887,85.12,7499023.0,1187387.0,101070381.44000001,PAYPAL HOLDINGS INC,PYPL,024616,2018-03-31,42322.0,27681.0,14641.0,3685.0,511.0,89754.21,75.87,600954011.0,27427.511924016286,6903.243046240012,197789.3961643836,101083421.44000001,27431.050594301225,1.313742749815259,1.5205081325365097,1.3138636845143186,0.8837310964375866,1.2579614158259185,crypto
15826,2018-06-22,-0.020119,-0.020119,65.75,11540481.0,289951.0,19064278.25,BLOCK INC,XYZ,026367,2018-03-31,2379.612,1569.632,809.98,668.603,-23.986,19698.8928,49.2,972125352.0,28513.59962488951,23536.7271414109,-794808.5654131577,19065037.902,28514.735802860592,1.6733967567382815,1.8328283266292553,1.673334120448639,-0.27403915527589234,1.2263800121350708,crypto
92213,2018-06-22,-0.053645,-0.053645,6.88,539530.0,13475.0,92708.0,RIOT PLATFORMS INC,RIOT,148170,2018-03-31,49.584,6.349,37.722,0.925,-16.35,88.2314,6.62,126612643.0,100224.86486486487,2457.6639626743013,-5670.214067278287,92676.62700000001,100190.94810810812,-0.41422422451617497,-0.06570674383711811,-0.4140666355856009,0.13942895572685407,-0.18864216205301,crypto
15826,2018-06-25,-0.058707,-0.058707,61.89,15115365.0,289951.0,17945067.39,BLOCK INC,XYZ,026367,2018-03-31,2379.612,1569.632,809.98,668.603,-23.986,19698.8928,49.2,972125352.0,26839.645335124136,22154.951221017804,-748147.5606603852,17945827.042,26840.781513095215,1.499178284254753,1.6483249681397782,1.4991270656921523,-0.2326922891832025,1.1034845072258703,crypto
92213,2018-06-25,-0.045058,-0.045058,6.57,509439.0,13475.0,88530.75,RIOT PLATFORMS INC,RIOT,148170,2018-03-31,49.584,6.349,37.722,0.925,-16.35,88.2314,6.62,126612643.0,95708.91891891892,2346.9261969142676,-5414.724770642201,88499.37700000001,95675.00216216217,-0.41676833366674987,-0.09212989856992561,-0.416610782435975,0.1589448680924666,-0.19164103664504595,crypto
15488,2018-06-25,-0.034422,-0.034422,82.19,10765715.0,1187387.0,97591337.53,PAYPAL HOLDINGS INC,PYPL,024616,2018-03-31,42322.0,27681.0,14641.0,3685.0,511.0,89754.21,75.87,600954011.0,26483.402314789688,6665.619666006421,190981.09105675147,97604377.53,26486.940985074627,1.0895124495087047,1.3517224360343048,1.0896792129089687,0.6949119208005518,1.0564565048131325,crypto
17354,2018-06-25,0.099225,0.099225,7.09,2152.0,14783.0,104811.47,BIT DIGITAL INC,BTBT,032878,2018-03-31,,,,,,,4.5,484990.0,,,,,,,,,,,crypto
92213,2018-06-26,0.035008,0.035008,6.8,343639.0,13475.0,91630.0,RIOT PLATFORMS INC,RIOT,148170,2018-03-31,49.584,6.349,37.722,0.925,-16.35,88.2314,6.62,126612643.0,99059.45945945945,2429.086474736228,-5604.281345565749,91598.62700000001,99025.5427027027,-0.41488076881309754,-0.07252562247784265,-0.41472318961150395,0.14446532020830247,-0.18941606517353543,crypto
15488,2018-06-26,0.001582,0.001582,82.32,6731900.0,1187387.0,97745697.83999999,PAYPAL HOLDINGS INC,PYPL,024616,2018-03-31,42322.0,27681.0,14641.0,3685.0,511.0,89754.21,75.87,600954011.0,26525.29113704206,6676.162682876852,191283.16602739724,97758737.83999999,26528.829807326998,1.0994612341639434,1.359211221203344,1.099625964208864,0.7032895634056073,1.0653969957454397,crypto
17354,2018-06-26,-0.042976,-0.042976,6.7853,1482.0,14783.0,100307.0899,BIT DIGITAL INC,BTBT,032878,2018-03-31,,,,,,,4.5,484990.0,,,,,,,,,,,crypto
15826,2018-06-26,0.010664,0.010664,62.55,13168856.0,289951.0,18136435.05,BLOCK INC,XYZ,026367,2018-03-31,2379.612,1569.632,809.98,668.603,-23.986,19698.8928,49.2,972125352.0,27125.865498659146,22391.21342502284,-756125.8671725173,18137194.702,27127.00167663023,1.5289669349902784,1.6798721745136267,1.5289137641738315,-0.23976196058765215,1.124497728272521,crypto
92213,2018-06-27,-0.030882,-0.030882,6.59,226675.0,13475.0,88800.25,RIOT PLATFORMS INC,RIOT,148170,2018-03-31,49.584,6.349,37.722,0.925,-16.35,88.2314,6.62,126612643.0,96000.27027027027,2354.070568898786,-5431.207951070336,88768.87700000001,95966.35351351352,-0.4166041975925192,-0.09042517890974447,-0.41644664392949926,0.1576857769721045,-0.1914475608649146,crypto
17354,2018-06-27,-0.083165,-0.083165,6.221,3345.0,14783.0,91965.043,BIT DIGITAL INC,BTBT,032878,2018-03-31,,,,,,,4.5,484990.0,,,,,,,,,,,crypto
15826,2018-06-27,-0.039329,-0.039329,60.09,11139657.0,289951.0,17423155.59,BLOCK INC,XYZ,026367,2018-03-31,2379.612,1569.632,809.98,668.603,-23.986,19698.8928,49.2,972125352.0,26059.044889119556,21510.59975554952,-726388.542900025,17423915.242,26060.181067090634,1.417936509521501,1.562287132574737,1.417890615287573,-0.21341136717106743,1.0461757225531858,crypto
15488,2018-06-27,-0.020044,-0.020044,80.67,8923795.0,1187387.0,95786509.29,PAYPAL HOLDINGS INC,PYPL,024616,2018-03-31,42322.0,27681.0,14641.0,3685.0,511.0,89754.21,75.87,600954011.0,25993.625316146543,6542.347468752135,187449.13755381605,95799549.29,25997.163986431482,0.9731881981551351,1.2641612555963009,0.9733787361717234,0.5969579457260497,0.9519215339123023,crypto
15488,2018-06-28,0.022437,0.022437,82.48,7368609.0,1187387.0,97935679.76,PAYPAL HOLDINGS INC,PYPL,024616,2018-03-31,42322.0,27681.0,14641.0,3685.0,511.0,89754.21,75.87,600954011.0,26576.84661058345,6689.138703640462,191654.95060665364,97948719.76,26580.385280868388,1.1117058922011627,1.3684281875652398,1.1118681196548912,0.713600508150293,1.0764006768928966,crypto
17354,2018-06-28,-0.033917,-0.033917,6.01,387.0,14783.0,88845.83,BIT DIGITAL INC,BTBT,032878,2018-03-31,,,,,,,4.5,484990.0,,,,,,,,,,,crypto
92213,2018-06-28,-0.004552,-0.004552,6.56,239069.0,13475.0,88396.0,RIOT PLATFORMS INC,RIOT,148170,2018-03-31,49.584,6.349,37.722,0.925,-16.35,88.2314,6.62,126612643.0,95563.24324324324,2343.3540109220085,-5406.483180428134,88364.62700000001,95529.32648648649,-0.4168504017038652,-0.09298225840001617,-0.41669285168921294,0.15957441365264766,-0.19173777453511168,crypto
15826,2018-06-28,0.024297,0.024297,61.55,11836912.0,289951.0,17846484.05,BLOCK INC,XYZ,026367,2018-03-31,2379.612,1569.632,809.98,668.603,-23.986,19698.8928,49.2,972125352.0,26692.198584212158,22033.24038865157,-744037.5239723172,17847243.702,26693.33476218324,1.4838326156940274,1.6320733769774927,1.483782402837954,-0.22905033724757706,1.0926595145654743,crypto
92213,2018-06-29,-0.033537,-0.033537,6.34,316757.0,13645.0,86509.3,RIOT PLATFORMS INC,RIOT,148170,2018-03-31,49.584,6.349,37.722,0.925,-16.35,88.2314,6.62,126612643.0,93523.56756756756,2293.338105084566,-5291.08868501529,86477.92700000001,93489.65081081082,-0.417999476031327,-0.10491656111936219,-0.4178419430441954,0.16838898588562415,-0.1930922485773151,crypto
17354,2018-06-29,-0.043261,-0.043261,5.75,6806.0,14783.0,85002.25,BIT DIGITAL INC,BTBT,032878,2018-03-31,,,,,,,4.5,484990.0,,,,,,,,,,,crypto
15488,2018-06-29,0.009578,0.009578,83.27,6815471.0,1184000.0,98591680.0,PAYPAL HOLDINGS INC,PYPL,024616,2018-03-31,42322.0,27681.0,14641.0,3685.0,511.0,89754.21,75.87,600954011.0,26754.86567164179,6733.944402704733,192938.7084148728,98604720.0,26758.40434192673,1.1539862239881704,1.400254016809807,1.154139810091066,0.7492038025434624,1.1143959633581264,crypto
15826,2018-06-29,0.001462,0.001462,61.64,6764464.0,289951.0,17872579.64,BLOCK INC,XYZ,026367,2018-03-31,2379.612,1569.632,809.98,668.603,-23.986,19698.8928,49.2,972125352.0,26731.228606512388,22065.457961924985,-745125.4748603352,17873339.292,26732.36478448347,1.4878947044306903,1.6363752687557447,1.4878442253581832,-0.23001438334818383,1.0955249537991085,crypto
17354,2018-07-02,0.065426,0.065426,6.1262,9474.0,14783.0,90563.6146,BIT DIGITAL INC,BTBT,032878,2018-06-30,15.257,0.39,14.268,5.223,-0.748,85.0023,5.75,1842789.0,17339.386291403407,6347.323703392206,-121074.35106951871,90549.7366,17336.729197779056,-1.1624751976916268,-1.2828592114786206,-1.16250024538333,1.4522897112146622,-0.5388862358347288,crypto
92213,2018-07-02,0.006309,0.006309,6.38,482256.0,13645.0,87055.1,RIOT PLATFORMS INC,RIOT,148170,2018-06-30,28.394,7.727,16.766,2.868,-24.017,86.5093,6.34,39953763.0,30353.940027894005,5192.359537158536,-3624.7283174418126,87046.061,30350.788354253837,-0.4535867991272481,0.5868193732989738,-0.4534124613758547,0.2956762864938196,-0.006125900177577345,crypto
15826,2018-07-02,0.024335,0.024335,63.14,5427128.0,289951.0,18307506.14,BLOCK INC,XYZ,026367,2018-06-30,3554.827,2473.198,1081.629,814.938,-5.906,25084.5213,61.64,685394673.0,22464.906704559122,16925.86472810918,-3099814.78835083,18308897.709,22466.61428108641,1.0438729713250035,0.9501046521430023,1.0439110570116572,-2.316532328056487,0.18033908810579402,crypto
15488,2018-07-02,0.007446,0.007446,83.89,4779650.0,1184000.0,99325760.0,PAYPAL HOLDINGS INC,PYPL,024616,2018-06-30,41677.0,26658.0,15019.0,3857.0,526.0,98591.68,83.27,509175097.0,25752.076743583097,6613.340435448432,188832.2433460076,99337399.0,25755.094373865697,0.9158193201824913,1.3145881004581705,0.9158978593175751,0.6353165226951779,0.9454054506633537,crypto
17354,2018-07-03,-0.011459,-0.011459,6.056,12500.0,14783.0,89525.848,BIT DIGITAL INC,BTBT,032878,2018-06-30,15.257,0.39,14.268,5.223,-0.748,85.0023,5.75,1842789.0,17140.69461995022,6274.589851415755,-119686.96256684492,89511.97,17138.03752632587,-1.2336188497100737,-1.3632294372745706,-1.233645493677204,1.5273776484943973,-0.5757790330418628,crypto
92213,2018-07-03,-0.020376,-0.020376,6.25,272768.0,13645.0,85281.25,RIOT PLATFORMS INC,RIOT,148170,2018-06-30,28.394,7.727,16.766,2.868,-24.017,86.5093,6.34,39953763.0,29735.442817294283,5086.5591077180015,-3550.870216929675,85272.211,29732.291143654114,-0.45393523651598705,0.5615743171185675,-0.45376090392790186,0.30131804227797127,-0.011200945261837528,crypto
15488,2018-07-03,-0.007391,-0.007391,83.27,3652616.0,1184000.0,98591680.0,PAYPAL HOLDINGS INC,PYPL,024616,2018-06-30,41677.0,26658.0,15019.0,3857.0,526.0,98591.68,83.27,509175097.0,25561.752657505833,6564.463679339503,187436.65399239544,98603319.0,25564.770287788437,0.8706164893251344,1.2798705683933365,0.8707042671180903,0.5966117309575882,0.9044507639485373,crypto
15826,2018-07-03,-0.022015,-0.022015,61.75,4234664.0,289951.0,17904474.25,BLOCK INC,XYZ,026367,2018-06-30,3554.827,2473.198,1081.629,814.938,-5.906,25084.5213,61.64,685394673.0,21970.351425507215,16553.249080784633,-3031573.696241111,17905865.819,21972.059002034508,0.9924016343823652,0.9003506816601824,0.992443093337464,-2.2560630922903666,0.15728307927241125,crypto
92213,2018-07-05,-0.0384,-0.0384,6.01,510893.0,13645.0,82006.45,RIOT PLATFORMS INC,RIOT,148170,2018-06-30,28.394,7.727,16.766,2.868,-24.017,86.5093,6.34,39953763.0,28593.60181311018,4891.23523798163,-3414.516800599575,81997.411,28590.450139470013,-0.4545785055413513,0.5149680595547405,-0.4544041824855274,0.31173359141794355,-0.020570259263548676,crypto
15488,2018-07-05,0.015852,0.015852,84.59,5283641.0,1184000.0,100154560.0,PAYPAL HOLDINGS INC,PYPL,024616,2018-06-30,41677.0,26658.0,15019.0,3857.0,526.0,98591.68,83.27,509175097.0,25966.958776250973,6668.523869764965,190407.90874524714,100166199.0,25969.976406533577,0.966854774376281,1.3537853140797576,0.9669228827686074,0.679015481108586,0.991644613083308,crypto
15826,2018-07-05,0.038866,0.038866,64.15,7670960.0,289951.0,18600356.650000002,BLOCK INC,XYZ,026367,2018-06-30,3554.827,2473.198,1081.629,814.938,-5.906,25084.5213,61.64,685394673.0,22824.25982099252,17196.61422724428,-3149400.042329835,18601748.219,22825.967397519813,1.0812730075207333,0.9862568177456268,1.0813086421274385,-2.3604704058433805,0.19709201538760457,crypto
17354,2018-07-05,-0.009247,-0.009247,6.0,6850.0,14783.0,88698.0,BIT DIGITAL INC,BTBT,032878,2018-06-30,15.257,0.39,14.268,5.223,-0.748,85.0023,5.75,1842789.0,16982.194141298103,6216.568544995795,-118580.21390374332,88684.122,16979.53704767375,-1.2903716205510005,-1.427342437909516,-1.290399537900238,1.587276857720396,-0.6052091846600897,crypto
15488,2018-07-06,0.015959,0.015959,85.94,4999719.0,1184000.0,101752960.0,PAYPAL HOLDINGS INC,PYPL,024616,2018-06-30,41677.0,26658.0,15019.0,3857.0,526.0,98591.68,83.27,509175097.0,26381.37412496759,6774.949064518277,193446.69201520912,101764599.0,26384.391755250195,1.0652802931785896,1.4293799403499605,1.065328285138454,0.7632920437630158,1.080820140607505,crypto
92213,2018-07-06,-0.143095,-0.143095,5.15,1241953.0,13645.0,70271.75,RIOT PLATFORMS INC,RIOT,148170,2018-06-30,28.394,7.727,16.766,2.868,-24.017,86.5093,6.34,39953763.0,24502.004881450488,4191.324704759633,-2925.917058750052,70262.711,24498.85320781032,-0.45688355288224003,0.34796230328436034,-0.4567092639836856,0.3490559758361775,-0.054143634436346955,crypto
17354,2018-07-06,0.081667,0.081667,6.49,15384.0,14783.0,95941.67,BIT DIGITAL INC,BTBT,032878,2018-06-30,15.257,0.39,14.268,5.223,-0.748,85.0023,5.75,1842789.0,18369.073329504117,6724.254976170451,-128264.26470588235,95927.792,18366.416235879762,-0.7937848756928925,-0.8663536823537403,-0.7938016509486947,1.0631587769929025,-0.34769535800060625,crypto
15826,2018-07-06,0.035698,0.035698,66.44,10443622.0,289951.0,19264344.439999998,BLOCK INC,XYZ,026367,2018-06-30,3554.827,2473.198,1081.629,814.938,-5.906,25084.5213,61.64,685394673.0,23639.030748351404,17810.491804491186,-3261826.014222824,19265736.008999996,23640.738324878697,1.1660711093902585,1.068225589260487,1.1661011865978714,-2.46009238419188,0.23507637526418423,crypto
17354,2018-07-09,0.010786,0.010786,6.56,12735.0,14783.0,96976.48,BIT DIGITAL INC,BTBT,032878,2018-06-30,15.257,0.39,14.268,5.223,-0.748,85.0023,5.75,1842789.0,18567.19892781926,6796.781609195402,-129647.70053475935,96962.602,18564.541834194908,-0.7228439121417352,-0.7862124315600585,-0.7228590956699021,0.9882847654604036,-0.31090766847782303,crypto
15826,2018-07-09,0.000602,0.000602,66.48,9067762.0,289951.0,19275942.48,BLOCK INC,XYZ,026367,2018-06-30,3554.827,2473.198,1081.629,814.938,-5.906,25084.5213,61.64,685394673.0,23653.26255494283,17821.214556932184,-3263789.7866576365,19277334.049,23654.970131470123,1.167552298942565,1.0696573581952449,1.1675822790777048,-2.4618325060844306,0.23573985753277105,crypto
15488,2018-07-09,0.003374,0.003374,86.23,5676808.0,1184000.0,102096320.0,PAYPAL HOLDINGS INC,PYPL,024616,2018-06-30,41677.0,26658.0,15019.0,3857.0,526.0,98591.68,83.27,509175097.0,26470.39668135857,6797.81077302084,194099.46768060836,102107959.0,26473.414311641172,1.0864235527731596,1.4456187859931893,1.0864672234253099,0.7813958979628564,1.0999763650386287,crypto
92213,2018-07-09,-0.05534,-0.05534,4.865,902322.0,13645.0,66382.925,RIOT PLATFORMS INC,RIOT,148170,2018-06-30,28.394,7.727,16.766,2.868,-24.017,86.5093,6.34,39953763.0,23146.06868898187,3959.3776094476925,-2763.997376858059,66373.886,23142.917015341704,-0.4576474348498601,0.2926173724273158,-0.4574731572708659,0.3614244404398945,-0.06526969481337892,crypto
15488,2018-07-10,-0.000696,-0.000696,86.17,3719980.0,1184000.0,102025280.0,PAYPAL HOLDINGS INC,PYPL,024616,2018-06-30,41677.0,26658.0,15019.0,3857.0,526.0,98591.68,83.27,509175097.0,26451.978221415608,6793.080764365138,193964.41064638784,102036919.0,26454.99585169821,1.0820490852708347,1.4422590248256248,1.08209364998665,0.7776502729559932,1.0960130082597757,crypto
15826,2018-07-10,-0.025873,-0.025873,64.76,9162679.0,289951.0,18777226.76,BLOCK INC,XYZ,026367,2018-06-30,3554.827,2473.198,1081.629,814.938,-5.906,25084.5213,61.64,685394673.0,23041.2948715117,17360.13620196944,-3179347.5719607184,18778618.329,23043.00244803899,1.103861148193402,1.0080912940006768,1.10389530244489,-2.387007264704771,0.20721011998354943,crypto
17354,2018-07-10,0.022866,0.022866,6.71,6123.0,14783.0,99193.93,BIT DIGITAL INC,BTBT,032878,2018-06-30,15.257,0.39,14.268,5.223,-0.748,85.0023,5.75,1842789.0,18991.753781351712,6952.195822820297,-132612.20588235292,99180.052,18989.09668772736,-0.5708275616749677,-0.6144811798593109,-0.5708393343582051,0.8278404550336204,-0.23207690521471586,crypto
92213,2018-07-10,-0.044193,-0.044193,4.65,779726.0,13645.0,63449.25000000001,RIOT PLATFORMS INC,RIOT,148170,2018-06-30,28.394,7.727,16.766,2.868,-24.017,86.5093,6.34,39953763.0,22123.16945606695,3784.3999761421933,-2641.8474413956783,63440.211,22120.01778242678,-0.4582236966850823,0.25086593335972074,-0.45804942764540546,0.370755036544453,-0.0736630386065785,crypto
92213,2018-07-11,0.006452,0.006452,4.68,490830.0,13645.0,63858.6,RIOT PLATFORMS INC,RIOT,148170,2018-06-30,28.394,7.727,16.766,2.868,-24.017,86.5093,6.34,39953763.0,22265.899581589958,3808.815459859239,-2658.8916184369405,63849.560999999994,22262.74790794979,-0.45814328805691173,0.256691715555199,-0.4579690178257022,0.36945309290195655,-0.0724918743563646,crypto
15488,2018-07-11,0.000928,0.000928,86.25,4144364.0,1184000.0,102120000.0,PAYPAL HOLDINGS INC,PYPL,024616,2018-06-30,41677.0,26658.0,15019.0,3857.0,526.0,98591.68,83.27,509175097.0,26476.536168006223,6799.387442572741,194144.4866920152,102131639.0,26479.553798288827,1.087881708607268,1.4467387063823771,1.0879250812381966,0.7826444396318107,1.1012974839649132,crypto
17354,2018-07-11,-0.00149,-0.00149,6.7,700.0,14783.0,99046.1,BIT DIGITAL INC,BTBT,032878,2018-06-30,15.257,0.39,14.268,5.223,-0.748,85.0023,5.75,1842789.0,18963.45012444955,6941.834875245304,-132414.57219251338,99032.22200000001,18960.7930308252,-0.5809619850394178,-0.6259299299726938,-0.5809739851123172,0.8385367423954041,-0.23733228943225618,crypto
15826,2018-07-11,0.008802,0.008802,65.33,5857122.0,289951.0,18942498.83,BLOCK INC,XYZ,026367,2018-06-30,3554.827,2473.198,1081.629,814.938,-5.906,25084.5213,61.64,685394673.0,23244.098115439454,17512.935424253603,-3207331.3291567895,18943890.398999996,23245.805691966747,1.1249680993137636,1.0284940013209696,1.1250008702825085,-2.411804001673611,0.2166647423109076,crypto
17354,2018-07-12,0.034328,0.034328,6.93,5495.0,14783.0,102446.19,BIT DIGITAL INC,BTBT,032878,2018-06-30,15.257,0.39,14.268,5.223,-0.748,85.0023,5.75,1842789.0,19614.43423319931,7180.136669470143,-136960.14705882352,102432.312,19611.77713957496,-0.34787024765704155,-0.3626086773648806,-0.3478770177677156,0.5925221330743367,-0.1164584524288253,crypto
15826,2018-07-12,0.029848,0.029848,67.28,8927270.0,289951.0,19507903.28,BLOCK INC,XYZ,026367,2018-06-30,3554.827,2473.198,1081.629,814.938,-5.906,25084.5213,61.64,685394673.0,23937.898686771267,18035.669605752068,-3303065.235353878,19509294.849,23939.606263298556,1.1971760899886879,1.0982927368903932,1.1972041286743627,-2.4966349439354354,0.24900950290450208,crypto
92213,2018-07-12,-0.023504,-0.023504,4.57,296007.0,13645.0,62357.65,RIOT PLATFORMS INC,RIOT,148170,2018-06-30,28.394,7.727,16.766,2.868,-24.017,86.5093,6.34,39953763.0,21742.55578800558,3719.2920195634024,-2596.3963026189786,62348.611,21739.40411436541,-0.45843811969353704,0.23533051417177828,-0.4582638538312806,0.3742268862577771,-0.07678614327381557,crypto
15488,2018-07-12,0.033391,0.033391,89.13,6874937.0,1184000.0,105529920.0,PAYPAL HOLDINGS INC,PYPL,024616,2018-06-30,41677.0,26658.0,15019.0,3857.0,526.0,98591.68,83.27,509175097.0,27360.622245268343,7026.427858046474,200627.22433460076,105541559.0,27363.639875550947,1.2978561487188598,1.6080072424254772,1.2978566062938695,0.9624344399612613,1.2915386093498669,crypto
92213,2018-07-13,0.019694,0.019694,4.66,237086.0,13645.0,63585.700000000004,RIOT PLATFORMS INC,RIOT,148170,2018-06-30,28.394,7.727,16.766,2.868,-24.017,86.5093,6.34,39953763.0,22170.74616457462,3792.538470714542,-2647.528833742766,63576.661,22167.59449093445,-0.4581968938090254,0.25280786075821354,-0.45802262437217106,0.37032105533028753,-0.07327265052317385,crypto
15488,2018-07-13,-0.01279,-0.01279,87.99,6107174.0,1184000.0,104180160.0,PAYPAL HOLDINGS INC,PYPL,024616,2018-06-30,41677.0,26658.0,15019.0,3857.0,526.0,98591.68,83.27,509175097.0,27010.671506352086,6936.557693588122,198061.14068441064,104191799.0,27013.68913663469,1.214741266174688,1.5441717802417503,1.214758710959332,0.8912675648308537,1.216234830551656,crypto
15826,2018-07-13,-0.004608,-0.004608,66.97,7686604.0,289951.0,19418018.47,BLOCK INC,XYZ,026367,2018-06-30,3554.827,2473.198,1081.629,814.938,-5.906,25084.5213,61.64,685394673.0,23827.602185687745,17952.56827433436,-3287845.998984084,19419410.038999997,23829.309762215038,1.185696870958315,1.087196527646023,1.1857256619556578,-2.483148999268171,0.24386751532295625,crypto
17354,2018-07-13,0.04329,0.04329,7.23,7498.0,14783.0,106881.09000000001,BIT DIGITAL INC,BTBT,032878,2018-06-30,15.257,0.39,14.268,5.223,-0.748,85.0023,5.75,1842789.0,20463.54394026422,7490.965096719933,-142889.15775401072,106867.21200000001,20460.886846639867,-0.043837546723505344,-0.01914617396338459,-0.04383749514432026,0.27163351222076704,0.041203074097389214,crypto
15488,2018-07-16,-0.0025,-0.0025,87.77,4441185.0,1184000.0,103919680.0,PAYPAL HOLDINGS INC,PYPL,024616,2018-06-30,41677.0,26658.0,15019.0,3857.0,526.0,98591.68,83.27,509175097.0,26943.137153227897,6919.2143285172115,197565.93155893535,103931319.0,26946.1547835105,1.198701551999497,1.53185265596068,1.1987222750175794,0.8775336064723539,1.2017025223625275,crypto
17354,2018-07-16,0.036584,0.036584,7.4945,1823.0,14783.0,110791.19350000001,BIT DIGITAL INC,BTBT,032878,2018-06-30,15.257,0.39,14.268,5.223,-0.748,85.0023,5.75,1842789.0,21212.175665326442,7765.012160078498,-148116.5688502674,110777.31550000001,21209.51857170209,0.22421795126622754,0.2836732665356005,0.22422401730197178,-0.01128328849846068,0.18020798665133478,crypto
15826,2018-07-16,-0.000299,-0.000299,66.95,5407869.0,289951.0,19412219.45,BLOCK INC,XYZ,026367,2018-06-30,3554.827,2473.198,1081.629,814.938,-5.906,25084.5213,61.64,685394673.0,23820.486282392034,17947.206898113865,-3286864.112766678,19413611.018999998,23822.193858919327,1.184956276182162,1.0864806431786447,1.1849851157157412,-2.4822789383218957,0.243535774188663,crypto
92213,2018-07-16,-0.019313,-0.019313,4.57,200470.0,13645.0,62357.65,RIOT PLATFORMS INC,RIOT,148170,2018-06-30,28.394,7.727,16.766,2.868,-24.017,86.5093,6.34,39953763.0,21742.55578800558,3719.2920195634024,-2596.3963026189786,62348.611,21739.40411436541,-0.45843811969353704,0.23533051417177828,-0.4582638538312806,0.3742268862577771,-0.07678614327381557,crypto
17354,2018-07-17,0.012743,0.012743,7.59,2363.0,14783.0,112202.97,BIT DIGITAL INC,BTBT,032878,2018-06-30,15.257,0.39,14.268,5.223,-0.748,85.0023,5.75,1842789.0,21482.4755887421,7863.9592094196805,-150003.9705882353,112189.092,21479.81849511775,0.3210016943967355,0.3930088301184094,0.3210099320037516,-0.11343283280351302,0.23039690592884587,crypto
15826,2018-07-17,0.020613,0.020613,68.33,6293097.0,289951.0,19812351.83,BLOCK INC,XYZ,026367,2018-06-30,3554.827,2473.198,1081.629,814.938,-5.906,25084.5213,61.64,685394673.0,24311.48360979608,18317.14185732816,-3354614.261767694,19813743.398999996,24313.191186323373,1.2360573157367232,1.1358766714277746,1.236082806269976,-2.5423131436148783,0.2664259124548989,crypto
15488,2018-07-17,0.009229,0.009229,88.58,5080081.0,1184000.0,104878720.0,PAYPAL HOLDINGS INC,PYPL,024616,2018-06-30,41677.0,26658.0,15019.0,3857.0,526.0,98591.68,83.27,509175097.0,27191.786362457868,6983.0694453691995,199389.20152091255,104890359.0,27194.80399274047,1.257756863280882,1.5772094317228023,1.2577655164394872,0.9280995440650123,1.255207838877046,crypto
92213,2018-07-17,0.376368,0.376368,6.29,8344143.0,13645.0,85827.05,RIOT PLATFORMS INC,RIOT,148170,2018-06-30,28.394,7.727,16.766,2.868,-24.017,86.5093,6.34,39953763.0,29925.749651324968,5119.113086007396,-3573.595786318025,85818.011,29922.5979776848,-0.4538280250117597,0.5693420267125385,-0.4536536908349643,0.2995821174213092,-0.009639392928219068,crypto
17354,2018-07-18,0.001317,0.001317,7.6,5133.0,14783.0,112350.79999999999,BIT DIGITAL INC,BTBT,032878,2018-06-30,15.257,0.39,14.268,5.223,-0.748,85.0023,5.75,1842789.0,21510.779245644266,7874.320156994672,-150201.60427807484,112336.92199999999,21508.12215201991,0.33113611776118695,0.40445758023179124,0.3311445827578637,-0.12412912016529679,0.23565229014638628,crypto
15826,2018-07-18,-0.000585,-0.000585,68.29,4913121.0,289951.0,19800753.790000003,BLOCK INC,XYZ,026367,2018-06-30,3554.827,2473.198,1081.629,814.938,-5.906,25084.5213,61.64,685394673.0,24297.251803204665,18306.41910488717,-3352650.4893328827,19802145.359,24298.959379731958,1.2345761261844177,1.1344449024930177,1.234601713790144,-2.540573021722329,0.2657624301863126,crypto
15488,2018-07-18,-0.004064,-0.004064,88.22,4780804.0,1184000.0,104452480.0,PAYPAL HOLDINGS INC,PYPL,024616,2018-06-30,41677.0,26658.0,15019.0,3857.0,526.0,98591.68,83.27,509175097.0,27081.275602800102,6954.689393434983,198578.85931558936,104464119.0,27084.293233082706,1.231510058266933,1.5570508647174148,1.2315240758075279,0.905625794023831,1.2314276982039267,crypto
92213,2018-07-18,-0.08903,-0.08903,5.73,5603638.0,13645.0,78185.85,RIOT PLATFORMS INC,RIOT,148170,2018-06-30,28.394,7.727,16.766,2.868,-24.017,86.5093,6.34,39953763.0,27261.4539748954,4663.357389955864,-3255.437814881126,78176.811,27258.302301255233,-0.45532898607094296,0.4605940923969424,-0.4551546741360905,0.3238850654145779,-0.0315011255988783,crypto
92213,2018-07-19,0.059337,0.059337,6.07,2385028.0,13645.0,82825.15000000001,RIOT PLATFORMS INC,RIOT,148170,2018-06-30,28.394,7.727,16.766,2.868,-24.017,86.5093,6.34,39953763.0,28879.06206415621,4940.066205415724,-3448.6051546821004,82816.111,28875.91039051604,-0.4544176882850103,0.5266196239456974,-0.45424336284612105,0.3091297041329505,-0.01822793076312086,crypto
15826,2018-07-19,0.029726,0.029726,70.32,11981314.0,289951.0,20389354.319999997,BLOCK INC,XYZ,026367,2018-06-30,3554.827,2473.198,1081.629,814.938,-5.906,25084.5213,61.64,685394673.0,25019.515987719307,18850.598791267614,-3452311.940399593,20390745.888999995,25021.2235642466,1.3097464959639529,1.2071071759319552,1.309767157141663,-2.628884207769252,0.29943415531707984,crypto
17354,2018-07-19,0.029079,0.029079,7.821,16270.0,14783.0,115617.843,BIT DIGITAL INC,BTBT,032878,2018-06-30,15.257,0.39,14.268,5.223,-0.748,85.0023,5.75,1842789.0,22136.290063182078,8103.297098402018,-154569.3088235294,115603.965,22133.632969557726,0.5551068741155571,0.6574749577375597,0.5551203644237648,-0.36051707086075907,0.3517962813540306,crypto
15488,2018-07-19,-0.009522,-0.009522,87.38,5594307.0,1184000.0,103457920.0,PAYPAL HOLDINGS INC,PYPL,024616,2018-06-30,41677.0,26658.0,15019.0,3857.0,526.0,98591.68,83.27,509175097.0,26823.417163598653,6888.469272255144,196688.0608365019,103469559.0,26826.434793881253,1.1702675132343858,1.5100142083715105,1.1702940476662897,0.8531870439277415,1.1759407032999818,crypto
15488,2018-07-20,0.00103,0.00103,87.47,7550039.0,1183673.0,103535877.31,PAYPAL HOLDINGS INC,PYPL,024616,2018-06-30,41677.0,26658.0,15019.0,3857.0,526.0,98591.68,83.27,509175097.0,26843.629066632097,6893.659851521406,196836.26865019012,103547516.31,26846.6466969147,1.1750679315784684,1.51370111635104,1.1750934848899017,0.857297388097277,1.1802899802291718,crypto
17354,2018-07-20,0.021596,0.021596,7.9899,9202.0,14783.0,118114.6917,BIT DIGITAL INC,BTBT,032878,2018-06-30,15.257,0.39,14.268,5.223,-0.748,85.0023,5.75,1842789.0,22614.33882825962,8278.29350294365,-157907.34184491978,118100.8137,22611.68173463527,0.726277284741138,0.8508443471526028,0.7262946156607363,-0.541177364401318,0.44055972078828975,crypto
92213,2018-07-20,-0.028007,-0.028007,5.9,2512707.0,13645.0,80505.5,RIOT PLATFORMS INC,RIOT,148170,2018-06-30,28.394,7.727,16.766,2.868,-24.017,86.5093,6.34,39953763.0,28070.2580195258,4801.7117976857935,-3352.0214847816133,80496.461,28067.106345885633,-0.4548733371779766,0.4936068581713198,-0.4546990184911058,0.31650738477376417,-0.024864528180999615,crypto
15826,2018-07-20,0.00128,0.00128,70.41,9267085.0,289951.0,20415449.91,BLOCK INC,XYZ,026367,2018-06-30,3554.827,2473.198,1081.629,814.938,-5.906,25084.5213,61.64,685394673.0,25051.53755255001,18874.724984259854,-3456730.4283779208,20416841.479,25053.245129077302,1.3130791724566422,1.2103286560351598,1.3130996152212873,-2.63279948202749,0.3009269904213998,crypto
92213,2018-07-23,0.116949,0.116949,6.59,3070548.0,13645.0,89920.55,RIOT PLATFORMS INC,RIOT,148170,2018-06-30,28.394,7.727,16.766,2.868,-24.017,86.5093,6.34,39953763.0,31353.050906555094,5363.267923177861,-3744.037556730649,89911.511,31349.899232914922,-0.45302393873005425,0.6275998486673225,-0.4528495926379324,0.2865626809963439,0.0020722495739199515,crypto
15488,2018-07-23,0.020236,0.020236,89.24,11641436.0,1183673.0,105630978.52,PAYPAL HOLDINGS INC,PYPL,024616,2018-06-30,41677.0,26658.0,15019.0,3857.0,526.0,98591.68,83.27,509175097.0,27386.823572724916,7033.156569678407,200819.35079847908,105642617.52,27389.841203007516,1.3040790824403272,1.6127866975373515,1.3040782681579208,0.9677628087629027,1.2971767142246255,crypto
17354,2018-07-23,0.007397,0.007397,8.049,16681.0,14783.0,118988.367,BIT DIGITAL INC,BTBT,032878,2018-06-30,15.257,0.39,14.268,5.223,-0.748,85.0023,5.75,1842789.0,22781.613440551406,8339.526703111858,-159075.35695187165,118974.489,22778.956346927054,0.7861717268250439,0.9185064603226967,0.7861904016175445,-0.604392422709471,0.4716190415139535,crypto
15826,2018-07-23,0.016901,0.016901,71.6,7059718.0,289951.0,20760491.599999998,BLOCK INC,XYZ,026367,2018-06-30,3554.827,2473.198,1081.629,814.938,-5.906,25084.5213,61.64,685394673.0,25474.9337986448,19193.726869379425,-3515152.6583135794,20761883.168999996,25476.641375172094,1.357144561637749,1.252923781844192,1.3571621164963157,-2.684568108330859,0.3206655879118494,crypto
15826,2018-07-24,-0.031285,-0.031285,69.36,12188124.0,289951.0,20111001.36,BLOCK INC,XYZ,026367,2018-06-30,3554.827,2473.198,1081.629,814.938,-5.906,25084.5213,61.64,685394673.0,24677.95262952519,18593.25273268376,-3405181.4019641043,20112392.928999998,24679.660206052482,1.274197946708606,1.172744721497778,1.2742209376256735,-2.5871212823480465,0.2835105808710028,crypto
17354,2018-07-24,-0.033545,-0.033545,7.779,20086.0,14783.0,114996.957,BIT DIGITAL INC,BTBT,032878,2018-06-30,15.257,0.39,14.268,5.223,-0.748,85.0023,5.75,1842789.0,22017.414704192994,8059.781118587047,-153739.2473262032,114983.079,22014.75761056864,0.5125422959848632,0.6093902072613502,0.5125548312564893,-0.3155926639412606,0.32972366764036054,crypto
15488,2018-07-24,0.024317,0.024317,91.41,13245854.0,1183673.0,108199548.92999999,PAYPAL HOLDINGS INC,PYPL,024616,2018-06-30,41677.0,26658.0,15019.0,3857.0,526.0,98591.68,83.27,509175097.0,28052.77389940368,7204.177969904787,205702.5645057034,108211187.92999999,28055.79152968628,1.4622452956438488,1.734264500460682,1.4622121549893345,1.1031921663021163,1.4404785293489955,crypto
92213,2018-07-24,0.274658,0.274658,8.4,13597255.0,13645.0,114618.0,RIOT PLATFORMS INC,RIOT,148170,2018-06-30,28.394,7.727,16.766,2.868,-24.017,86.5093,6.34,39953763.0,39964.43514644352,6836.335440772994,-4772.369571553483,114608.961,39961.28347280335,-0.4481726181637653,0.9790887077945178,-0.4479982001825065,0.2080120812323864,0.0727324926701581,crypto
15488,2018-07-25,-0.000438,-0.000438,91.37,12066403.0,1183673.0,108152202.01,PAYPAL HOLDINGS INC,PYPL,024616,2018-06-30,41677.0,26658.0,15019.0,3857.0,526.0,98591.68,83.27,509175097.0,28040.49831734509,7201.02550169785,205612.5513498099,108163841.01,28043.515947627693,1.459329789409683,1.732025278286981,1.4592972446329968,1.1006957726147581,1.4378370212361047,crypto
15826,2018-07-25,0.045704,0.045704,72.53,8309289.0,289951.0,21030146.03,BLOCK INC,XYZ,026367,2018-06-30,3554.827,2473.198,1081.629,814.938,-5.906,25084.5213,61.64,685394673.0,25805.82330189536,19443.030863632543,-3560810.3674229602,21031537.599,25807.530878422654,1.3915822187288673,1.2862124095773022,1.3915975166524313,-2.7250259423326524,0.3360915506564871,crypto
17354,2018-07-25,0.02841,0.02841,8.0,2130.0,14783.0,118264.0,BIT DIGITAL INC,BTBT,032878,2018-06-30,15.257,0.39,14.268,5.223,-0.748,85.0023,5.75,1842789.0,22642.925521730805,8288.758059994392,-158106.95187165774,118250.122,22640.268428106454,0.7365130523392335,0.8624075847671187,0.7365306129223904,-0.5519806146367213,0.4458676588480053,crypto
92213,2018-07-25,-0.05,-0.05,7.98,3961971.0,13645.0,108887.1,RIOT PLATFORMS INC,RIOT,148170,2018-06-30,28.394,7.727,16.766,2.868,-24.017,86.5093,6.34,39953763.0,37966.213389121345,6494.518668734344,-4533.751092975809,108878.061,37963.06171548118,-0.44929833895815285,0.8975277570578205,-0.4491239376583512,0.22623929222733785,0.05633619316716358,crypto
17354,2018-07-26,-0.015,-0.015,7.88,1533.0,14783.0,116490.04,BIT DIGITAL INC,BTBT,032878,2018-06-30,15.257,0.39,14.268,5.223,-0.748,85.0023,5.75,1842789.0,22303.281638904842,8164.426689094476,-155735.34759358288,116476.162,22300.62454528049,0.614899971965819,0.7250225834065206,0.6149148038730323,-0.4236251662952941,0.3828030482375194,crypto
15488,2018-07-26,-0.024406,-0.024406,89.14,14490565.0,1183673.0,105512611.22,PAYPAL HOLDINGS INC,PYPL,024616,2018-06-30,41677.0,26658.0,15019.0,3857.0,526.0,98591.68,83.27,509175097.0,27356.134617578427,7025.2753991610625,200594.31790874526,105524250.22,27359.15224786103,1.2967903168549113,1.6071886421030965,1.2967909922670728,0.9615218245445063,1.2905729439423967,crypto
15826,2018-07-26,-0.007445,-0.007445,71.99,6744477.0,289951.0,20873572.49,BLOCK INC,XYZ,026367,2018-06-30,3554.827,2473.198,1081.629,814.938,-5.906,25084.5213,61.64,685394673.0,25613.693912911163,19298.27370567912,-3534299.439552997,20874964.058999997,25615.401489438456,1.371586159772734,1.2668835289580769,1.3716027681746865,-2.701534296783224,0.3271345400305683,crypto
92213,2018-07-26,-0.010025,-0.010025,7.9,1115162.0,13645.0,107795.5,RIOT PLATFORMS INC,RIOT,148170,2018-06-30,28.394,7.727,16.766,2.868,-24.017,86.5093,6.34,39953763.0,37585.599721059974,6429.4107121555535,-4488.299954199109,107786.461,37582.448047419806,-0.44951276196660755,0.8819923378698782,-0.4493383638442264,0.22971114194066194,0.05321308849992655,crypto
92213,2018-07-27,-0.039241,-0.039241,7.59,2144393.0,13645.0,103565.55,RIOT PLATFORMS INC,RIOT,148170,2018-06-30,28.394,7.727,16.766,2.868,-24.017,86.5093,6.34,39953763.0,36110.72175732218,6177.117380412741,-4312.176791439398,103556.511,36107.57008368201,-0.4503436511243698,0.8217925885166018,-0.4501692653144927,0.24316455957979277,0.041111057914383006,crypto
17354,2018-07-27,0.037208,0.037208,8.1732,16308.0,14783.0,120824.4156,BIT DIGITAL INC,BTBT,032878,2018-06-30,15.257,0.39,14.268,5.223,-0.748,85.0023,5.75,1842789.0,23133.14485927628,8468.20967199327,-161529.96737967915,120810.5376,23130.487765651924,0.9120412650115283,1.0606999367309151,0.9120627639836293,-0.7372403117428484,0.536890913495806,crypto
15826,2018-07-27,-0.029726,-0.029726,69.85,8700981.0,289951.0,20253077.349999998,BLOCK INC,XYZ,026367,2018-06-30,3554.827,2473.198,1081.629,814.938,-5.906,25084.5213,61.64,685394673.0,24852.292260270104,18724.606450085936,-3429237.6142905517,20254468.918999996,24853.999836797397,1.292342518724356,1.190283890948556,1.2923643205036264,-2.6084377755317867,0.291638238661188,crypto
15488,2018-07-27,-0.041283,-0.041283,85.46,14869453.0,1183673.0,101156694.58,PAYPAL HOLDINGS INC,PYPL,024616,2018-06-30,41677.0,26658.0,15019.0,3857.0,526.0,98591.68,83.27,509175097.0,26226.78106818771,6735.248324122777,192313.10756653993,101168333.58,26229.798698470313,1.028563743311612,1.4011802021225166,1.0286192394838454,0.7318536053074981,1.047554197556368,crypto
15826,2018-07-30,-0.060558,-0.060558,65.62,13598977.0,289951.0,19026584.62,BLOCK INC,XYZ,026367,2018-06-30,3554.827,2473.198,1081.629,814.938,-5.906,25084.5213,61.64,685394673.0,23347.278713227264,17590.67537945081,-3221568.6793091777,19027976.189,23348.986289754557,1.1357067235679832,1.038874326097961,1.1357387907612975,-2.424419885394601,0.22147498875816019,crypto
92213,2018-07-30,0.003953,0.003953,7.62,870358.0,13645.0,103974.9,RIOT PLATFORMS INC,RIOT,148170,2018-06-30,28.394,7.727,16.766,2.868,-24.017,86.5093,6.34,39953763.0,36253.45188284519,6201.5328641297865,-4329.220968480659,103965.86099999999,36250.300209205016,-0.4502632424961993,0.8276183707120799,-0.4500888554947895,0.24186261593729627,0.04228222216459684,crypto
17354,2018-07-30,0.011844,0.011844,8.27,16420.0,14783.0,122255.40999999999,BIT DIGITAL INC,BTBT,032878,2018-06-30,15.257,0.39,14.268,5.223,-0.748,85.0023,5.75,1842789.0,23407.124258089218,8568.503644519202,-163443.06149732618,122241.53199999999,23404.467164464866,1.0101424831794141,1.1715238378284631,1.0101661832834443,-0.8407803734049317,0.5877630327215975,crypto
15488,2018-07-30,-0.035923,-0.035923,82.39,13494436.0,1183673.0,97522818.47,PAYPAL HOLDINGS INC,PYPL,024616,2018-06-30,41677.0,26658.0,15019.0,3857.0,526.0,98591.68,83.27,509175097.0,25284.630145190564,6493.296389240296,185404.59785171103,97534457.47,25287.647775473164,0.8047986398393493,1.2293199002908923,0.8048998696347941,0.5402553898027117,0.8448184498919369,crypto
15826,2018-07-31,-0.014782,-0.014782,64.65,10692312.0,289951.0,18745332.150000002,BLOCK INC,XYZ,026367,2018-06-30,3554.827,2473.198,1081.629,814.938,-5.906,25084.5213,61.64,685394673.0,23002.157403385292,17330.648632756707,-3173947.1977649853,18746723.719,23003.86497991258,1.0997878769245601,1.0041539294300943,1.0998222981253496,-2.382221929500258,0.20538554374493656,crypto
15488,2018-07-31,-0.003034,-0.003034,82.14,13451524.0,1183673.0,97226900.22,PAYPAL HOLDINGS INC,PYPL,024616,2018-06-30,41677.0,26658.0,15019.0,3857.0,526.0,98591.68,83.27,509175097.0,25207.907757324345,6473.593462946934,184842.01562737642,97238539.22,25210.92538760695,0.7865767258758096,1.215324761705255,0.7866816799076732,0.5246529292567188,0.8283090241863642,crypto
17354,2018-07-31,0.088271,0.088271,9.0,15069.0,14783.0,133047.0,BIT DIGITAL INC,BTBT,032878,2018-06-30,15.257,0.39,14.268,5.223,-0.748,85.0023,5.75,1842789.0,25473.29121194716,9324.852817493691,-177870.32085561496,133033.122,25470.634118322803,1.749955388784351,2.007282596105436,1.749995688333704,-1.6216093508152802,0.9714060806020528,crypto
92213,2018-07-31,-0.148294,-0.148294,6.49,1569011.0,13645.0,88556.05,RIOT PLATFORMS INC,RIOT,148170,2018-06-30,28.394,7.727,16.766,2.868,-24.017,86.5093,6.34,39953763.0,30877.283821478384,5281.882977454373,-3687.2236332597745,88547.011,30874.132147838216,-0.4532919674906228,0.6081805746823945,-0.45311762537027633,0.290902493137999,-0.0018316312601264068,crypto
92213,2018-08-01,-0.009245,-0.009245,6.43,759998.0,13645.0,87737.34999999999,RIOT PLATFORMS INC,RIOT,148170,2018-06-30,28.394,7.727,16.766,2.868,-24.017,86.5093,6.34,39953763.0,30591.823570432356,5233.052010020279,-3653.1352791772492,87728.31099999999,30588.671896792188,-0.4534527847469638,0.5965290102914377,-0.4532784450096828,0.2935063804229921,-0.004173959760554208,crypto
15488,2018-08-01,0.01607,0.01607,83.46,11156456.0,1183673.0,98789348.58,PAYPAL HOLDINGS INC,PYPL,024616,2018-06-30,41677.0,26658.0,15019.0,3857.0,526.0,98591.68,83.27,509175097.0,25613.001965257972,6577.624913775884,187812.44977186312,98800987.58,25616.019595540576,0.8827884316032975,1.2892190934374195,0.8828737216668744,0.6070339209395589,0.9154787919117875,crypto
15826,2018-08-01,0.034184,0.034184,66.86,11990436.0,289951.0,19386123.86,BLOCK INC,XYZ,026367,2018-06-30,3554.827,2473.198,1081.629,814.938,-5.906,25084.5213,61.64,685394673.0,23788.464717561335,17923.08070512163,-3282445.624788351,19387515.428999998,23790.17229408863,1.1816235996894733,1.0832591630754405,1.1816526576361173,-2.4783636640636577,0.24204293908434327,crypto
17354,2018-08-01,-0.055556,-0.055556,8.5,583.0,14783.0,125655.5,BIT DIGITAL INC,BTBT,032878,2018-06-30,15.257,0.39,14.268,5.223,-0.748,85.0023,5.75,1842789.0,24058.108366838984,8806.805438744042,-167988.63636363635,125641.622,24055.45127321463,1.243234220561793,1.4348450904362784,1.2432631506280472,-1.0867949827260008,0.7086368697250294,crypto
15488,2018-08-02,0.024802,0.024802,85.53,8323578.0,1183673.0,101239551.69,PAYPAL HOLDINGS INC,PYPL,024616,2018-06-30,41677.0,26658.0,15019.0,3857.0,526.0,98591.68,83.27,509175097.0,26248.263336790253,6740.765143484919,192470.63058935362,101251190.69,26251.280967072853,1.0336658792214035,1.405098840926495,1.0337203326074391,0.7362222942603761,1.0521768367539284,crypto
15826,2018-08-02,0.086599,0.086599,72.65,20831930.0,289951.0,21064940.150000002,BLOCK INC,XYZ,026367,2018-06-30,3554.827,2473.198,1081.629,814.938,-5.906,25084.5213,61.64,685394673.0,25848.51872166963,19475.199120955527,-3566701.6847273964,21066331.719,25850.226298196918,1.3960257873857858,1.2905077163815748,1.3960407940919297,-2.730246308010303,0.33808199746224676,crypto
92213,2018-08-02,0.055988,0.055988,6.79,1270686.0,13645.0,92649.55,RIOT PLATFORMS INC,RIOT,148170,2018-06-30,28.394,7.727,16.766,2.868,-24.017,86.5093,6.34,39953763.0,32304.58507670851,5526.037814624837,-3857.665403672399,92640.511,32301.433403068342,-0.4524878812089174,0.6664383966371783,-0.45231352717324447,0.27788305671303365,0.009880011242012515,crypto
17354,2018-08-02,-0.009412,-0.009412,8.42,8273.0,14783.0,124472.86,BIT DIGITAL INC,BTBT,032878,2018-06-30,15.257,0.39,14.268,5.223,-0.748,85.0023,5.75,1842789.0,23831.679111621674,8723.917858144097,-166407.56684491978,124458.982,23829.022017997322,1.1621588336461828,1.3432550895292117,1.1621859445951426,-1.0012246838317165,0.6665937959847051,crypto
17354,2018-08-03,-0.009501,-0.009501,8.34,3777.0,14783.0,123290.22,BIT DIGITAL INC,BTBT,032878,2018-06-30,15.257,0.39,14.268,5.223,-0.748,85.0023,5.75,1842789.0,23605.249856404367,8641.030277544154,-164826.4973262032,123276.342,23602.592762780012,1.081083446730574,1.251665088622147,1.0811087385622369,-0.9156543849374322,0.6245507222443815,crypto
92213,2018-08-03,0.005891,0.005891,6.83,1245087.0,13645.0,93195.35,RIOT PLATFORMS INC,RIOT,148170,2018-06-30,28.394,7.727,16.766,2.868,-24.017,86.5093,6.34,39953763.0,32494.891910739196,5558.591792914232,-3880.390973060749,93186.311,32491.740237099024,-0.45238066970469,0.6742061062311495,-0.45220631408030687,0.27614713185637163,0.011441563575631072,crypto
15826,2018-08-03,-0.05905,-0.05905,68.36,14949028.0,289951.0,19821050.36,BLOCK INC,XYZ,026367,2018-06-30,3554.827,2473.198,1081.629,814.938,-5.906,25084.5213,61.64,685394673.0,24322.15746473965,18325.183921658907,-3356087.091093803,19822441.928999998,24323.86504126694,1.237168207900953,1.136950498128843,1.237193625629851,-2.543618235034291,0.266923524156339,crypto
15488,2018-08-03,-0.003975,-0.003975,85.19,6216075.0,1183673.0,100837102.86999999,PAYPAL HOLDINGS INC,PYPL,024616,2018-06-30,41677.0,26658.0,15019.0,3857.0,526.0,98591.68,83.27,509175097.0,26143.920889292192,6713.969163725947,191705.51876425854,100848741.86999999,26146.938519574796,1.008884076230989,1.3860654524500284,1.0089435945785539,0.7150029479178257,1.0297240177943492,crypto
92213,2018-08-06,-0.004392,-0.004392,6.8,564593.0,13645.0,92786.0,RIOT PLATFORMS INC,RIOT,148170,2018-06-30,28.394,7.727,16.766,2.868,-24.017,86.5093,6.34,39953763.0,32352.16178521618,5534.176309197185,-3863.346796019486,92776.961,32349.01011157601,-0.45246107833286053,0.668380324035671,-0.45228672390001,0.27744907549886816,0.010270399325417165,crypto
17354,2018-08-06,-0.055372,-0.055372,7.8782,5463.0,14783.0,116463.43059999999,BIT DIGITAL INC,BTBT,032878,2018-06-30,15.257,0.39,14.268,5.223,-0.748,85.0023,5.75,1842789.0,22298.186980662453,8162.5617185309775,-155699.77352941176,116449.5526,22295.5298870381,0.6130757757602178,0.7229618083861115,0.6130905667372919,-0.42169983457017307,0.381857079078362,crypto
15826,2018-08-06,0.037449,0.037449,70.92,10876048.0,289951.0,20563324.92,BLOCK INC,XYZ,026367,2018-06-30,3554.827,2473.198,1081.629,814.938,-5.906,25084.5213,61.64,685394673.0,25232.99308659064,19011.44007788253,-3481768.5269217747,20564716.489,25234.700663117932,1.3319643392485456,1.2285837099533168,1.331983544339157,-2.6549860361575055,0.3093863893458785,crypto
15488,2018-08-06,0.006808,0.006808,85.77,5701860.0,1183673.0,101523633.21,PAYPAL HOLDINGS INC,PYPL,024616,2018-06-30,41677.0,26658.0,15019.0,3857.0,526.0,98591.68,83.27,509175097.0,26321.916829141817,6759.679952726546,193010.70952471482,101535272.21,26324.93445942442,1.0511589166264004,1.4185341739687065,1.0512097947454757,0.7512006563845285,1.0680258854312779,crypto
15488,2018-08-07,0.006179,0.006179,86.3,4940317.0,1183673.0,102150979.89999999,PAYPAL HOLDINGS INC,PYPL,024616,2018-06-30,41677.0,26658.0,15019.0,3857.0,526.0,98591.68,83.27,509175097.0,26484.5682914182,6801.450156468472,194203.38384030416,102162618.89999999,26487.5859217008,1.0897893742291043,1.4482038677702573,1.0898323569669728,0.7842778727420318,1.1030258679270915,crypto
17354,2018-08-07,-0.063466,-0.063466,7.3782,2221.0,14783.0,109071.93059999999,BIT DIGITAL INC,BTBT,032878,2018-06-30,15.257,0.39,14.268,5.223,-0.748,85.0023,5.75,1842789.0,20883.004135554278,7644.514339781328,-145818.08903743315,109058.0526,20880.347041929926,0.1063546075376596,0.15052430271695277,0.10635802903163512,0.11311453351910643,0.11908786820133849,crypto
15826,2018-08-07,0.001128,0.001128,71.0,6589678.0,289951.0,20586521.0,BLOCK INC,XYZ,026367,2018-06-30,3554.827,2473.198,1081.629,814.938,-5.906,25084.5213,61.64,685394673.0,25261.45669977348,19032.885582764517,-3485696.071791399,20587912.569,25263.164276300773,1.3349267183531577,1.2314472478228313,1.3349457292988225,-2.658466279942606,0.3107133538830513,crypto
92213,2018-08-07,0.019118,0.019118,6.93,643931.0,13645.0,94559.84999999999,RIOT PLATFORMS INC,RIOT,148170,2018-06-30,28.394,7.727,16.766,2.868,-24.017,86.5093,6.34,39953763.0,32970.658995815895,5639.976738637719,-3937.204896531623,94550.81099999999,32967.50732217573,-0.45211264094412157,0.6936253802160771,-0.4519382813479629,0.27180731971471656,0.015345444409677306,crypto
17354,2018-08-08,-0.021916,-0.021916,7.2165,11087.0,14783.0,106681.5195,BIT DIGITAL INC,BTBT,032878,2018-06-30,15.257,0.39,14.268,5.223,-0.748,85.0023,5.75,1842789.0,20425.334003446296,7476.977817493692,-142622.35227272726,106667.6415,20422.67690982194,-0.05751901826551503,-0.03460198661645272,-0.05751927366237491,0.2860735001591796,0.03410830540370923,crypto
15826,2018-08-08,-0.002535,-0.002535,70.82,5008557.0,289951.0,20534329.819999997,BLOCK INC,XYZ,026367,2018-06-30,3554.827,2473.198,1081.629,814.938,-5.906,25084.5213,61.64,685394673.0,25197.41357011208,18984.63319678004,-3476859.0958347437,20535721.388999995,25199.12114663937,1.3282613653677797,1.2250042876164227,1.3282808131395738,-2.6506357314261293,0.3077276836744117,crypto
92213,2018-08-08,-0.02886,-0.02886,6.73,615722.0,14035.0,94455.55,RIOT PLATFORMS INC,RIOT,148170,2018-06-30,28.394,7.727,16.766,2.868,-24.017,86.5093,6.34,39953763.0,32934.29218967922,5633.755815340571,-3932.8621393179833,94446.511,32931.14051603905,-0.452133128595076,0.6921410047843236,-0.4519587693025129,0.27213904738519995,0.015047038567983673,crypto
15488,2018-08-08,0.005098,0.005098,86.74,3889080.0,1183673.0,102671796.02,PAYPAL HOLDINGS INC,PYPL,024616,2018-06-30,41677.0,26658.0,15019.0,3857.0,526.0,98591.68,83.27,509175097.0,26619.59969406274,6836.12730674479,195193.52855513306,102683435.02,26622.617324345345,1.1218599428049334,1.4728353116809796,1.1218963708867071,0.8117382033029785,1.1320824571688997,crypto
17354,2018-08-09,0.033742,0.033742,7.46,13878.0,14783.0,110281.18,BIT DIGITAL INC,BTBT,032878,2018-06-30,15.257,0.39,14.268,5.223,-0.748,85.0023,5.75,1842789.0,21114.528049013978,7729.26689094477,-147434.73262032084,110267.302,21111.870955389622,0.1892541906588709,0.24417507864442659,0.18925947220028005,0.0256189028997011,0.16207691110081965,crypto
15488,2018-08-09,0.004957,0.004957,87.17,5505014.0,1183673.0,103180775.41,PAYPAL HOLDINGS INC,PYPL,024616,2018-06-30,41677.0,26658.0,15019.0,3857.0,526.0,98591.68,83.27,509175097.0,26751.562201192635,6870.016339969372,196161.16998098858,103192414.41,26754.57983147524,1.1532016348222212,1.4969069500482755,1.153231657217356,0.8385744354420854,1.1604786693824845,crypto
15826,2018-08-09,-0.020333,-0.020333,69.38,6312666.0,289951.0,20116800.38,BLOCK INC,XYZ,026367,2018-06-30,3554.827,2473.198,1081.629,814.938,-5.906,25084.5213,61.64,685394673.0,24685.0685328209,18598.614108904254,-3406163.2881815103,20118191.948999997,24686.776109348193,1.2749385414847592,1.1734606059651564,1.2749614838655898,-2.5879913432943216,0.2838423220052959,crypto
92213,2018-08-09,0.010401,0.010401,6.8,511721.0,14035.0,95438.0,RIOT PLATFORMS INC,RIOT,148170,2018-06-30,28.394,7.727,16.766,2.868,-24.017,86.5093,6.34,39953763.0,33276.847977684796,5692.353572706669,-3973.7685805887495,95428.961,33273.69630404463,-0.4519401459231665,0.7061230243713463,-0.451765783770896,0.2690143508380625,0.01785786137883659,crypto
92213,2018-08-10,0.023529,0.023529,6.96,763154.0,14035.0,97683.6,RIOT PLATFORMS INC,RIOT,148170,2018-06-30,28.394,7.727,16.766,2.868,-24.017,86.5093,6.34,39953763.0,34059.832635983264,5826.291303829179,-4067.2690177790737,97674.561,34056.680962343096,-0.4514990426730877,0.7380819262845411,-0.4513246739843429,0.26187218730174827,0.02428259923221468,crypto
15488,2018-08-10,-0.001835,-0.001835,87.01,5796358.0,1183673.0,102991387.73,PAYPAL HOLDINGS INC,PYPL,024616,2018-06-30,41677.0,26658.0,15019.0,3857.0,526.0,98591.68,83.27,509175097.0,26702.459872958258,6857.406467141621,195801.11735741445,103003026.73,26705.47750324086,1.1415396098855564,1.4879500613534677,1.1415720157919986,0.8285888606926508,1.1499126369309183,crypto
15826,2018-08-10,0.017584,0.017584,70.6,13376613.0,289951.0,20470540.599999998,BLOCK INC,XYZ,026367,2018-06-30,3554.827,2473.198,1081.629,814.938,-5.906,25084.5213,61.64,685394673.0,25119.13863385926,18925.658058354573,-3466058.347443278,20471932.168999996,25120.846210386553,1.320114822830096,1.217129558475257,1.3201348045004933,-2.6410650610171036,0.30407853119718564,crypto
17354,2018-08-10,-0.000483,-0.000483,7.4564,1522.0,14783.0,110227.9612,BIT DIGITAL INC,BTBT,032878,2018-06-30,15.257,0.39,14.268,5.223,-0.748,85.0023,5.75,1842789.0,21104.3387325292,7725.536949817774,-147363.5844919786,110214.08320000001,21101.681638904847,0.18560579824766849,0.2400535286036103,0.18561099792880062,0.02946956634994319,0.16018497278250565,crypto
15488,2018-08-13,0.0,0.0,87.01,6037562.0,1183673.0,102991387.73,PAYPAL HOLDINGS INC,PYPL,024616,2018-06-30,41677.0,26658.0,15019.0,3857.0,526.0,98591.68,83.27,509175097.0,26702.459872958258,6857.406467141621,195801.11735741445,103003026.73,26705.47750324086,1.1415396098855564,1.4879500613534677,1.1415720157919986,0.8285888606926508,1.1499126369309183,crypto
92213,2018-08-13,-0.03592,-0.03592,6.71,391128.0,14035.0,94174.85,RIOT PLATFORMS INC,RIOT,148170,2018-06-30,28.394,7.727,16.766,2.868,-24.017,86.5093,6.34,39953763.0,32836.419107391914,5617.013598950258,-3921.174584669193,94165.811,32833.267433751746,-0.4521882665013358,0.6881461420451744,-0.452013908025832,0.27303181782723923,0.014243946336311458,crypto
17354,2018-08-13,-0.054504,-0.054504,7.05,8106.0,14783.0,104220.15,BIT DIGITAL INC,BTBT,032878,2018-06-30,15.257,0.39,14.268,5.223,-0.748,85.0023,5.75,1842789.0,19954.078116025274,7304.468040370058,-139331.7513368984,104206.272,19951.42102240092,-0.22625716728362708,-0.2252236760042836,-0.22626120871835878,0.4641666847329094,-0.05339384181834002,crypto
15826,2018-08-13,0.025071,0.025071,72.37,13091017.0,289951.0,20983753.87,BLOCK INC,XYZ,026367,2018-06-30,3554.827,2473.198,1081.629,814.938,-5.906,25084.5213,61.64,685394673.0,25748.896075529672,19400.139853868564,-3552955.2776837116,20985145.439,25750.603652056965,1.3856574605196426,1.2804853338382725,1.3856731467330994,-2.718065454762451,0.33343762158214085,crypto
17354,2018-08-14,0.014879,0.014879,7.1549,6672.0,14783.0,105770.88669999999,BIT DIGITAL INC,BTBT,032878,2018-06-30,15.257,0.39,14.268,5.223,-0.748,85.0023,5.75,1842789.0,20250.983476928966,7413.154380431734,-141404.92874331548,105757.00869999999,20248.326383304615,-0.11994706619053518,-0.10512628731489386,-0.1199487223077115,0.3519626303077798,0.0017351386236598154,crypto
15826,2018-08-14,0.035927,0.035927,74.97,10883342.0,289951.0,21737626.47,BLOCK INC,XYZ,026367,2018-06-30,3554.827,2473.198,1081.629,814.938,-5.906,25084.5213,61.64,685394673.0,26673.96350397208,20097.11876253318,-3680600.485946495,21739018.038999997,26675.67108049937,1.481934781419541,1.3735503145975034,1.4819441579222377,-2.8311733777782155,0.3765639690402667,crypto
15488,2018-08-14,0.008275,0.008275,87.73,6104898.0,1183673.0,103843632.29,PAYPAL HOLDINGS INC,PYPL,024616,2018-06-30,41677.0,26658.0,15019.0,3857.0,526.0,98591.68,83.27,509175097.0,26923.420350012966,6914.150894866503,197421.35416349812,103855271.29,26926.43798029557,1.1940187221005503,1.5282560604801034,1.1940404022061089,0.8735239470651096,1.197459782962968,crypto
92213,2018-08-14,-0.008942,-0.008942,6.65,341306.0,14035.0,93332.75,RIOT PLATFORMS INC,RIOT,148170,2018-06-30,28.394,7.727,16.766,2.868,-24.017,86.5093,6.34,39953763.0,32542.799860529987,5566.786949779316,-3886.111920722821,93323.711,32539.64818688982,-0.4523536802201154,0.6761615538277264,-0.45217932419578943,0.2757101291533571,0.011834669641294648,crypto
15488,2018-08-15,-0.028953,-0.028953,85.19,8734130.0,1183673.0,100837102.86999999,PAYPAL HOLDINGS INC,PYPL,024616,2018-06-30,41677.0,26658.0,15019.0,3857.0,526.0,98591.68,83.27,509175097.0,26143.920889292192,6713.969163725947,191705.51876425854,100848741.86999999,26146.938519574796,1.008884076230989,1.3860654524500284,1.0089435945785539,0.7150029479178257,1.0297240177943492,crypto
92213,2018-08-15,-0.195489,-0.195489,5.35,1468268.0,14035.0,75087.25,RIOT PLATFORMS INC,RIOT,148170,2018-06-30,28.394,7.727,16.766,2.868,-24.017,86.5093,6.34,39953763.0,26181.04951185495,4478.542884408923,-3126.4208685514427,75078.211,26177.897838214783,-0.45593764412700555,0.4164954757830193,-0.4557633412115329,0.33374020788590986,-0.040366325417402316,crypto
15826,2018-08-15,-0.036415,-0.036415,72.24,13050926.0,289951.0,20946060.24,BLOCK INC,XYZ,026367,2018-06-30,3554.827,2473.198,1081.629,814.938,-5.906,25084.5213,61.64,685394673.0,25702.64270410755,19365.290908435334,-3546573.017270572,20947451.808999997,25704.35028063484,1.3808435944746476,1.2758320848003109,1.380859596173642,-2.7124100586116624,0.3312813042092345,crypto
17354,2018-08-15,-0.02165,-0.02165,7.0,1701.0,14783.0,103481.0,BIT DIGITAL INC,BTBT,032878,2018-06-30,15.257,0.39,14.268,5.223,-0.748,85.0023,5.75,1842789.0,19812.559831514456,7252.663302495093,-138343.58288770053,103467.122,19809.9027378901,-0.2769292841058829,-0.2824674265711988,-0.27693446248892445,0.5176481215418377,-0.07967076290604211,crypto
15488,2018-08-16,0.001526,0.001526,85.32,5959013.0,1183673.0,100990980.35999998,PAYPAL HOLDINGS INC,PYPL,024616,2018-06-30,41677.0,26658.0,15019.0,3857.0,526.0,98591.68,83.27,509175097.0,26183.816530982625,6724.214685398494,191998.0615209125,101002619.35999998,26186.83416126523,1.0183594714920294,1.3933429245145594,1.018417053236657,0.7231162274017413,1.038308919161247,crypto
92213,2018-08-16,0.007477,0.007477,5.39,1033219.0,14035.0,75648.65,RIOT PLATFORMS INC,RIOT,148170,2018-06-30,28.394,7.727,16.766,2.868,-24.017,86.5093,6.34,39953763.0,26376.795676429567,4512.027317189551,-3149.7959778490235,75639.61099999999,26373.6440027894,-0.4558273683144859,0.42448520126131806,-0.4556530637648946,0.33195466700183135,-0.038760140954057776,crypto
15826,2018-08-16,0.007198,0.007198,72.76,8180411.0,289951.0,21096834.76,BLOCK INC,XYZ,026367,2018-06-30,3554.827,2473.198,1081.629,814.938,-5.906,25084.5213,61.64,685394673.0,25887.656189796035,19504.68669016826,-3572102.0589231295,21098226.329,25889.363766323328,1.4000990586546274,1.2944450809521573,1.4001137984114702,-2.7350316432148163,0.33990657370085964,crypto
17354,2018-08-16,0.044286,0.044286,7.31,7706.0,14783.0,108063.73,BIT DIGITAL INC,BTBT,032878,2018-06-30,15.257,0.39,14.268,5.223,-0.748,85.0023,5.75,1842789.0,20689.973195481525,7573.852677319876,-144470.22727272726,108049.852,20687.31610185717,0.037237840192103445,0.07244382694368008,0.037239710888583,0.18606321332648432,0.08324614783771271,crypto
15488,2018-08-17,0.001524,0.001524,85.45,6232413.0,1183673.0,101144857.85000001,PAYPAL HOLDINGS INC,PYPL,024616,2018-06-30,41677.0,26658.0,15019.0,3857.0,526.0,98591.68,83.27,509175097.0,26223.712172673066,6734.460207071044,192290.60427756657,101156496.85000001,26226.729802955666,1.0278348667530717,1.4006203965790922,1.027890511894761,0.7312295068856591,1.046893820528146,crypto
15826,2018-08-17,0.001924,0.001924,72.9,5561358.0,289951.0,21137427.900000002,BLOCK INC,XYZ,026367,2018-06-30,3554.827,2473.198,1081.629,814.938,-5.906,25084.5213,61.64,685394673.0,25937.467512866013,19542.21632371174,-3578975.2624449716,21138819.469,25939.175089393306,1.405283222087699,1.2994562722238083,1.4052976220908857,-2.7411220698387417,0.34222876164091276,crypto
17354,2018-08-17,-0.062928,-0.062928,6.85,31904.0,14783.0,101263.54999999999,BIT DIGITAL INC,BTBT,032878,2018-06-30,15.257,0.39,14.268,5.223,-0.748,85.0023,5.75,1842789.0,19388.004977982,7097.249088870198,-135379.07754010693,101249.67199999999,19385.34788435765,-0.42894563457265167,-0.45419867827194726,-0.4289542238006215,0.6780924319686225,-0.15850152616914948,crypto
92213,2018-08-17,-0.003711,-0.003711,5.37,255921.0,14035.0,75367.95,RIOT PLATFORMS INC,RIOT,148170,2018-06-30,28.394,7.727,16.766,2.868,-24.017,86.5093,6.34,39953763.0,26278.92259414226,4495.285100799237,-3138.108423200233,75358.911,26275.77092050209,-0.4558825062207457,0.42049033852216866,-0.4557082024882137,0.33284743744387063,-0.03956323318573003,crypto
17354,2018-08-20,0.0,0.0,6.85,5504.0,14783.0,101263.54999999999,BIT DIGITAL INC,BTBT,032878,2018-06-30,15.257,0.39,14.268,5.223,-0.748,85.0023,5.75,1842789.0,19388.004977982,7097.249088870198,-135379.07754010693,101249.67199999999,19385.34788435765,-0.42894563457265167,-0.45419867827194726,-0.4289542238006215,0.6780924319686225,-0.15850152616914948,crypto
92213,2018-08-20,-0.011173,-0.011173,5.31,425457.0,14035.0,74525.84999999999,RIOT PLATFORMS INC,RIOT,148170,2018-06-30,28.394,7.727,16.766,2.868,-24.017,86.5093,6.34,39953763.0,25985.303347280333,4445.058451628295,-3103.0457592538614,74516.81099999999,25982.151673640165,-0.45604791993952526,0.4085057503047206,-0.45587361865817116,0.3355257487699885,-0.04197250988074684,crypto
15826,2018-08-20,0.018656,0.018656,74.26,7076703.0,289951.0,21531761.26,BLOCK INC,XYZ,026367,2018-06-30,3554.827,2473.198,1081.629,814.938,-5.906,25084.5213,61.64,685394673.0,26421.348936974347,19906.789906705537,-3645743.5252285814,21533152.829,26423.05651350164,1.4556436668661072,1.3481364160055598,1.455654766405204,-2.8002862141854497,0.3647871587728553,crypto
15488,2018-08-20,0.003511,0.003511,85.75,4099676.0,1183673.0,101499959.75,PAYPAL HOLDINGS INC,PYPL,024616,2018-06-30,41677.0,26658.0,15019.0,3857.0,526.0,98591.68,83.27,509175097.0,26315.779038112523,6758.103718623078,192965.70294676805,101511598.75,26318.796668395127,1.049701163509318,1.4174145628818564,1.0497523395673067,0.749952459540849,1.0667051313748326,crypto
15826,2018-08-21,0.012524,0.012524,75.19,8587771.0,289951.0,21801415.689999998,BLOCK INC,XYZ,026367,2018-06-30,3554.827,2473.198,1081.629,814.938,-5.906,25084.5213,61.64,685394673.0,26752.238440224897,20156.093900958647,-3691401.2343379613,21802807.258999996,26753.94601675219,1.4900813239572241,1.381425043738669,1.4900901665613187,-2.8407440481872417,0.38021312151749254,crypto
92213,2018-08-21,0.0,0.0,5.31,365933.0,14035.0,74525.84999999999,RIOT PLATFORMS INC,RIOT,148170,2018-06-30,28.394,7.727,16.766,2.868,-24.017,86.5093,6.34,39953763.0,25985.303347280333,4445.058451628295,-3103.0457592538614,74516.81099999999,25982.151673640165,-0.45604791993952526,0.4085057503047206,-0.45587361865817116,0.3355257487699885,-0.04197250988074684,crypto
15488,2018-08-21,0.005481,0.005481,86.22,5384366.0,1183673.0,102056286.06,PAYPAL HOLDINGS INC,PYPL,024616,2018-06-30,41677.0,26658.0,15019.0,3857.0,526.0,98591.68,83.27,509175097.0,26460.017127301013,6795.145220054597,194023.3575285171,102067925.06,26463.034757583613,1.0839583617607724,1.4437254234228538,1.0840025362542944,0.7792850853673149,1.0977428517013088,crypto
17354,2018-08-21,0.033562,0.033562,7.0799,15046.0,14783.0,104662.16170000001,BIT DIGITAL INC,BTBT,032878,2018-06-30,15.257,0.39,14.268,5.223,-0.748,85.0023,5.75,1842789.0,20038.706050162746,7335.447273619288,-139922.67606951873,104648.28370000001,20036.04895653839,-0.19595524142391696,-0.19099191316526612,-0.19595860296355938,0.43218478552116985,-0.03768024300789316,crypto
17354,2018-08-22,-0.004237,-0.004237,7.0499,7630.0,14783.0,104218.6717,BIT DIGITAL INC,BTBT,032878,2018-06-30,15.257,0.39,14.268,5.223,-0.748,85.0023,5.75,1842789.0,19953.795079456253,7304.364430894309,-139329.775,104204.79370000001,19951.1379858319,-0.22635851151727124,-0.2253381635054156,-0.22636255522589827,0.4642736476065274,-0.05344639566051443,crypto
15488,2018-08-22,0.008467,0.008467,86.95,4265905.0,1183673.0,102920367.35000001,PAYPAL HOLDINGS INC,PYPL,024616,2018-06-30,41677.0,26658.0,15019.0,3857.0,526.0,98591.68,83.27,509175097.0,26684.04649987037,6852.6777648312145,195666.09762357417,102932006.35000001,26687.064130152972,1.1371663505343075,1.4845912280929152,1.1371996502574901,0.8248442701616133,1.1459503747615816,crypto
92213,2018-08-22,0.060264,0.060264,5.63,604763.0,14035.0,79017.05,RIOT PLATFORMS INC,RIOT,148170,2018-06-30,28.394,7.727,16.766,2.868,-24.017,86.5093,6.34,39953763.0,27551.27266387727,4712.933913873316,-3290.046633634509,79008.011,27548.1209902371,-0.4551657134393677,0.4724235541311102,-0.45499139908506503,0.32124142169736003,-0.02912303417399062,crypto
15826,2018-08-22,0.016625,0.016625,76.44,6827755.0,289951.0,22163854.439999998,BLOCK INC,XYZ,026367,2018-06-30,3554.827,2473.198,1081.629,814.938,-5.906,25084.5213,61.64,685394673.0,27196.982396206826,20491.17991473971,-3752769.122925838,22165246.008999996,27198.68997273412,1.5363684974667908,1.4261678229498376,1.5363743065560969,-2.8951228573294365,0.4009469424108222,crypto
15826,2018-08-23,0.008896,0.008896,77.12,7721737.0,289951.0,22361021.12,BLOCK INC,XYZ,026367,2018-06-30,3554.827,2473.198,1081.629,814.938,-5.906,25084.5213,61.64,685394673.0,27438.923108261,20673.466706236613,-3786153.2543176436,22362412.689,27440.63068478829,1.5615487198559954,1.450507894840714,1.5615528787132567,-2.924704929502791,0.4122261409767938,crypto
17354,2018-08-23,-0.007092,-0.007092,6.9999,1962.0,14783.0,103479.5217,BIT DIGITAL INC,BTBT,032878,2018-06-30,15.257,0.39,14.268,5.223,-0.748,85.0023,5.75,1842789.0,19812.276794945432,7252.559693019343,-138341.60655080213,103465.6437,19809.61970132108,-0.27703062833952835,-0.2825819140723328,-0.27703580899646524,0.5177550844154557,-0.07972331674821767,crypto
92213,2018-08-23,-0.028419,-0.028419,5.47,390182.0,14035.0,76771.45,RIOT PLATFORMS INC,RIOT,148170,2018-06-30,28.394,7.727,16.766,2.868,-24.017,86.5093,6.34,39953763.0,26768.2880055788,4578.996182750806,-3196.546196444185,76762.411,26765.136331938633,-0.45560681668944647,0.4404646522179155,-0.45543250887161807,0.3283835852336743,-0.035547772027368696,crypto
15488,2018-08-23,0.004945,0.004945,87.38,4309836.0,1183673.0,103429346.74,PAYPAL HOLDINGS INC,PYPL,024616,2018-06-30,41677.0,26658.0,15019.0,3857.0,526.0,98591.68,83.27,509175097.0,26816.00900700026,6886.5667980557955,196633.73904942966,103440985.74,26819.02663728286,1.1685080425515944,1.5086628664602104,1.1685349365881375,0.8516805023007196,1.1743465869751655,crypto
15826,2018-08-24,0.013745,0.013745,78.18,7050599.0,289951.0,22668369.180000003,BLOCK INC,XYZ,026367,2018-06-30,3554.827,2473.198,1081.629,814.938,-5.906,25084.5213,61.64,685394673.0,27816.065982933676,20957.61964592296,-3838193.2238401636,22669760.749,27817.77355946097,1.6008002429921082,1.4884497716117857,1.6008018294288289,-2.970818159655372,0.4298084210943377,crypto
17354,2018-08-24,-0.039986,-0.039986,6.72,2846.0,14783.0,99341.76,BIT DIGITAL INC,BTBT,032878,2018-06-30,15.257,0.39,14.268,5.223,-0.748,85.0023,5.75,1842789.0,19020.057438253876,6962.556770395289,-132809.83957219252,99327.882,19017.400344629525,-0.5606931383105163,-0.6030324297459281,-0.5607046836040918,0.8171441676718334,-0.22682152099717567,crypto
92213,2018-08-24,0.005485,0.005485,5.5,330820.0,14035.0,77192.5,RIOT PLATFORMS INC,RIOT,148170,2018-06-30,28.394,7.727,16.766,2.868,-24.017,86.5093,6.34,39953763.0,26915.097629009764,4604.109507336277,-3214.077528417371,77183.461,26911.945955369596,-0.4555241098300567,0.4464569463266395,-0.4553498007866394,0.3270444295706153,-0.03434313367986032,crypto
15488,2018-08-24,0.031128,0.031128,90.1,7403555.0,1183673.0,106648937.3,PAYPAL HOLDINGS INC,PYPL,024616,2018-06-30,41677.0,26658.0,15019.0,3857.0,526.0,98591.68,83.27,509175097.0,27650.748586984704,7100.934636127571,202754.6336501901,106660576.3,27653.766217267304,1.366762466474903,1.660929974271943,1.3667488408192188,1.0214352730411167,1.3539691386517954,crypto
17354,2018-08-27,0.008929,0.008929,6.78,3993.0,14783.0,100228.74,BIT DIGITAL INC,BTBT,032878,2018-06-30,15.257,0.39,14.268,5.223,-0.748,85.0023,5.75,1842789.0,19189.879379666858,7024.722455845248,-133995.64171122995,100214.86200000001,19187.222286042506,-0.49988659812380903,-0.5343399290656281,-0.49989677907941266,0.7529664435011199,-0.19528921569193247,crypto
92213,2018-08-27,0.047273,0.047273,5.76,980948.0,14035.0,80841.59999999999,RIOT PLATFORMS INC,RIOT,148170,2018-06-30,28.394,7.727,16.766,2.868,-24.017,86.5093,6.34,39953763.0,28187.447698744767,4821.758320410354,-3366.0157388516463,80832.56099999999,28184.2960251046,-0.4548073170486787,0.4983901619355806,-0.4546329973834907,0.3154384138241048,-0.023902934668121004,crypto
15826,2018-08-27,0.000895,0.000895,78.25,8257205.0,289951.0,22688665.75,BLOCK INC,XYZ,026367,2018-06-30,3554.827,2473.198,1081.629,814.938,-5.906,25084.5213,61.64,685394673.0,27840.97164446866,20976.384462694696,-3841629.8256010837,22690057.319,27842.679220995953,1.6033923247086435,1.4909553672476104,1.603393741268536,-2.973863372967334,0.430969515064364,crypto
15488,2018-08-27,-0.001443,-0.001443,89.97,5465361.0,1183673.0,106495059.81,PAYPAL HOLDINGS INC,PYPL,024616,2018-06-30,41677.0,26658.0,15019.0,3857.0,526.0,98591.68,83.27,509175097.0,27610.85294529427,7090.689114455024,202462.09089353614,106506698.81,27613.870575576875,1.3572870712138625,1.6536525022074122,1.3572753821611165,1.013321993557201,1.345384237284898,crypto
17354,2018-08-28,0.00295,0.00295,6.8,9821.0,14783.0,100524.4,BIT DIGITAL INC,BTBT,032878,2018-06-30,15.257,0.39,14.268,5.223,-0.748,85.0023,5.75,1842789.0,19246.486693471186,7045.444350995233,-134390.9090909091,100510.522,19243.82959984683,-0.47961775139490614,-0.5114424288388625,-0.4796274775711872,0.7315738687775492,-0.18477844725685166,crypto
92213,2018-08-28,0.095486,0.095486,6.31,1369308.0,14035.0,88560.84999999999,RIOT PLATFORMS INC,RIOT,148170,2018-06-30,28.394,7.727,16.766,2.868,-24.017,86.5093,6.34,39953763.0,30878.957461645743,5282.169271143982,-3687.4234916933838,88551.81099999999,30875.805788005575,-0.4532910246265328,0.6082488872621874,-0.4531166824922146,0.29088722666802475,-0.001817898297133816,crypto
15826,2018-08-28,0.032588,0.032588,80.8,11452011.0,289951.0,23428040.8,BLOCK INC,XYZ,026367,2018-06-30,3554.827,2473.198,1081.629,814.938,-5.906,25084.5213,61.64,685394673.0,28748.249314671793,21659.959930808072,-3966820.3183203526,23429432.369,28749.956891199083,1.6978181586681593,1.5822306368383952,1.697813386857883,-3.084796143617411,0.47326650968675654,crypto
15488,2018-08-28,0.007113,0.007113,90.61,4625951.0,1183673.0,107252610.53,PAYPAL HOLDINGS INC,PYPL,024616,2018-06-30,41677.0,26658.0,15019.0,3857.0,526.0,98591.68,83.27,509175097.0,27807.262258231785,7141.12860576603,203902.3013878327,107264249.53,27810.27988851439,1.4039351709605228,1.6894800569866435,1.4039139478625469,1.0532642925549414,1.3876483670911637,crypto
92213,2018-08-29,-0.014263,-0.014263,6.22,508695.0,14035.0,87297.7,RIOT PLATFORMS INC,RIOT,148170,2018-06-30,28.394,7.727,16.766,2.868,-24.017,86.5093,6.34,39953763.0,30438.52859135286,5206.8292973875705,-3634.8294957738267,87288.661,30435.37691771269,-0.4535391452047021,0.5902720049360155,-0.4533648067471507,0.29490469365720146,-0.005431813339658961,crypto
15488,2018-08-29,0.022183,0.022183,92.62,7929031.0,1183673.0,109631793.26,PAYPAL HOLDINGS INC,PYPL,024616,2018-06-30,41677.0,26658.0,15019.0,3857.0,526.0,98591.68,83.27,509175097.0,28424.110256676173,7299.540133164658,208425.4624714829,109643432.26,28427.127886958777,1.5504393592273793,1.8020009712151666,1.5503881932686032,1.17870807534472,1.5203841497639674,crypto
17354,2018-08-29,-0.017647,-0.017647,6.68,6457.0,14783.0,98750.44,BIT DIGITAL INC,BTBT,032878,2018-06-30,15.257,0.39,14.268,5.223,-0.748,85.0023,5.75,1842789.0,18906.842810645223,6921.112980095318,-132019.30481283422,98736.562,18904.18571702087,-0.6012308317683207,-0.6488274301994604,-0.601243286620544,0.8599293171189764,-0.2478430578673372,crypto
15826,2018-08-29,0.060644,0.060644,85.7,22510552.0,289951.0,24848800.7,BLOCK INC,XYZ,026367,2018-06-30,3554.827,2473.198,1081.629,814.938,-5.906,25084.5213,61.64,685394673.0,30491.645622120945,22973.497104829847,-4207382.441584829,24850192.268999998,30493.353198648238,1.8792638788256597,1.7576223313461765,1.8792472156374134,-3.297961075454814,0.5545430875886089,crypto
15826,2018-08-30,0.024037,0.024037,87.76,20083757.0,289951.0,25446099.76,BLOCK INC,XYZ,026367,2018-06-30,3554.827,2473.198,1081.629,814.938,-5.906,25084.5213,61.64,685394673.0,31224.583661579167,23525.718855541043,-4308516.72197765,25447491.329,31226.291238106456,1.9555451407694258,1.8313584314861828,1.955523478348808,-3.3875773529211504,0.5887124244208166,crypto
15488,2018-08-30,-0.005722,-0.005722,92.09,7145858.0,1183673.0,109004446.57000001,PAYPAL HOLDINGS INC,PYPL,024616,2018-06-30,41677.0,26658.0,15019.0,3857.0,526.0,98591.68,83.27,509175097.0,28261.458794399794,7257.769929422731,207232.78815589356,109016085.57000001,28264.476424682398,1.5118089016246763,1.7723312774136157,1.5117656310471064,1.1456308589872168,1.4853841672681538,crypto
17354,2018-08-30,0.046392,0.046392,6.9899,7764.0,14783.0,103331.6917,BIT DIGITAL INC,BTBT,032878,2018-06-30,15.257,0.39,14.268,5.223,-0.748,85.0023,5.75,1842789.0,19783.97313804327,7242.198745444351,-138143.97286096256,103317.8137,19781.316044418916,-0.2871650517039785,-0.2940306641857156,-0.28717045975057864,0.528451371777241,-0.08497870096575794,crypto
92213,2018-08-30,-0.019293,-0.019293,6.1,364967.0,14035.0,85613.5,RIOT PLATFORMS INC,RIOT,148170,2018-06-30,28.394,7.727,16.766,2.868,-24.017,86.5093,6.34,39953763.0,29851.29009762901,5106.375999045688,-3564.7041678810842,85604.461,29848.138423988843,-0.45386997264226125,0.5663028285011196,-0.4536956390870655,0.3002613163094371,-0.010250366729692525,crypto
15826,2018-08-31,0.010027,0.010027,88.64,11165101.0,301612.0,26734887.68,BLOCK INC,XYZ,026367,2018-06-30,3554.827,2473.198,1081.629,814.938,-5.906,25084.5213,61.64,685394673.0,32806.0388397645,24717.243786917697,-4526733.437182526,26736279.248999998,32807.74641629179,2.120136675394444,1.9904582886471,2.1201042261658087,-3.5809417553931424,0.6624393587035525,crypto
92213,2018-08-31,0.032787,0.032787,6.3,412432.0,14035.0,88420.5,RIOT PLATFORMS INC,RIOT,148170,2018-06-30,28.394,7.727,16.766,2.868,-24.017,86.5093,6.34,39953763.0,30830.020920502095,5273.798162948826,-3681.579714368989,88411.461,30826.869246861923,-0.4533185935796627,0.606251455892613,-0.4531442518538742,0.29133361188904433,-0.0022194444129698954,crypto
15488,2018-08-31,0.002606,0.002606,92.33,4874378.0,1183673.0,109288528.09,PAYPAL HOLDINGS INC,PYPL,024616,2018-06-30,41677.0,26658.0,15019.0,3857.0,526.0,98591.68,83.27,509175097.0,28335.112286751362,7276.6847386643585,207772.86709125477,109300167.09,28338.129917033966,1.529301939029674,1.7857666104558274,1.5292550931851427,1.1606092211113692,1.5012332159455033,crypto
17354,2018-08-31,0.101589,0.101589,7.7,5199.0,14783.0,113829.1,BIT DIGITAL INC,BTBT,032878,2018-06-30,15.257,0.39,14.268,5.223,-0.748,85.0023,5.75,1842789.0,21793.8158146659,7977.929632744604,-152177.9411764706,113815.22200000001,21791.15872104155,0.43248035140569857,0.5189450813656246,0.43249109029899635,-0.2310919937831549,0.28820613232179115,crypto
15826,2018-09-04,0.029445,0.029445,91.25,13753247.0,301612.0,27522095.0,BLOCK INC,XYZ,026367,2018-06-30,3554.827,2473.198,1081.629,814.938,-5.906,25084.5213,61.64,685394673.0,33772.01087690106,25445.041691744584,-4660022.858110396,27523486.569,33773.71845342836,2.2206711844910587,2.087638414426079,2.22063214654903,-3.6990510817541304,0.7074726659280093,crypto
92213,2018-09-04,-0.01746,-0.01746,6.19,871273.0,14035.0,86876.65000000001,RIOT PLATFORMS INC,RIOT,148170,2018-06-30,28.394,7.727,16.766,2.868,-24.017,86.5093,6.34,39953763.0,30291.7189679219,5181.715972802101,-3617.2981638006418,86867.611,30288.567294281733,-0.4536218520640919,0.5842797108272917,-0.45344751483212936,0.2962438493202603,-0.006636451687167311,crypto
15488,2018-09-04,0.008015,0.008015,93.07,6464117.0,1183673.0,110164446.10999998,PAYPAL HOLDINGS INC,PYPL,024616,2018-06-30,41677.0,26658.0,15019.0,3857.0,526.0,98591.68,83.27,509175097.0,28562.21055483536,7335.005400492708,209438.11047528515,110176085.10999998,28565.228185117965,1.5832388043617494,1.8271922206693125,1.5831809347774213,1.2067925043275058,1.5501011160339973,crypto
17354,2018-09-04,0.014286,0.014286,7.81,4349.0,14783.0,115455.23,BIT DIGITAL INC,BTBT,032878,2018-06-30,15.257,0.39,14.268,5.223,-0.748,85.0023,5.75,1842789.0,22105.1560405897,8091.900056069526,-154351.91176470587,115441.352,22102.498946965345,0.5439590084146616,0.6448813326128388,0.5439722485942398,-0.34875115476279517,0.3460153587147362,crypto
15488,2018-09-05,-0.043193,-0.043193,89.05,10160778.0,1183673.0,105406080.64999999,PAYPAL HOLDINGS INC,PYPL,024616,2018-06-30,41677.0,26658.0,15019.0,3857.0,526.0,98591.68,83.27,509175097.0,27328.51455794659,7018.182345695452,200391.78830798477,105417719.64999999,27331.53218822919,1.2902304278280372,1.6021503922122666,1.2902324439653083,0.955904938747948,1.28462955068839,crypto
15826,2018-09-05,-0.044384,-0.044384,87.2,18020934.0,301612.0,26300566.400000002,BLOCK INC,XYZ,026367,2018-06-30,3554.827,2473.198,1081.629,814.938,-5.906,25084.5213,61.64,685394673.0,32273.088750309842,24315.700115289073,-4453194.446325771,26301957.969,32274.796326837135,2.0646693600307944,1.9368416675276638,2.0646405459543766,-3.5157779891250116,0.6375933960969559,crypto
17354,2018-09-05,-0.021767,-0.021767,7.64,6298.0,14783.0,112942.12,BIT DIGITAL INC,BTBT,032878,2018-06-30,15.257,0.39,14.268,5.223,-0.748,85.0023,5.75,1842789.0,21623.99387325292,7915.763947294645,-150992.13903743314,112928.242,21621.336779628567,0.37167381121899135,0.4502525806853246,0.37168318577431725,-0.16691426961243971,0.2566738270165484,crypto
92213,2018-09-05,-0.077544,-0.077544,5.71,559338.0,14035.0,80139.85,RIOT PLATFORMS INC,RIOT,148170,2018-06-30,28.394,7.727,16.766,2.868,-24.017,86.5093,6.34,39953763.0,27942.764993026503,4779.902779434571,-3336.796852229671,80130.811,27939.613319386335,-0.4549451618143283,0.4884030050877076,-0.4547708441917885,0.3176703399292029,-0.025910665247301568,crypto
17354,2018-09-06,0.047107,0.047107,7.9999,1680.0,14783.0,118262.5217,BIT DIGITAL INC,BTBT,032878,2018-06-30,15.257,0.39,14.268,5.223,-0.748,85.0023,5.75,1842789.0,22642.642485161785,8288.654450518643,-158104.97553475935,118248.6437,22639.98539153743,0.7364117081055893,0.8622930972659856,0.7364292664148484,-0.5518736517631033,0.44581510500583,crypto
15488,2018-09-06,-0.000562,-0.000562,89.0,6839506.0,1183673.0,105346897.0,PAYPAL HOLDINGS INC,PYPL,024616,2018-06-30,41677.0,26658.0,15019.0,3857.0,526.0,98591.68,83.27,509175097.0,27313.170080373347,7014.24176043678,200279.27186311787,105358536.0,27316.18771065595,1.2865860450353297,1.5993513644951398,1.2865888060198853,0.9527844466387503,1.2813276655472763,crypto
92213,2018-09-06,-0.005254,-0.005254,5.68,285787.0,14035.0,79718.8,RIOT PLATFORMS INC,RIOT,148170,2018-06-30,28.394,7.727,16.766,2.868,-24.017,86.5093,6.34,39953763.0,27795.95536959554,4754.7894548491,-3319.265520256485,79709.761,27792.803695955372,-0.45502786867371803,0.4824107109789836,-0.45485355227676716,0.3190094955922619,-0.02711530359480993,crypto
15826,2018-09-06,0.015367,0.015367,88.54,12523565.0,301612.0,26704726.48,BLOCK INC,XYZ,026367,2018-06-30,3554.827,2473.198,1081.629,814.938,-5.906,25084.5213,61.64,685394673.0,32769.0284168857,24689.358809721267,-4521626.562817474,26706118.049,32770.73599341299,2.1162847784941903,1.986734912180473,2.1162525817066817,-3.576416493846745,0.6607139446336501,crypto
15488,2018-09-07,-0.002022,-0.002022,88.82,5675368.0,1183673.0,105133835.85999998,PAYPAL HOLDINGS INC,PYPL,024616,2018-06-30,41677.0,26658.0,15019.0,3857.0,526.0,98591.68,83.27,509175097.0,27257.92996110967,7000.055653505558,199874.21266159692,105145474.85999998,27260.94759139227,1.2734662669815806,1.5892748647134802,1.2734717094163563,0.9415506750456346,1.269440879039263,crypto
17354,2018-09-07,-0.049988,-0.049988,7.6,5283.0,14783.0,112350.79999999999,BIT DIGITAL INC,BTBT,032878,2018-06-30,15.257,0.39,14.268,5.223,-0.748,85.0023,5.75,1842789.0,21510.779245644266,7874.320156994672,-150201.60427807484,112336.92199999999,21508.12215201991,0.33113611776118695,0.40445758023179124,0.3311445827578637,-0.12412912016529679,0.23565229014638628,crypto
15826,2018-09-07,0.016151,0.016151,89.97,10503810.0,301612.0,27136031.64,BLOCK INC,XYZ,026367,2018-06-30,3554.827,2473.198,1081.629,814.938,-5.906,25084.5213,61.64,685394673.0,33298.27746405248,25088.11398363025,-4594654.866237725,27137423.209,33299.98504057977,2.1713669041678147,2.0399791956532467,2.171331097472201,-3.641127733960237,0.6853873658332563,crypto
92213,2018-09-07,-0.242958,-0.242958,4.3,1781212.0,14035.0,60350.5,RIOT PLATFORMS INC,RIOT,148170,2018-06-30,28.394,7.727,16.766,2.868,-24.017,86.5093,6.34,39953763.0,21042.71269177127,3599.5765239174525,-2512.8242494899446,60341.460999999996,21039.561018131102,-0.4588323842056477,0.20676518197767932,-0.45865812418578716,0.38061065609297173,-0.08252866758019595,crypto
92213,2018-09-10,0.046512,0.046512,4.5,697026.0,14035.0,63157.5,RIOT PLATFORMS INC,RIOT,148170,2018-06-30,28.394,7.727,16.766,2.868,-24.017,86.5093,6.34,39953763.0,22021.443514644354,3766.9986878205896,-2629.699795977849,63148.460999999996,22018.291841004182,-0.45828100514304915,0.24671380936917262,-0.4581067369525959,0.37168295167257903,-0.07449774526347334,crypto
17354,2018-09-10,0.051316,0.051316,7.99,1790.0,14783.0,118116.17,BIT DIGITAL INC,BTBT,032878,2018-06-30,15.257,0.39,14.268,5.223,-0.748,85.0023,5.75,1842789.0,22614.62186482864,8278.3971124194,-157909.31818181818,118102.292,22611.96477120429,0.726378628974782,0.8509588346537358,0.7263959621682771,-0.541284327274936,0.4406122746304647,crypto
15826,2018-09-10,-0.006447,-0.006447,89.39,10223464.0,301612.0,26961096.68,BLOCK INC,XYZ,026367,2018-06-30,3554.827,2473.198,1081.629,814.938,-5.906,25084.5213,61.64,685394673.0,33083.61701135546,24926.38111589094,-4565034.99492042,26962488.248999998,33085.32458788276,2.1490259021463443,2.0183836121468066,2.1489915596092635,-3.614881216991128,0.6753799642278215,crypto
15488,2018-09-10,0.011034,0.011034,89.8,5458965.0,1183673.0,106293835.39999999,PAYPAL HOLDINGS INC,PYPL,024616,2018-06-30,41677.0,26658.0,15019.0,3857.0,526.0,98591.68,83.27,509175097.0,27558.68172154524,7077.291124575537,202079.53498098857,106305474.39999999,27561.699351827843,1.3448961697186548,1.6441358079691781,1.344887013146673,1.0027123203859252,1.3341578278051078,crypto
92213,2018-09-11,-0.046667,-0.046667,4.29,603606.0,14035.0,60210.15,RIOT PLATFORMS INC,RIOT,148170,2018-06-30,28.394,7.727,16.766,2.868,-24.017,86.5093,6.34,39953763.0,20993.776150627615,3591.2054157222956,-2506.9804721655496,60201.111,20990.624476987447,-0.4588599531587776,0.20476775060810465,-0.45868569354744676,0.3810570413139914,-0.08293021369603208,crypto
17354,2018-09-11,-0.052566,-0.052566,7.57,12456.0,14783.0,111907.31,BIT DIGITAL INC,BTBT,032878,2018-06-30,15.257,0.39,14.268,5.223,-0.748,85.0023,5.75,1842789.0,21425.868274937777,7843.237314269694,-149608.70320855614,111893.432,21423.21118131342,0.300732847667834,0.37011132989164275,0.3007406304955248,-0.09204025807994076,0.21988613749376518,crypto
15826,2018-09-11,0.03233,0.03233,92.28,12004277.0,301612.0,27832755.36,BLOCK INC,XYZ,026367,2018-06-30,3554.827,2473.198,1081.629,814.938,-5.906,25084.5213,61.64,685394673.0,34153.21823255266,25732.256956867837,-4712623.664070437,27834146.928999998,34154.925809079956,2.2603457225636694,2.1259891920323426,2.2603040844780407,-3.74566127568203,0.7252444308480057,crypto
15488,2018-09-11,0.018151,0.018151,91.43,7319953.0,1183673.0,108223222.39000002,PAYPAL HOLDINGS INC,PYPL,024616,2018-06-30,41677.0,26658.0,15019.0,3857.0,526.0,98591.68,83.27,509175097.0,28058.911690432982,7205.754204008257,205747.57108365023,108234861.39000002,28061.929320715586,1.4637030487609328,1.7353841115475341,1.4636696101675062,1.1044403631457973,1.4417992834054427,crypto
15826,2018-09-12,-0.019939,-0.019939,90.44,12707892.0,301612.0,27277789.279999997,BLOCK INC,XYZ,026367,2018-06-30,3554.827,2473.198,1081.629,814.938,-5.906,25084.5213,61.64,685394673.0,33472.226451582814,25219.17337645348,-4618657.1757534705,27279180.848999996,33473.93402811011,2.189470819599005,2.0574790650463957,2.189433826430099,-3.662396463228306,0.6934968119617985,crypto
92213,2018-09-12,-0.128205,-0.128205,3.74,1145041.0,14035.0,52490.9,RIOT PLATFORMS INC,RIOT,148170,2018-06-30,28.394,7.727,16.766,2.868,-24.017,86.5093,6.34,39953763.0,18302.26638772664,3130.794464988668,-2185.5727193238126,52481.861,18299.11471408647,-0.46037624558092344,0.09490902528149794,-0.4602020084387228,0.40560822847007144,-0.10501525006701921,crypto
15488,2018-09-12,0.010609,0.010609,92.4,7208719.0,1183673.0,109371385.2,PAYPAL HOLDINGS INC,PYPL,024616,2018-06-30,41677.0,26658.0,15019.0,3857.0,526.0,98591.68,83.27,509175097.0,28356.594555353902,7282.2015580265,207930.39011406846,109383024.2,28359.612185636506,1.5344040749394647,1.7896852492598057,1.5343561863087365,1.1649779100642472,1.5058558551430634,crypto
17354,2018-09-12,0.025086,0.025086,7.7599,5158.0,14783.0,114714.6017,BIT DIGITAL INC,BTBT,032878,2018-06-30,15.257,0.39,14.268,5.223,-0.748,85.0023,5.75,1842789.0,21963.35471950986,8039.9917087188105,-153361.76697860964,114700.7237,21960.697625885507,0.4931855473587617,0.5875230945447886,0.49319764831613333,-0.29516275508025047,0.3196858837848583,crypto
92213,2018-09-13,0.016043,0.016043,3.8,826262.0,14035.0,53333.0,RIOT PLATFORMS INC,RIOT,148170,2018-06-30,28.394,7.727,16.766,2.868,-24.017,86.5093,6.34,39953763.0,18595.885634588565,3181.021114159609,-2220.635383270184,53323.960999999996,18592.733960948397,-0.4602108318621439,0.10689361349894592,-0.4600365922687654,0.40292991714395365,-0.10260597337200243,crypto
15488,2018-09-13,-0.002273,-0.002273,92.19,8307715.0,1183673.0,109122813.86999999,PAYPAL HOLDINGS INC,PYPL,024616,2018-06-30,41677.0,26658.0,15019.0,3857.0,526.0,98591.68,83.27,509175097.0,28292.14774954628,7265.651099940075,207457.82104562735,109134452.86999999,28295.16537982888,1.5190976672100915,1.77792933284787,1.5190529069379535,1.1518718432056123,1.4919879375503817,crypto
17354,2018-09-13,-0.009562,-0.009562,7.6857,12173.0,14783.0,113617.7031,BIT DIGITAL INC,BTBT,032878,2018-06-30,15.257,0.39,14.268,5.223,-0.748,85.0023,5.75,1842789.0,21753.341585295806,7963.1134777123625,-151895.325,113603.8251,21750.684491671454,0.4179881259945331,0.5025733687034855,0.41799853972061424,-0.21579630285580137,0.28069093289070784,crypto
15826,2018-09-13,-0.002433,-0.002433,90.22,9672818.0,301612.0,27211434.64,BLOCK INC,XYZ,026367,2018-06-30,3554.827,2473.198,1081.629,814.938,-5.906,25084.5213,61.64,685394673.0,33390.80352124947,25157.82642662133,-4607422.052150356,27212826.209,33392.51109777676,2.1809966464184485,2.049287636819815,2.1809602086200193,-3.652440887826231,0.689700901008013,crypto
15826,2018-09-14,0.00665,0.00665,90.82,7278501.0,301612.0,27392401.839999996,BLOCK INC,XYZ,026367,2018-06-30,3554.827,2473.198,1081.629,814.938,-5.906,25084.5213,61.64,685394673.0,33612.86605852224,25325.13628979992,-4638063.29834067,27393793.408999994,33614.57363504953,2.2041080278199687,2.07162789561958,2.2040700753747817,-3.6795924571046186,0.700053385427428,crypto
92213,2018-09-14,0.036842,0.036842,3.94,506879.0,14035.0,55297.9,RIOT PLATFORMS INC,RIOT,148170,2018-06-30,28.394,7.727,16.766,2.868,-24.017,86.5093,6.34,39953763.0,19280.997210599722,3298.216628891805,-2302.4482658117167,55288.861,19277.845536959554,-0.45982486651832494,0.13485765267299124,-0.4596506212055315,0.3966805240496787,-0.09698432775029664,crypto
15488,2018-09-14,-0.015295,-0.015295,90.78,9342721.0,1183673.0,107453834.94,PAYPAL HOLDINGS INC,PYPL,024616,2018-06-30,41677.0,26658.0,15019.0,3857.0,526.0,98591.68,83.27,509175097.0,27859.433481980814,7154.526595645516,204284.85730038022,107465473.94,27862.451112263418,1.4163260724557296,1.698996751224877,1.4163023168769895,1.0638739657262157,1.398874776570953,crypto
17354,2018-09-14,-0.008548,-0.008548,7.62,10309.0,14783.0,112646.46,BIT DIGITAL INC,BTBT,032878,2018-06-30,15.257,0.39,14.268,5.223,-0.748,85.0023,5.75,1842789.0,21567.386559448594,7895.0420521446595,-150596.87165775403,112632.58200000001,21564.729465824243,0.3514049644900898,0.4273550804585589,0.35141388426609177,-0.1455216948888706,0.24616305858146748,crypto
15488,2018-09-17,-0.023133,-0.023133,88.68,9291198.0,1183673.0,104968121.64000002,PAYPAL HOLDINGS INC,PYPL,024616,2018-06-30,41677.0,26658.0,15019.0,3857.0,526.0,98591.68,83.27,509175097.0,27214.965423904592,6989.022014781278,199559.16661596962,104979760.64000002,27217.983054187196,1.2632619951619999,1.5814375871055248,1.2632695231691704,0.932813297139881,1.2601956006441442,crypto
15826,2018-09-17,-0.043603,-0.043603,86.86,10516422.0,301612.0,26198018.32,BLOCK INC,XYZ,026367,2018-06-30,3554.827,2473.198,1081.629,814.938,-5.906,25084.5213,61.64,685394673.0,32147.253312521934,24220.8911928212,-4435831.073484592,26199409.889,32148.960889049227,2.051572910569932,1.9241821875411298,2.0515449547933438,-3.5003920998672586,0.6317269882592867,crypto
92213,2018-09-17,-0.032995,-0.032995,3.81,384902.0,14035.0,53473.35,RIOT PLATFORMS INC,RIOT,148170,2018-06-30,28.394,7.727,16.766,2.868,-24.017,86.5093,6.34,39953763.0,18644.822175732217,3189.3922223547656,-2226.479160594579,53464.310999999994,18641.67050209205,-0.46018326290901396,0.1088910448685205,-0.4600090229071058,0.402483531922934,-0.10220442725616631,crypto
17354,2018-09-17,0.077428,0.077428,8.21,5791.0,14783.0,121368.43000000001,BIT DIGITAL INC,BTBT,032878,2018-06-30,15.257,0.39,14.268,5.223,-0.748,85.0023,5.75,1842789.0,23237.302316676243,8506.337959069246,-162257.25935828878,121354.55200000001,23234.645223051888,0.9493359429927095,1.1028313371481662,0.9493582787587665,-0.7766026492342197,0.5562307274163556,crypto
92213,2018-09-18,0.020997,0.020997,3.89,201195.0,14035.0,54596.15,RIOT PLATFORMS INC,RIOT,148170,2018-06-30,28.394,7.727,16.766,2.868,-24.017,86.5093,6.34,39953763.0,19036.31450488145,3256.361087916021,-2273.229379189741,54587.111,19033.162831241283,-0.45996271128397453,0.12487049582511794,-0.45978846801382933,0.3989124501547769,-0.09899205832947726,crypto
15488,2018-09-18,0.011728,0.011728,89.72,5818086.0,1183673.0,106199141.56,PAYPAL HOLDINGS INC,PYPL,024616,2018-06-30,41677.0,26658.0,15019.0,3857.0,526.0,98591.68,83.27,509175097.0,27534.130557428052,7070.986188161662,201899.50866920152,106210780.56,27537.148187710656,1.3390651572503227,1.6396573636217748,1.3390571924339947,0.9977195330112082,1.3288748115793252,crypto
15826,2018-09-18,0.013009,0.013009,87.99,10583017.0,301612.0,26538839.88,BLOCK INC,XYZ,026367,2018-06-30,3554.827,2473.198,1081.629,814.938,-5.906,25084.5213,61.64,685394673.0,32565.471091052324,24535.991435140884,-4493538.753809685,26540231.448999997,32567.178667579617,2.095099345542796,1.9662563416140209,2.095068537181482,-3.5515275553415555,0.6512241672491857,crypto
17354,2018-09-18,-0.067808,-0.067808,7.6533,5420.0,14783.0,113138.73389999999,BIT DIGITAL INC,BTBT,032878,2018-06-30,15.257,0.39,14.268,5.223,-0.748,85.0023,5.75,1842789.0,21661.637736932797,7929.544007569385,-151254.99184491977,113124.8559,21658.98064330844,0.3851525942937114,0.4654794183361237,0.38516227127728647,-0.1811403318036147,0.26366348802587675,crypto
92213,2018-09-19,0.059126,0.059126,4.12,446691.0,14035.0,57824.200000000004,RIOT PLATFORMS INC,RIOT,148170,2018-06-30,28.394,7.727,16.766,2.868,-24.017,86.5093,6.34,39953763.0,20161.854951185498,3448.896576404629,-2407.636257650831,57815.161,20158.70327754533,-0.45932862536198626,0.17081141732533528,-0.4591543726956594,0.3886455900713252,-0.0897564976652463,crypto
15488,2018-09-19,-0.00457,-0.00457,89.31,5484900.0,1183673.0,105713835.63000001,PAYPAL HOLDINGS INC,PYPL,024616,2018-06-30,41677.0,26658.0,15019.0,3857.0,526.0,98591.68,83.27,509175097.0,27408.30584132746,7038.673389040549,200976.8738212928,105725474.63000001,27411.323471610063,1.309181218350119,1.6167053363413304,1.3091793612815164,0.9721314977157814,1.3017993534221868,crypto
15826,2018-09-19,-0.036254,-0.036254,84.8,13187712.0,301612.0,25576697.599999998,BLOCK INC,XYZ,026367,2018-06-30,3554.827,2473.198,1081.629,814.938,-5.906,25084.5213,61.64,685394673.0,31384.83860121874,23646.46066257469,-4330629.46156451,25578089.168999996,31386.546177746033,1.9722238344247107,1.847480632328602,1.9722010789353224,-3.407171712011459,0.596183458419294,crypto
17354,2018-09-19,-0.012191,-0.012191,7.56,949.0,14783.0,111759.48,BIT DIGITAL INC,BTBT,032878,2018-06-30,15.257,0.39,14.268,5.223,-0.748,85.0023,5.75,1842789.0,21397.564618035613,7832.876366694701,-149411.06951871657,111745.602,21394.907524411257,0.29059842430338256,0.35866257977825894,0.2906059797414114,-0.08134397071815543,0.21463075327622436,crypto
15826,2018-09-20,0.020165,0.020165,86.51,9195778.0,301612.0,26092454.12,BLOCK INC,XYZ,026367,2018-06-30,3554.827,2473.198,1081.629,814.938,-5.906,25084.5213,61.64,685394673.0,32017.716832446153,24123.29377263369,-4417957.0132069085,26093845.689,32019.424408973442,2.0380912714190456,1.9111503699079337,2.038064199186399,-3.4845536844548657,0.6256880390146281,crypto
17354,2018-09-20,0.004934,0.004934,7.5973,4800.0,14783.0,112310.8859,BIT DIGITAL INC,BTBT,032878,2018-06-30,15.257,0.39,14.268,5.223,-0.748,85.0023,5.75,1842789.0,21503.13725828068,7871.522701149424,-150148.24318181816,112297.0079,21500.48016465633,0.32839982345278446,0.40136641770117804,0.3284082270542538,-0.12124112257761521,0.23423333640765026,crypto
15488,2018-09-20,0.014444,0.014444,90.6,6558365.0,1183673.0,107240773.8,PAYPAL HOLDINGS INC,PYPL,024616,2018-06-30,41677.0,26658.0,15019.0,3857.0,526.0,98591.68,83.27,509175097.0,27804.19336271714,7140.340488714295,203879.79809885932,107252412.8,27807.21099299974,1.4032062944019816,1.6889202514432178,1.4031852202734616,1.0526401941331016,1.3869879900629407,crypto
92213,2018-09-20,-0.007281,-0.007281,4.09,296537.0,14035.0,57403.15,RIOT PLATFORMS INC,RIOT,148170,2018-06-30,28.394,7.727,16.766,2.868,-24.017,86.5093,6.34,39953763.0,20015.045327754535,3423.783251819158,-2390.104925677645,57394.111,20011.893654114367,-0.45941133222137603,0.16481912321661124,-0.4592370807806381,0.38998474573438413,-0.09096113601275468,crypto
17354,2018-09-21,0.035894,0.035894,7.87,298.0,14783.0,116342.21,BIT DIGITAL INC,BTBT,032878,2018-06-30,15.257,0.39,14.268,5.223,-0.748,85.0023,5.75,1842789.0,22274.97798200268,8154.065741519485,-155537.71390374334,116328.33200000001,22272.32088837833,0.6047655486013689,0.7135738332931387,0.6047801531189202,-0.4129288789335104,0.37754766401997936,crypto
15826,2018-09-21,-0.013987,-0.013987,85.3,10113956.0,301612.0,25727503.599999998,BLOCK INC,XYZ,026367,2018-06-30,3554.827,2473.198,1081.629,814.938,-5.906,25084.5213,61.64,685394673.0,31569.89071561272,23785.885548556853,-4356163.833389773,25728895.168999996,31571.59829214001,1.9914833189259782,1.8660975146617398,1.9914593012309583,-3.4297980197434494,0.6048105287688067,crypto
15488,2018-09-21,0.000221,0.000221,90.62,25346198.0,1183673.0,107264447.26,PAYPAL HOLDINGS INC,PYPL,024616,2018-06-30,41677.0,26658.0,15019.0,3857.0,526.0,98591.68,83.27,509175097.0,27810.331153746436,7141.916722817765,203924.8046768061,107276086.26,27813.34878402904,1.4046640475190648,1.6900398625300694,1.4046426754516321,1.053888390976781,1.3883087441193869,crypto
92213,2018-09-21,-0.02445,-0.02445,3.99,536908.0,14035.0,55999.65,RIOT PLATFORMS INC,RIOT,148170,2018-06-30,28.394,7.727,16.766,2.868,-24.017,86.5093,6.34,39953763.0,19525.679916317993,3340.0721698675898,-2331.667152433693,55990.611,19522.528242677825,-0.4596870217526753,0.14484480952086465,-0.4595127743972337,0.3944485979445805,-0.09497659717111596,crypto
92213,2018-09-24,0.022556,0.022556,4.08,279861.0,14035.0,57262.8,RIOT PLATFORMS INC,RIOT,148170,2018-06-30,28.394,7.727,16.766,2.868,-24.017,86.5093,6.34,39953763.0,19966.10878661088,3415.4121436240016,-2384.26114835325,57253.761,19962.95711297071,-0.459438901174506,0.16282169184703668,-0.45926465014229756,0.39043113095540377,-0.09136268212859076,crypto
15826,2018-09-24,0.008675,0.008675,86.04,8152089.0,301612.0,25950696.48,BLOCK INC,XYZ,026367,2018-06-30,3554.827,2473.198,1081.629,814.938,-5.906,25084.5213,61.64,685394673.0,31843.767844915812,23992.234379810456,-4393954.703691162,25952088.049,31845.4754214431,2.019987355987854,1.8936505005147841,2.0199614702285005,-3.4632849551867952,0.6175785928860857,crypto
15488,2018-09-24,-0.011035,-0.011035,89.62,8302672.0,1183673.0,106080774.26,PAYPAL HOLDINGS INC,PYPL,024616,2018-06-30,41677.0,26658.0,15019.0,3857.0,526.0,98591.68,83.27,509175097.0,27503.441602281568,7063.105017644318,201674.4757794677,106092413.26,27506.45923256417,1.3317763916649075,1.6340593081875205,1.3317699165431467,0.9914785487928118,1.3222710412970966,crypto
17354,2018-09-24,0.029225,0.029225,8.1,12682.0,14783.0,119742.29999999999,BIT DIGITAL INC,BTBT,032878,2018-06-30,15.257,0.39,14.268,5.223,-0.748,85.0023,5.75,1842789.0,22925.96209075244,8392.367535744323,-160083.28877005345,119728.42199999999,22923.304997128085,0.8378572859837451,0.976895085900951,0.8378771204635205,-0.6589434882545763,0.4984215010234101,crypto
15488,2018-09-25,0.004686,0.004686,90.04,5953097.0,1183673.0,106577916.92,PAYPAL HOLDINGS INC,PYPL,024616,2018-06-30,41677.0,26658.0,15019.0,3857.0,526.0,98591.68,83.27,509175097.0,27632.33521389681,7096.205933817165,202619.6139163498,106589555.92,27635.352844179415,1.3623892071236532,1.6575711410113905,1.3623764752847103,1.0176906825100782,1.350006876482458,crypto
92213,2018-09-25,-0.031863,-0.031863,3.95,226849.0,14035.0,55438.25,RIOT PLATFORMS INC,RIOT,148170,2018-06-30,28.394,7.727,16.766,2.868,-24.017,86.5093,6.34,39953763.0,19329.933751743374,3306.587737086962,-2308.292043136112,55429.210999999996,19326.782078103206,-0.459797297565195,0.1368550840425659,-0.459623051843872,0.3962341388286591,-0.09658278163446049,crypto
17354,2018-09-25,-0.04321,-0.04321,7.75,10890.0,14783.0,114568.25,BIT DIGITAL INC,BTBT,032878,2018-06-30,15.257,0.39,14.268,5.223,-0.748,85.0023,5.75,1842789.0,21935.334099176718,8029.734370619568,-153166.10962566844,114554.372,21932.677005552367,0.4831524682279544,0.5761888319325398,0.48316434406956205,-0.28457343059208157,0.3144830534094937,crypto
15826,2018-09-25,0.108205,0.108205,95.35,28195216.0,301612.0,28758704.2,BLOCK INC,XYZ,026367,2018-06-30,3554.827,2473.198,1081.629,814.938,-5.906,25084.5213,61.64,685394673.0,35289.43821493169,26588.325756798313,-4869404.707077549,28760095.768999998,35291.14579145898,2.3785989574014508,2.2402968495578084,2.3785495693732464,-3.884586805156449,0.7782146427940141,crypto
92213,2018-09-26,-0.032911,-0.032911,3.82,349100.0,14035.0,53613.7,RIOT PLATFORMS INC,RIOT,148170,2018-06-30,28.394,7.727,16.766,2.868,-24.017,86.5093,6.34,39953763.0,18693.758716875873,3197.7633305499226,-2232.322937918974,53604.66099999999,18690.6070432357,-0.460155693955884,0.11088847623809518,-0.45998145354544634,0.4020371467019144,-0.10180288114033019,crypto
15826,2018-09-26,-0.007341,-0.007341,94.65,25510945.0,301612.0,28547575.8,BLOCK INC,XYZ,026367,2018-06-30,3554.827,2473.198,1081.629,814.938,-5.906,25084.5213,61.64,685394673.0,35030.36525478012,26393.130916423288,-4833656.5865221815,28548967.369,35032.072831307414,2.3516356790996764,2.214233214291416,2.3515880581593565,-3.8529099743316633,0.7661367443046964,crypto
15488,2018-09-26,-0.00211,-0.00211,89.85,5935191.0,1183673.0,106353019.05,PAYPAL HOLDINGS INC,PYPL,024616,2018-06-30,41677.0,26658.0,15019.0,3857.0,526.0,98591.68,83.27,509175097.0,27574.026199118485,7081.23170983421,202192.05142585552,106364658.05,27577.04382940109,1.3485405525113632,1.6469348356863063,1.3485306510920978,1.0058328124951246,1.337459712946223,crypto
17354,2018-09-26,0.007484,0.007484,7.808,10500.0,14783.0,115425.664,BIT DIGITAL INC,BTBT,032878,2018-06-30,15.257,0.39,14.268,5.223,-0.748,85.0023,5.75,1842789.0,22099.49530920927,8089.827866554528,-154312.38502673796,115411.78600000001,22096.838215584914,0.5419321237417721,0.6425915825901626,0.5419453184434179,-0.3466118972904381,0.34496428187122863,crypto
92213,2018-09-27,-0.010471,-0.010471,3.78,230373.0,14035.0,53052.299999999996,RIOT PLATFORMS INC,RIOT,148170,2018-06-30,28.394,7.727,16.766,2.868,-24.017,86.5093,6.34,39953763.0,18498.012552301254,3164.278897769295,-2208.947828621393,53043.26099999999,18494.860878661086,-0.4602659697684037,0.10289875075979646,-0.4600917309920846,0.4038226875859929,-0.10340906560367476,crypto
17354,2018-09-27,0.018186,0.018186,7.95,312.0,14783.0,117524.85,BIT DIGITAL INC,BTBT,032878,2018-06-30,15.257,0.39,14.268,5.223,-0.748,85.0023,5.75,1842789.0,22501.40723721999,8236.953322119429,-157118.7834224599,117510.97200000001,22498.750143595636,0.685840935516979,0.8051638342002044,0.6858573591518248,-0.4984991778277946,0.4195907377603034,crypto
15826,2018-09-27,0.034971,0.034971,97.96,21040352.0,301612.0,29545911.52,BLOCK INC,XYZ,026367,2018-06-30,3554.827,2473.198,1081.629,814.938,-5.906,25084.5213,61.64,685394673.0,36255.41025206826,27316.1236616252,-5002694.128005418,29547303.088999998,36257.11782859555,2.479133466498066,2.3374769753367874,2.4790774897564676,-4.002696131517436,0.8232479500184713,crypto
15488,2018-09-27,-0.009572,-0.009572,88.99,6996464.0,1183673.0,105335060.27,PAYPAL HOLDINGS INC,PYPL,024616,2018-06-30,41677.0,26658.0,15019.0,3857.0,526.0,98591.68,83.27,509175097.0,27310.101184858697,7013.453643385045,200256.7685741445,105346699.27,27313.1188151413,1.2858571684767877,1.598791558951714,1.2858600784307999,0.9521603482169105,1.280667288519053,crypto
92213,2018-09-28,-0.034392,-0.034392,3.65,312482.0,14294.0,52173.1,RIOT PLATFORMS INC,RIOT,148170,2018-06-30,28.394,7.727,16.766,2.868,-24.017,86.5093,6.34,39953763.0,18191.457461645747,3111.839436955744,-2172.3404255319147,52164.060999999994,18188.30578800558,-0.4604386710408785,0.0903861632276979,-0.46026443482372753,0.4066189960029538,-0.10592448665848858,crypto
15488,2018-09-28,-0.012923,-0.012923,87.84,7919516.0,1178000.0,103475520.0,PAYPAL HOLDINGS INC,PYPL,024616,2018-06-30,41677.0,26658.0,15019.0,3857.0,526.0,98591.68,83.27,509175097.0,26827.980295566504,6889.641121246421,196721.52091254754,103487159.0,26830.997925849104,1.1713512777056825,1.5108465816337446,1.1713775906353272,0.8541150140870996,1.1769226160154636,crypto
17354,2018-09-28,0.006289,0.006289,8.0,600.0,14783.0,118264.0,BIT DIGITAL INC,BTBT,032878,2018-06-30,15.257,0.39,14.268,5.223,-0.748,85.0023,5.75,1842789.0,22642.925521730805,8288.758059994392,-158106.95187165774,118250.122,22640.268428106454,0.7365130523392335,0.8624075847671187,0.7365306129223904,-0.5519806146367213,0.4458676588480053,crypto
15826,2018-09-28,0.010719,0.010719,99.01,15268212.0,301612.0,29862604.12,BLOCK INC,XYZ,026367,2018-06-30,3554.827,2473.198,1081.629,814.938,-5.906,25084.5213,61.64,685394673.0,36644.01969229561,27608.91592218774,-5056316.30883847,29863995.689,36645.727268822906,2.5195783839507273,2.376572428236377,2.519519756577304,-4.050211377754616,0.8413647977524481,crypto
92213,2018-10-01,-0.054795,-0.054795,3.45,536999.0,14294.0,49314.3,RIOT PLATFORMS INC,RIOT,148170,2018-09-30,25.703,9.172,15.997,2.367,-6.23,52.1731,3.65,76393172.0,20834.093789607097,3082.721760330062,-7915.61797752809,49307.475,20831.21039290241,-0.4589499120202698,0.08343839008400376,-0.4587755026029104,-0.032089407331058355,-0.21659410796755868,crypto
15826,2018-10-01,-0.017473,-0.017473,97.28,12616925.0,301612.0,29340815.36,BLOCK INC,XYZ,026367,2018-09-30,3973.368,2851.224,1122.144,882.108,19.643,40829.0507,99.01,682150994.0,33262.15764963021,26147.103544643112,1493703.373211831,29342544.439999998,33264.11781777288,2.1676076982363797,2.1813821016733383,2.1675984249101807,1.7538382378320463,2.0676066156629864,crypto
17354,2018-10-01,0.06,0.06,8.48,2048.0,14783.0,125359.84000000001,BIT DIGITAL INC,BTBT,032878,2018-09-30,,,,,,,8.0,480630.0,,,,,,,,,,,crypto
15488,2018-10-01,-0.003301,-0.003301,87.55,9258677.0,1178000.0,103133900.0,PAYPAL HOLDINGS INC,PYPL,024616,2018-09-30,43724.0,28609.0,15115.0,3683.0,436.0,103475.52,87.84,456212231.0,28002.68802606571,6823.281508435329,236545.64220183485,103147394.0,28006.3518870486,1.4503496742986857,1.4637108433199206,1.4504724162420877,1.9585833998947622,1.580779083438864,crypto
15488,2018-10-02,-0.009937,-0.009937,86.68,6487398.0,1178000.0,102109040.00000001,PAYPAL HOLDINGS INC,PYPL,024616,2018-09-30,43724.0,28609.0,15115.0,3683.0,436.0,103475.52,87.84,456212231.0,27724.42030953028,6755.477340390342,234195.04587155968,102122534.00000001,27728.08417051317,1.3842598336333922,1.4155490264230501,1.3843960831694626,1.8933927754557287,1.5193994296704085,crypto
15826,2018-10-02,0.005654,0.005654,97.83,11894954.0,301612.0,29506701.96,BLOCK INC,XYZ,026367,2018-09-30,3973.368,2851.224,1122.144,882.108,19.643,40829.0507,99.01,682150994.0,33450.214667591725,26294.93359141073,1502148.447793107,29508431.04,33452.174835734404,2.187179921091793,2.2011212936159232,2.1871693650640824,1.7613215179222386,2.084198024423509,crypto
92213,2018-10-02,-0.008696,-0.008696,3.42,222439.0,14294.0,48885.479999999996,RIOT PLATFORMS INC,RIOT,148170,2018-09-30,25.703,9.172,15.997,2.367,-6.23,52.1731,3.65,76393172.0,20652.92775665399,3055.9154841532786,-7846.786516853931,48878.65499999999,20650.0443599493,-0.4590519739509763,0.07704214054466954,-0.45887756604601826,-0.026831618561819343,-0.2169297545035361,crypto
17354,2018-10-02,-0.049528,-0.049528,8.06,1005.0,14783.0,119150.98000000001,BIT DIGITAL INC,BTBT,032878,2018-09-30,,,,,,,8.0,480630.0,,,,,,,,,,,crypto
92213,2018-10-03,0.003538,0.003538,3.4321,312947.0,14294.0,49058.4374,RIOT PLATFORMS INC,RIOT,148170,2018-09-30,25.703,9.172,15.997,2.367,-6.23,52.1731,3.65,76393172.0,20725.998056611745,3066.7273488779147,-7874.548539325842,49051.6124,20723.114659907056,-0.459010808972258,0.07962196119220105,-0.45883640045729807,-0.02895226003207912,-0.21679437706735852,crypto
15826,2018-10-03,-0.008893,-0.008893,96.96,9820557.0,301612.0,29244299.52,BLOCK INC,XYZ,026367,2018-09-30,3973.368,2851.224,1122.144,882.108,19.643,40829.0507,99.01,682150994.0,33152.74265736168,26061.09333561468,1488789.8752736342,29246028.599999998,33154.70282550436,2.1562202231205023,2.169897480906743,2.156211696093366,1.7494843294159343,2.0579534323841364,crypto
17354,2018-10-03,-0.047147,-0.047147,7.68,7388.0,14783.0,113533.44,BIT DIGITAL INC,BTBT,032878,2018-09-30,,,,,,,8.0,480630.0,,,,,,,,,,,crypto
15488,2018-10-03,0.005422,0.005422,87.15,6616613.0,1178000.0,102662700.0,PAYPAL HOLDINGS INC,PYPL,024616,2018-09-30,43724.0,28609.0,15115.0,3683.0,436.0,103475.52,87.84,456212231.0,27874.748846049417,6792.107178299702,235464.90825688074,102676194.0,27878.412707032312,1.4199635406594695,1.4415674792294053,1.4200924929903063,1.928610699003252,1.5525585529706083,crypto
17354,2018-10-04,-0.010417,-0.010417,7.6,7971.0,14783.0,112350.79999999999,BIT DIGITAL INC,BTBT,032878,2018-09-30,,,,,,,8.0,480630.0,,,,,,,,,,,crypto
92213,2018-10-04,-0.021008,-0.021008,3.36,140699.0,14294.0,48027.84,RIOT PLATFORMS INC,RIOT,148170,2018-09-30,25.703,9.172,15.997,2.367,-6.23,52.1731,3.65,76393172.0,20290.59569074778,3002.302931799712,-7709.123595505617,48021.01499999999,20287.71229404309,-0.4592560978123893,0.06424964146600111,-0.4590816929322341,-0.016316041023341592,-0.21760104757549098,crypto
15488,2018-10-04,-0.032243,-0.032243,84.34,9172126.0,1178000.0,99352520.0,PAYPAL HOLDINGS INC,PYPL,024616,2018-09-30,43724.0,28609.0,15115.0,3683.0,436.0,103475.52,87.84,456212231.0,26975.976106434973,6573.107509096923,227872.75229357797,99366014.0,26979.639967417865,1.2065009518439787,1.2860103464935322,1.206673532146537,1.7180524752403925,1.3543093264311101,crypto
15826,2018-10-04,-0.025474,-0.025474,94.49,13896305.0,301612.0,28499317.88,BLOCK INC,XYZ,026367,2018-09-30,3973.368,2851.224,1122.144,882.108,19.643,40829.0507,99.01,682150994.0,32308.195685789044,25397.202034676477,1450863.8130631775,28501046.959999997,32310.155853931716,2.068323149569827,2.0812505643645873,2.0683203830385737,1.7158775988290709,1.9834429239505147,crypto
17354,2018-10-05,0.151316,0.151316,8.75,300.0,14783.0,129351.25,BIT DIGITAL INC,BTBT,032878,2018-09-30,,,,,,,8.0,480630.0,,,,,,,,,,,crypto
92213,2018-10-05,-0.10119,-0.10119,3.02,511422.0,14294.0,43167.88,RIOT PLATFORMS INC,RIOT,148170,2018-09-30,25.703,9.172,15.997,2.367,-6.23,52.1731,3.65,76393172.0,18237.380650612587,2698.4984684628366,-6929.033707865167,43161.05499999999,18234.4972539079,-0.46041279969372934,-0.00824118664645297,-0.4602384119541237,0.04327223169469936,-0.22140504164990166,crypto
15488,2018-10-05,-0.013754,-0.013754,83.18,10729679.0,1178000.0,97986040.00000001,PAYPAL HOLDINGS INC,PYPL,024616,2018-09-30,43724.0,28609.0,15115.0,3683.0,436.0,103475.52,87.84,456212231.0,26604.95248438773,6482.701951703607,224738.62385321103,97999534.00000001,26608.616345370625,1.1183811642902528,1.2217945906310377,1.11857175471637,1.6311316426550135,1.2724697880731686,crypto
15826,2018-10-05,-0.004022,-0.004022,94.11,12099821.0,301612.0,28384705.32,BLOCK INC,XYZ,026367,2018-09-30,3973.368,2851.224,1122.144,882.108,19.643,40829.0507,99.01,682150994.0,32178.265382470177,25295.064911455214,1445029.034261569,28386434.4,32180.22555061285,2.0548005228697237,2.067612577204256,2.0547986425686062,1.7107073325849382,1.971979768806881,crypto
92213,2018-10-08,-0.056291,-0.056291,2.85,227370.0,14294.0,40737.9,RIOT PLATFORMS INC,RIOT,148170,2018-09-30,25.703,9.172,15.997,2.367,-6.23,52.1731,3.65,76393172.0,17210.773130544996,2546.596236794399,-6538.988764044943,40731.075,17207.889733840304,-0.46099115063439944,-0.044486600702680006,-0.4608167714650684,0.07306636805371977,-0.22330703868710702,crypto
15488,2018-10-08,-0.031618,-0.031618,80.55,12414010.0,1178000.0,94887900.0,PAYPAL HOLDINGS INC,PYPL,024616,2018-09-30,43724.0,28609.0,15115.0,3683.0,436.0,103475.52,87.84,456212231.0,25763.752375780612,6277.730731061859,217632.79816513762,94901394.0,25767.416236763507,0.9185923356124078,1.076201971735896,0.9188237593359024,1.4340611342933334,1.086919800244385,crypto
17354,2018-10-08,-0.139429,-0.139429,7.53,2807.0,14783.0,111315.99,BIT DIGITAL INC,BTBT,032878,2018-09-30,,,,,,,8.0,480630.0,,,,,,,,,,,crypto
15826,2018-10-08,-0.085538,-0.085538,86.06,30365080.0,301612.0,25956728.720000003,BLOCK INC,XYZ,026367,2018-09-30,3973.368,2851.224,1122.144,882.108,19.643,40829.0507,99.01,682150994.0,29425.794483215213,23131.37059058374,1321423.8517538055,25958457.8,29427.754651357885,1.7683343519859436,1.7787025860445995,1.768351245770601,1.6011793239921246,1.7291418769483171,crypto
15826,2018-10-09,0.001278,0.001278,86.17,16738447.0,301612.0,25989906.04,BLOCK INC,XYZ,026367,2018-09-30,3973.368,2851.224,1122.144,882.108,19.643,40829.0507,99.01,682150994.0,29463.40588680751,23160.93659993726,1323112.8666700604,25991635.119999997,29465.366054950187,1.7722487965570257,1.7826504244331158,1.772265433801381,1.6026759800101629,1.7324601587004214,crypto
15488,2018-10-09,-0.006456,-0.006456,80.03,9328900.0,1178000.0,94275340.0,PAYPAL HOLDINGS INC,PYPL,024616,2018-09-30,43724.0,28609.0,15115.0,3683.0,436.0,103475.52,87.84,456212231.0,25597.431441759436,6237.204101885544,216227.84403669724,94288834.0,25601.09530274233,0.8790903618814278,1.0474155984182256,0.8793298591085863,1.3950966231343696,1.0502331106356522,crypto
17354,2018-10-09,-0.029217,-0.029217,7.31,4075.0,14783.0,108063.73,BIT DIGITAL INC,BTBT,032878,2018-09-30,,,,,,,8.0,480630.0,,,,,,,,,,,crypto
92213,2018-10-09,-0.049123,-0.049123,2.71,349167.0,14294.0,38736.74,RIOT PLATFORMS INC,RIOT,148170,2018-09-30,25.703,9.172,15.997,2.367,-6.23,52.1731,3.65,76393172.0,16365.331643430502,2421.500281302744,-6217.775280898875,38729.91499999999,16362.448246725811,-0.46146743964436304,-0.07433576521957293,-0.4612930675329053,0.09760271564350138,-0.22487338918833497,crypto
15488,2018-10-10,-0.057229,-0.057229,75.45,16919053.0,1178000.0,88880100.0,PAYPAL HOLDINGS INC,PYPL,024616,2018-09-30,43724.0,28609.0,15115.0,3683.0,436.0,103475.52,87.84,456212231.0,24132.5278305729,5880.258021832617,203853.44036697247,88893594.0,24136.191691555796,0.5311691317124059,0.7938740795818207,0.5314797378756816,1.0519091979265776,0.7271080367741214,crypto
15826,2018-10-10,-0.101195,-0.101195,77.45,32581896.0,301612.0,23359849.400000002,BLOCK INC,XYZ,026367,2018-09-30,3973.368,2851.224,1122.144,882.108,19.643,40829.0507,99.01,682150994.0,26481.847347490333,20817.158403912512,1189220.0478541974,23361578.48,26483.80751563301,1.4619400996493785,1.4696945085434014,1.461977073543169,1.4840319756711151,1.469410914351766,crypto
17354,2018-10-10,0.005472,0.005472,7.35,2256.0,14783.0,108655.04999999999,BIT DIGITAL INC,BTBT,032878,2018-09-30,,,,,,,8.0,480630.0,,,,,,,,,,,crypto
92213,2018-10-10,-0.199262,-0.199262,2.17,919538.0,14294.0,31017.98,RIOT PLATFORMS INC,RIOT,148170,2018-09-30,25.703,9.172,15.997,2.367,-6.23,52.1731,3.65,76393172.0,13104.343050274609,1938.9873101206476,-4978.808988764044,31011.155,13101.459653569918,-0.4633045543970797,-0.18946825692758826,-0.4631302095088475,0.19224291348980163,-0.23091502683592846,crypto
15488,2018-10-11,0.005964,0.005964,75.9,20993856.0,1178000.0,89410200.0,PAYPAL HOLDINGS INC,PYPL,024616,2018-09-30,43724.0,28609.0,15115.0,3683.0,436.0,103475.52,87.84,456212231.0,24276.45940809123,5915.329143235197,205069.26605504588,89423694.0,24280.123269074124,0.5653535320565238,0.818785364183651,0.5656571515339365,1.0856284864295271,0.7588561335509096,crypto
17354,2018-10-11,-0.110204,-0.110204,6.54,2870.0,14783.0,96680.82,BIT DIGITAL INC,BTBT,032878,2018-09-30,,,,,,,8.0,480630.0,,,,,,,,,,,crypto
92213,2018-10-11,-0.004608,-0.004608,2.16,662070.0,14294.0,30875.04,RIOT PLATFORMS INC,RIOT,148170,2018-09-30,25.703,9.172,15.997,2.367,-6.23,52.1731,3.65,76393172.0,13043.954372623575,1930.0518847283865,-4955.865168539326,30868.215,13041.070975918885,-0.4633385750406485,-0.19160034010736635,-0.46316423065655016,0.19399550974621455,-0.2310269090145876,crypto
15826,2018-10-11,-0.108715,-0.108715,69.03,63545654.0,301612.0,20820276.36,BLOCK INC,XYZ,026367,2018-09-30,3973.368,2851.224,1122.144,882.108,19.643,40829.0507,99.01,682150994.0,23602.865363424888,18554.01477885191,1059933.6333553938,20822005.439999998,23604.825531567563,1.1623071606628654,1.1675054246223688,1.162363771550721,1.369469760472172,1.2154115293270318,crypto
15826,2018-10-12,0.071563,0.071563,73.97,38121505.0,301612.0,22310239.64,BLOCK INC,XYZ,026367,2018-09-30,3973.368,2851.224,1122.144,882.108,19.643,40829.0507,99.01,682150994.0,25291.959306570174,19881.79738072832,1135785.7577763072,22311968.72,25293.919474712846,1.3381013077642165,1.34479925770668,1.3381463976603043,1.436683221645899,1.364432546194275,crypto
15488,2018-10-12,0.041238,0.041238,79.03,14127806.0,1178000.0,93097340.0,PAYPAL HOLDINGS INC,PYPL,024616,2018-09-30,43724.0,28609.0,15115.0,3683.0,436.0,103475.52,87.84,456212231.0,25277.583491718706,6159.268276546477,213526.00917431194,93110834.0,25281.2473527016,0.8031250277833876,0.9920571881919362,0.8033800509791307,1.3201648709055949,0.9796817844650123,crypto
17354,2018-10-12,0.065749,0.065749,6.97,410.0,14783.0,103037.51,BIT DIGITAL INC,BTBT,032878,2018-09-30,,,,,,,8.0,480630.0,,,,,,,,,,,crypto
92213,2018-10-12,0.189815,0.189815,2.57,4990718.0,14294.0,36735.579999999994,RIOT PLATFORMS INC,RIOT,148170,2018-09-30,25.703,9.172,15.997,2.367,-6.23,52.1731,3.65,76393172.0,15519.890156316009,2296.404325811089,-5896.561797752807,36728.75499999999,15517.006759611319,-0.46194372865432665,-0.10418492973646586,-0.46176936360074217,0.12213906323328298,-0.22643973968956294,crypto
92213,2018-10-15,0.050584,0.050584,2.7,949330.0,14294.0,38593.8,RIOT PLATFORMS INC,RIOT,148170,2018-09-30,25.703,9.172,15.997,2.367,-6.23,52.1731,3.65,76393172.0,16304.942965779468,2412.5648559104834,-6194.831460674157,38586.975,16302.059569074778,-0.4615014602879319,-0.0764678483993509,-0.4613270886806079,0.09935531189991428,-0.2249852713669941,crypto
17354,2018-10-15,0.083214,0.083214,7.55,2795.0,14783.0,111611.65,BIT DIGITAL INC,BTBT,032878,2018-09-30,,,,,,,8.0,480630.0,,,,,,,,,,,crypto
15488,2018-10-15,-0.022776,-0.022776,77.23,8498998.0,1178000.0,90976940.0,PAYPAL HOLDINGS INC,PYPL,024616,2018-09-30,43724.0,28609.0,15115.0,3683.0,436.0,103475.52,87.84,456212231.0,24701.8571816454,6018.983790936156,208662.70642201835,90990434.0,24705.521042628294,0.6663874264069171,0.8924120497846154,0.6666703963461122,1.1852877168937985,0.8526893973578609,crypto
15826,2018-10-15,-0.002704,-0.002704,73.77,22583454.0,301612.0,22249917.24,BLOCK INC,XYZ,026367,2018-09-30,3973.368,2851.224,1122.144,882.108,19.643,40829.0507,99.01,682150994.0,25223.574936402343,19828.041000085548,1132714.821564934,22251646.319999997,25225.53510454502,1.3309841358167929,1.3376213697275579,1.3310296921497946,1.4339620288858288,1.3583993066449935,crypto
92213,2018-10-16,0.096296,0.096296,2.96,765060.0,14294.0,42310.24,RIOT PLATFORMS INC,RIOT,148170,2018-09-30,25.703,9.172,15.997,2.367,-6.23,52.1731,3.65,76393172.0,17875.04858470638,2644.8859161092705,-6791.3707865168535,42303.41499999999,17872.165188001687,-0.46061692355514233,-0.021033685725121307,-0.4604425388403394,0.053787809233177115,-0.22207633472185648,crypto
17354,2018-10-16,0.034437,0.034437,7.81,1178.0,14783.0,115455.23,BIT DIGITAL INC,BTBT,032878,2018-09-30,,,,,,,8.0,480630.0,,,,,,,,,,,crypto
15488,2018-10-16,0.043765,0.043765,80.61,10056065.0,1178000.0,94958580.0,PAYPAL HOLDINGS INC,PYPL,024616,2018-09-30,43724.0,28609.0,15115.0,3683.0,436.0,103475.52,87.84,456212231.0,25782.943252783058,6282.4068805822035,217794.90825688074,94972074.0,25786.607113765953,0.9231502556582907,1.0795234763494737,0.9233807478236702,1.43855703942706,1.0911528798146235,crypto
15826,2018-10-16,0.067101,0.067101,78.72,23256369.0,301612.0,23742896.64,BLOCK INC,XYZ,026367,2018-09-30,3973.368,2851.224,1122.144,882.108,19.643,40829.0507,99.01,682150994.0,26916.08809805602,21158.5114209941,1208720.492796416,23744625.72,26918.048266198697,1.507134141515515,1.5152740972108256,1.5071681535349037,1.5013115496975589,1.5077219854897008,crypto
17354,2018-10-17,0.024328,0.024328,8.0,2300.0,14783.0,118264.0,BIT DIGITAL INC,BTBT,032878,2018-09-30,,,,,,,8.0,480630.0,,,,,,,,,,,crypto
15826,2018-10-17,-0.008511,-0.008511,78.05,16656849.0,301612.0,23540816.599999998,BLOCK INC,XYZ,026367,2018-09-30,3973.368,2851.224,1122.144,882.108,19.643,40829.0507,99.01,682150994.0,26687.000457993803,20978.427545840816,1198432.8564883163,23542545.679999996,26688.96062613648,1.4832916154916473,1.4912281724807666,1.4833271900746967,1.4921955539513247,1.4875106329996088,crypto
15488,2018-10-17,-0.006451,-0.006451,80.09,10005238.0,1178359.0,94374772.31,PAYPAL HOLDINGS INC,PYPL,024616,2018-09-30,43724.0,28609.0,15115.0,3683.0,436.0,103475.52,87.84,456212231.0,25624.42908226989,6243.782488256699,216455.899793578,94388266.31,25628.092943252785,0.8855024235531509,1.0520882763526296,0.8857406102684917,1.4014214425031775,1.0561881881693624,crypto
92213,2018-10-17,-0.081081,-0.081081,2.72,667269.0,14294.0,38879.68,RIOT PLATFORMS INC,RIOT,148170,2018-09-30,25.703,9.172,15.997,2.367,-6.23,52.1731,3.65,76393172.0,16425.72032108154,2430.435706695005,-6240.7191011235955,38872.854999999996,16422.836924376847,-0.46143341900079415,-0.07220368203979485,-0.4612590463852026,0.09585011938708833,-0.22476150700967581,crypto
15826,2018-10-18,-0.03959,-0.03959,74.96,15367972.0,301612.0,22608835.52,BLOCK INC,XYZ,026367,2018-09-30,3973.368,2851.224,1122.144,882.108,19.643,40829.0507,99.01,682150994.0,25630.461938900906,20147.89146491003,1150986.8920226034,22610564.599999998,25632.42210704358,1.3733313089039605,1.3803298032033335,1.3733740899373261,1.4501531258082447,1.3942970819632161,crypto
15488,2018-10-18,-0.032588,-0.032588,77.48,19728452.0,1178359.0,91299255.32000001,PAYPAL HOLDINGS INC,PYPL,024616,2018-09-30,43724.0,28609.0,15115.0,3683.0,436.0,103475.52,87.84,456212231.0,24789.371523214773,6040.307993384056,209401.9617431193,91312749.32000001,24793.03538419767,0.6871724781630436,0.9075587931689775,0.6874512000058614,1.205789967910589,0.8719931098121179,crypto
92213,2018-10-18,-0.069853,-0.069853,2.53,361368.0,14294.0,36163.82,RIOT PLATFORMS INC,RIOT,148170,2018-09-30,25.703,9.172,15.997,2.367,-6.23,52.1731,3.65,76393172.0,15278.335445711871,2260.6626242420452,-5804.786516853932,36156.994999999995,15275.45204900718,-0.4620798112286019,-0.11271326245557804,-0.4619054481915527,0.12914944825893476,-0.22688726840419948,crypto
17354,2018-10-18,-0.1625,-0.1625,6.7,1374.0,14783.0,99046.1,BIT DIGITAL INC,BTBT,032878,2018-09-30,,,,,,,8.0,480630.0,,,,,,,,,,,crypto
15488,2018-10-19,0.094218,0.094218,84.78,34196305.0,1178359.0,99901276.02,PAYPAL HOLDINGS INC,PYPL,024616,2018-09-30,43724.0,28609.0,15115.0,3683.0,436.0,103475.52,87.84,456212231.0,27124.973125169698,6609.41290241482,229131.36701834862,99914770.02,27128.636986152593,1.2418884173767544,1.311798343835897,1.2420537651082377,1.752958460066105,1.3871747465967486,crypto
15826,2018-10-19,-0.011873,-0.011873,74.07,16924750.0,301612.0,22340400.839999996,BLOCK INC,XYZ,026367,2018-09-30,3973.368,2851.224,1122.144,882.108,19.643,40829.0507,99.01,682150994.0,25326.15149165408,19908.675571049702,1137321.2258819933,22342129.919999994,25328.111659796756,1.3416598937379274,1.3483882016962407,1.3417047504155586,1.4380438180259334,1.367449165968915,crypto
92213,2018-10-19,-0.019763,-0.019763,2.48,399315.0,14294.0,35449.12,RIOT PLATFORMS INC,RIOT,148170,2018-09-30,25.703,9.172,15.997,2.367,-6.23,52.1731,3.65,76393172.0,14976.392057456698,2215.98549728074,-5690.067415730337,35442.295,14973.508660752006,-0.4622499144464461,-0.1233736783544683,-0.4620755539300659,0.13791242954099953,-0.22744667929749518,crypto
17354,2018-10-19,-0.026866,-0.026866,6.52,1266.0,14783.0,96385.15999999999,BIT DIGITAL INC,BTBT,032878,2018-09-30,,,,,,,8.0,480630.0,,,,,,,,,,,crypto
15488,2018-10-22,0.007667,0.007667,85.43,11254055.0,1178359.0,100667209.37,PAYPAL HOLDINGS INC,PYPL,024616,2018-09-30,43724.0,28609.0,15115.0,3683.0,436.0,103475.52,87.84,456212231.0,27332.937651371165,6660.086627191532,230888.0948853211,100680703.37,27336.60151235406,1.291280932512222,1.3477922764295274,1.2914361852885867,1.801678942244336,1.433047084118668,crypto
92213,2018-10-22,-0.03629,-0.03629,2.39,383483.0,14294.0,34162.66,RIOT PLATFORMS INC,RIOT,148170,2018-09-30,25.703,9.172,15.997,2.367,-6.23,52.1731,3.65,76393172.0,14432.893958597382,2135.566668750391,-5483.573033707866,34155.835,14430.01056189269,-0.4625561002385655,-0.14256242697247087,-0.4623817442593896,0.15368579584871622,-0.22845361890542745,crypto
15826,2018-10-22,0.022276,0.022276,75.72,15948047.0,301612.0,22838060.64,BLOCK INC,XYZ,026367,2018-09-30,3973.368,2851.224,1122.144,882.108,19.643,40829.0507,99.01,682150994.0,25890.322545538645,20352.165711352554,1162656.4496258209,22839789.72,25892.282713681318,1.4003765623041686,1.4076057775239967,1.400417570877262,1.4604936582965105,1.4172233922504844,crypto
17354,2018-10-22,0.07362,0.07362,7.0,200.0,14783.0,103481.0,BIT DIGITAL INC,BTBT,032878,2018-09-30,,,,,,,8.0,480630.0,,,,,,,,,,,crypto
17354,2018-10-23,0.0,0.0,7.0,3010.0,14783.0,103481.0,BIT DIGITAL INC,BTBT,032878,2018-09-30,,,,,,,8.0,480630.0,,,,,,,,,,,crypto
92213,2018-10-23,0.004184,0.004184,2.4,335977.0,14294.0,34305.6,RIOT PLATFORMS INC,RIOT,148170,2018-09-30,25.703,9.172,15.997,2.367,-6.23,52.1731,3.65,76393172.0,14493.282636248416,2144.5020941426515,-5506.516853932583,34298.774999999994,14490.399239543724,-0.4625220795949967,-0.1404303437926929,-0.4623477231116869,0.1519331995923034,-0.22834173672676827,crypto
15826,2018-10-23,-0.020734,-0.020734,74.15,16952900.0,301612.0,22364529.8,BLOCK INC,XYZ,026367,2018-09-30,3973.368,2851.224,1122.144,882.108,19.643,40829.0507,99.01,682150994.0,25353.505239721217,19930.178123306814,1138549.6003665428,22366258.88,25355.46540786389,1.3445067625168972,1.35125935688789,1.3445514326197627,1.4391322951299617,1.369862461788628,crypto
15488,2018-10-23,0.02505,0.02505,87.57,14746461.0,1178359.0,103188897.63,PAYPAL HOLDINGS INC,PYPL,024616,2018-09-30,43724.0,28609.0,15115.0,3683.0,436.0,103475.52,87.84,456212231.0,28017.620860711377,6826.920121071783,236671.78355504587,103202391.63,28021.28472169427,1.4538962900351458,1.4662953775839391,1.4540183071131185,1.9620817604926655,1.5840729338062172,crypto
92213,2018-10-24,-0.0125,-0.0125,2.37,726862.0,14294.0,33876.78,RIOT PLATFORMS INC,RIOT,148170,2018-09-30,25.703,9.172,15.997,2.367,-6.23,52.1731,3.65,76393172.0,14312.11660329531,2117.6958179658686,-5437.685393258426,33869.954999999994,14309.23320659062,-0.46262414152570314,-0.14682659333202702,-0.46244978655479485,0.15719098836154227,-0.22867738326274567,crypto
17354,2018-10-24,-0.032857,-0.032857,6.77,0.0,14783.0,100080.90999999999,BIT DIGITAL INC,BTBT,032878,2018-09-30,,,,,,,8.0,480630.0,,,,,,,,,,,crypto
15826,2018-10-24,-0.064869,-0.064869,69.34,15587857.0,301612.0,20913776.080000002,BLOCK INC,XYZ,026367,2018-09-30,3973.368,2851.224,1122.144,882.108,19.643,40829.0507,99.01,682150994.0,23708.86113718502,18637.337168848208,1064693.584483022,20915505.16,23710.821305327692,1.1733387771813715,1.1786311509900083,1.1733946650920106,1.3736876092502806,1.2247630506284177,crypto
15488,2018-10-24,-0.051159,-0.051159,83.09,14750151.0,1178359.0,97909849.31,PAYPAL HOLDINGS INC,PYPL,024616,2018-09-30,43724.0,28609.0,15115.0,3683.0,436.0,103475.52,87.84,456212231.0,26584.265357045886,6477.661217995369,224563.8745642202,97923343.31,26587.92921802878,1.113467878024539,1.2182141190924596,1.1136594726393314,1.626285206402705,1.2679066690397587,crypto
15488,2018-10-25,0.034541,0.034541,85.96,9264922.0,1178359.0,101291739.63999999,PAYPAL HOLDINGS INC,PYPL,024616,2018-09-30,43724.0,28609.0,15115.0,3683.0,436.0,103475.52,87.84,456212231.0,27502.508726581586,6701.405202778696,232320.50376146784,101305233.63999999,27506.17258756448,1.3315548294688326,1.377141175313563,1.3317018509741005,1.8414048738665845,1.4704506824057701,crypto
92213,2018-10-25,0.021097,0.021097,2.42,206695.0,14294.0,34591.479999999996,RIOT PLATFORMS INC,RIOT,148170,2018-09-30,25.703,9.172,15.997,2.367,-6.23,52.1731,3.65,76393172.0,14614.059991550484,2162.3729449271736,-5552.404494382022,34584.65499999999,14611.176594845792,-0.46245403830785903,-0.13616617743313675,-0.4622796808162816,0.14842800707947743,-0.22811797236945,crypto
17354,2018-10-25,0.033973,0.033973,7.0,1600.0,14783.0,103481.0,BIT DIGITAL INC,BTBT,032878,2018-09-30,,,,,,,8.0,480630.0,,,,,,,,,,,crypto
15826,2018-10-25,0.05985,0.05985,73.49,13759190.0,301612.0,22165465.88,BLOCK INC,XYZ,026367,2018-09-30,3973.368,2851.224,1122.144,882.108,19.643,40829.0507,99.01,682150994.0,25127.83681816739,19752.78206718567,1128415.5108690117,22167194.959999997,25129.796986310066,1.3210200950904007,1.3275723265567874,1.3210663044350817,1.4301523590217309,1.3499527712760002,crypto
17354,2018-10-26,-0.085714,-0.085714,6.4,3614.0,14783.0,94611.20000000001,BIT DIGITAL INC,BTBT,032878,2018-09-30,,,,,,,8.0,480630.0,,,,,,,,,,,crypto
92213,2018-10-26,0.041322,0.041322,2.52,256320.0,14294.0,36020.88,RIOT PLATFORMS INC,RIOT,148170,2018-09-30,25.703,9.172,15.997,2.367,-6.23,52.1731,3.65,76393172.0,15217.946768060836,2251.727198849784,-5781.842696629213,36014.05499999999,15215.063371356144,-0.46211383187217075,-0.11484534563535612,-0.46193946933925534,0.13090204451534776,-0.22699915058285863,crypto
15826,2018-10-26,-0.032249,-0.032249,71.12,16771822.0,301612.0,21450645.44,BLOCK INC,XYZ,026367,2018-09-30,3973.368,2851.224,1122.144,882.108,19.643,40829.0507,99.01,682150994.0,24317.482031678664,19115.768956568856,1092024.9167642416,21452374.52,24319.442199821337,1.2366816075134373,1.2425143540041932,1.2367333441355446,1.3979062248149026,1.2784588826170193,crypto
15488,2018-10-26,-0.03013,-0.03013,83.37,13968114.0,1178359.0,98239789.83,PAYPAL HOLDINGS INC,PYPL,024616,2018-09-30,43724.0,28609.0,15115.0,3683.0,436.0,103475.52,87.84,456212231.0,26673.85007602498,6499.489899437644,225320.6188761468,98253283.83,26677.513937007872,1.1347446537752022,1.2337191977481767,1.1349318997939426,1.6472724910333272,1.2876670605876621,crypto
15488,2018-10-29,-0.026628,-0.026628,81.15,12912621.0,1178359.0,95623832.85000001,PAYPAL HOLDINGS INC,PYPL,024616,2018-09-30,43724.0,28609.0,15115.0,3683.0,436.0,103475.52,87.84,456212231.0,25963.571232690745,6326.419639431029,219320.7175458716,95637326.85000001,25967.235093673637,0.9660502174663755,1.110786074120703,0.9662719416395217,1.4808733057476777,1.1309953847435694,crypto
17354,2018-10-29,0.128125,0.128125,7.22,200.0,14783.0,106733.26,BIT DIGITAL INC,BTBT,032878,2018-09-30,,,,,,,8.0,480630.0,,,,,,,,,,,crypto
92213,2018-10-29,-0.043651,-0.043651,2.41,296375.0,14294.0,34448.54,RIOT PLATFORMS INC,RIOT,148170,2018-09-30,25.703,9.172,15.997,2.367,-6.23,52.1731,3.65,76393172.0,14553.671313899451,2153.437519534913,-5529.460674157303,34441.715,14550.78791719476,-0.46248805895142786,-0.13829826061291473,-0.4623137019639843,0.15018060333589034,-0.22822985454810912,crypto
15826,2018-10-29,-0.053993,-0.053993,67.28,20295596.0,301612.0,20292455.36,BLOCK INC,XYZ,026367,2018-09-30,3973.368,2851.224,1122.144,882.108,19.643,40829.0507,99.01,682150994.0,23004.502124456416,18083.64644822768,1033062.9415058799,20294184.439999998,23006.46229259909,1.1000319061229131,1.1046989048050524,1.1000925983337633,1.3456593238215602,1.1626206832708221,crypto
17354,2018-10-30,-0.123269,-0.123269,6.33,2450.0,14783.0,93576.39,BIT DIGITAL INC,BTBT,032878,2018-09-30,,,,,,,8.0,480630.0,,,,,,,,,,,crypto
92213,2018-10-30,-0.053942,-0.053942,2.28,206683.0,14294.0,32590.319999999996,RIOT PLATFORMS INC,RIOT,148170,2018-09-30,25.703,9.172,15.997,2.367,-6.23,52.1731,3.65,76393172.0,13768.618504435994,2037.276989435519,-5231.191011235954,32583.494999999995,13765.735107731303,-0.4629303273178226,-0.16601534195002962,-0.4627559768841185,0.17296435466925902,-0.22968432287067791,crypto
15826,2018-10-30,0.021998,0.021998,68.76,17359133.0,301612.0,20738841.12,BLOCK INC,XYZ,026367,2018-09-30,3973.368,2851.224,1122.144,882.108,19.643,40829.0507,99.01,682150994.0,23510.546463698327,18481.443664984174,1055787.8694700403,20740570.2,23512.506631841,1.1526989785338446,1.1578152758505544,1.1527562191115333,1.3657961502460778,1.2072666559355025,crypto
15488,2018-10-30,-0.003081,-0.003081,80.9,13095608.0,1178359.0,95329243.10000001,PAYPAL HOLDINGS INC,PYPL,024616,2018-09-30,43724.0,28609.0,15115.0,3683.0,436.0,103475.52,87.84,456212231.0,25883.584876459412,6306.92974528614,218645.0529816514,95342737.10000001,25887.248737442304,0.9470530962604266,1.0969422538923839,0.9472787031086184,1.4621346587560498,1.1133521780043698,crypto
92213,2018-10-31,0.035088,0.035088,2.36,261058.0,14294.0,33733.84,RIOT PLATFORMS INC,RIOT,148170,2018-09-30,25.703,9.172,15.997,2.367,-6.23,52.1731,3.65,76393172.0,14251.727925644274,2108.7603925736075,-5414.741573033707,33727.01499999999,14248.844528939582,-0.46265816216927197,-0.14895867651180508,-0.4624838077024975,0.15894358461795524,-0.22878926544140482,crypto
15488,2018-10-31,0.040668,0.040668,84.19,11189143.0,1178359.0,99206044.21,PAYPAL HOLDINGS INC,PYPL,024616,2018-09-30,43724.0,28609.0,15115.0,3683.0,436.0,103475.52,87.84,456212231.0,26936.20532446375,6563.416752232881,227536.798646789,99219538.21,26939.869185446645,1.1970552113307142,1.2791269280970636,1.1972297221753057,1.7087352531658644,1.345536778692237,crypto
17354,2018-10-31,0.086888,0.086888,6.88,5956.0,14783.0,101707.04,BIT DIGITAL INC,BTBT,032878,2018-09-30,,,,,,,8.0,480630.0,,,,,,,,,,,crypto
15826,2018-10-31,0.068208,0.068208,73.45,17915795.0,301612.0,22153401.400000002,BLOCK INC,XYZ,026367,2018-09-30,3973.368,2851.224,1122.144,882.108,19.643,40829.0507,99.01,682150994.0,25114.15994413383,19742.03079105712,1127801.3236267373,22155130.48,25116.120112276505,1.3195966607009164,1.3261367489609635,1.3196429633329803,1.429608120469717,1.3487461233661442,crypto
92213,2018-11-01,0.084746,0.084746,2.56,395374.0,14294.0,36592.64,RIOT PLATFORMS INC,RIOT,148170,2018-09-30,25.703,9.172,15.997,2.367,-6.23,52.1731,3.65,76393172.0,15459.501478664977,2287.4689004188285,-5873.61797752809,36585.814999999995,15456.618081960285,-0.4619777492978955,-0.10631701291624382,-0.4618033847484448,0.12389165948969583,-0.22655162186822206,crypto
15826,2018-11-01,0.044792,0.044792,76.74,13574021.0,301612.0,23145704.88,BLOCK INC,XYZ,026367,2018-09-30,3973.368,2851.224,1122.144,882.108,19.643,40829.0507,99.01,682150994.0,26239.08283339455,20626.32325263068,1178318.2243038232,23147433.959999997,26241.043001537226,1.436674139236026,1.4442130062175185,1.43671276898086,1.474371741372867,1.447992913951818,crypto
15488,2018-11-01,0.010096,0.010096,85.04,5952306.0,1178359.0,100207649.36000001,PAYPAL HOLDINGS INC,PYPL,024616,2018-09-30,43724.0,28609.0,15115.0,3683.0,436.0,103475.52,87.84,456212231.0,27208.15893565029,6629.682392325505,229834.05816513766,100221143.36000001,27211.822796633183,1.2616454234309422,1.3261959168733497,1.2618067331803782,1.7724466529373986,1.4055236816055172,crypto
17354,2018-11-01,-0.030523,-0.030523,6.67,3542.0,14783.0,98602.61,BIT DIGITAL INC,BTBT,032878,2018-09-30,,,,,,,8.0,480630.0,,,,,,,,,,,crypto
92213,2018-11-02,-0.007812,-0.007812,2.54,316941.0,14294.0,36306.76,RIOT PLATFORMS INC,RIOT,148170,2018-09-30,25.703,9.172,15.997,2.367,-6.23,52.1731,3.65,76393172.0,15338.724123362908,2269.598049634307,-5827.730337078651,36299.935,15335.840726658216,-0.4620457905850331,-0.11058117927579986,-0.46187142704385004,0.1273968520025218,-0.2267753862255403,crypto
15826,2018-11-02,0.013292,0.013292,77.76,13561636.0,301612.0,23453349.12,BLOCK INC,XYZ,026367,2018-09-30,3973.368,2851.224,1122.144,882.108,19.643,40829.0507,99.01,682150994.0,26587.843121250462,20900.480793908802,1193979.9989818255,23455078.2,26589.803289393138,1.4729717161678844,1.48082023491104,1.4730079670844587,1.4882498244492235,1.4787624356531517,crypto
17354,2018-11-02,0.074963,0.074963,7.17,5172.0,14783.0,105994.11,BIT DIGITAL INC,BTBT,032878,2018-09-30,,,,,,,8.0,480630.0,,,,,,,,,,,crypto
15488,2018-11-02,-0.017992,-0.017992,83.51,7012998.0,1178359.0,98404760.09,PAYPAL HOLDINGS INC,PYPL,024616,2018-09-30,43724.0,28609.0,15115.0,3683.0,436.0,103475.52,87.84,456212231.0,26718.64243551453,6510.404240158783,225698.9910321101,98418254.09,26722.306296497423,1.145383041650534,1.241471737076036,1.1455681133712496,1.6577661333486384,1.2975472563616144,crypto
17354,2018-11-05,-0.06417,-0.06417,6.7099,3023.0,14783.0,99192.4517,BIT DIGITAL INC,BTBT,032878,2018-09-30,,,,,,,8.0,480630.0,,,,,,,,,,,crypto
15826,2018-11-05,-0.035365,-0.035365,75.01,16851418.0,301612.0,22623916.12,BLOCK INC,XYZ,026367,2018-09-30,3973.368,2851.224,1122.144,882.108,19.643,40829.0507,99.01,682150994.0,25647.558031442866,20161.33056007072,1151754.6260754468,22625645.2,25649.51819958554,1.3751106018908168,1.3821242751981138,1.3751532663149535,1.4508334239982623,1.3958053918505366,crypto
92213,2018-11-05,-0.011811,-0.011811,2.51,280336.0,14294.0,35877.939999999995,RIOT PLATFORMS INC,RIOT,148170,2018-09-30,25.703,9.172,15.997,2.367,-6.23,52.1731,3.65,76393172.0,15157.558090409799,2242.791773457523,-5758.898876404493,35871.11499999999,15154.674693705108,-0.46214785251573953,-0.11697742881513419,-0.4619734904869579,0.13265464077176073,-0.22711103276151773,crypto
15488,2018-11-05,0.006466,0.006466,84.05,4621689.0,1178359.0,99041073.95,PAYPAL HOLDINGS INC,PYPL,024616,2018-09-30,43724.0,28609.0,15115.0,3683.0,436.0,103475.52,87.84,456212231.0,26891.412964974206,6552.502411511743,227158.4264908257,99054567.95,26895.0768259571,1.1864168234553834,1.271374388769205,1.1865935085980004,1.6982416108505534,1.3356565829182856,crypto
17354,2018-11-06,-0.053637,-0.053637,6.35,1813.0,14783.0,93872.04999999999,BIT DIGITAL INC,BTBT,032878,2018-09-30,,,,,,,8.0,480630.0,,,,,,,,,,,crypto
15826,2018-11-06,0.030663,0.030663,77.31,18563340.0,301612.0,23317623.720000003,BLOCK INC,XYZ,026367,2018-09-30,3973.368,2851.224,1122.144,882.108,19.643,40829.0507,99.01,682150994.0,26433.97828837286,20779.528937462575,1187070.3925062364,23319352.8,26435.93845651553,1.4569580792861827,1.4646699869580164,1.4569953796858124,1.4821271407390664,1.4651876466672695,crypto
92213,2018-11-06,0.175299,0.175299,2.95,2702282.0,14294.0,42167.3,RIOT PLATFORMS INC,RIOT,148170,2018-09-30,25.703,9.172,15.997,2.367,-6.23,52.1731,3.65,76393172.0,17814.659907055346,2635.9504907170094,-6768.426966292135,42160.475,17811.776510350654,-0.46065094419871117,-0.02316576890489938,-0.4604765599880421,0.05554040548959003,-0.22218821690051566,crypto
15488,2018-11-06,0.007615,0.007615,84.69,4662085.0,1178359.0,99795223.71,PAYPAL HOLDINGS INC,PYPL,024616,2018-09-30,43724.0,28609.0,15115.0,3683.0,436.0,103475.52,87.84,456212231.0,27096.178036926416,6602.396540522659,228888.12777522934,99808717.71,27099.84189790931,1.2350494537426122,1.3068145685537018,1.2352161992371122,1.7462125471491186,1.3808231921706362,crypto
17354,2018-11-07,-0.072441,-0.072441,5.89,6149.0,14783.0,87071.87,BIT DIGITAL INC,BTBT,032878,2018-09-30,,,,,,,8.0,480630.0,,,,,,,,,,,crypto
15826,2018-11-07,0.06959,0.06959,82.69,24041889.0,301612.0,24940296.279999997,BLOCK INC,XYZ,026367,2018-09-30,3973.368,2851.224,1122.144,882.108,19.643,40829.0507,99.01,682150994.0,28273.51784588735,22225.57557675307,1269678.5765921702,24942025.359999996,28275.478014030024,1.6484100046718633,1.657755173596395,1.648434757918516,1.5553272259849467,1.6274817905429302,crypto
92213,2018-11-07,-0.016949,-0.016949,2.9,891340.0,14294.0,41452.6,RIOT PLATFORMS INC,RIOT,148170,2018-09-30,25.703,9.172,15.997,2.367,-6.23,52.1731,3.65,76393172.0,17512.716518800167,2591.273363755704,-6653.707865168539,41445.774999999994,17509.83312209548,-0.46082104741655533,-0.033826184803789745,-0.46064666572655527,0.06430338677165494,-0.22274762779381135,crypto
15488,2018-11-07,0.0418,0.0418,88.23,8671613.0,1178359.0,103966614.57000001,PAYPAL HOLDINGS INC,PYPL,024616,2018-09-30,43724.0,28609.0,15115.0,3683.0,436.0,103475.52,87.84,456212231.0,28228.784841162098,6878.373441614291,238455.53800458717,103980108.57000001,28232.448702144993,1.5040486900188514,1.502843062986702,1.5041604568347045,2.011551788550562,1.630650999597705,crypto
17354,2018-11-08,0.048727,0.048727,6.177,2350.0,14783.0,91314.591,BIT DIGITAL INC,BTBT,032878,2018-09-30,,,,,,,8.0,480630.0,,,,,,,,,,,crypto
15488,2018-11-08,0.009181,0.009181,89.04,7539082.0,1178359.0,104921085.36000001,PAYPAL HOLDINGS INC,PYPL,024616,2018-09-30,43724.0,28609.0,15115.0,3683.0,436.0,103475.52,87.84,456212231.0,28487.94063535162,6941.520698643732,240644.6911926606,104934579.36000001,28491.604496334512,1.565599362726127,1.547697040526457,1.5656985496748312,2.0722650048034352,1.6878149894327126,crypto
15826,2018-11-08,-0.090217,-0.090217,75.23,35808891.0,301612.0,22690270.76,BLOCK INC,XYZ,026367,2018-09-30,3973.368,2851.224,1122.144,882.108,19.643,40829.0507,99.01,682150994.0,25722.780838627474,20220.46257877777,1155132.655907957,22691999.84,25724.741006770146,1.3829394910329822,1.3900199519751482,1.3829816423765138,1.453826736034339,1.4024419553547458,crypto
92213,2018-11-08,-0.113793,-0.113793,2.57,622591.0,14294.0,36735.579999999994,RIOT PLATFORMS INC,RIOT,148170,2018-09-30,25.703,9.172,15.997,2.367,-6.23,52.1731,3.65,76393172.0,15519.890156316009,2296.404325811089,-5896.561797752807,36728.75499999999,15517.006759611319,-0.46194372865432665,-0.10418492973646586,-0.46176936360074217,0.12213906323328298,-0.22643973968956294,crypto
15488,2018-11-09,-0.025607,-0.025607,86.76,9105608.0,1178359.0,102234426.84,PAYPAL HOLDINGS INC,PYPL,024616,2018-09-30,43724.0,28609.0,15115.0,3683.0,436.0,103475.52,87.84,456212231.0,27758.465066521858,6763.772864042342,234482.63036697247,102247920.84,27762.128927504753,1.392345617327871,1.421441400044185,1.3924802142729926,1.901368544239793,1.5269089439712105,crypto
15826,2018-11-09,-0.026054,-0.026054,73.27,17267065.0,301612.0,22099111.24,BLOCK INC,XYZ,026367,2018-09-30,3973.368,2851.224,1122.144,882.108,19.643,40829.0507,99.01,682150994.0,25052.614010982783,19693.650048478627,1125037.4810365015,22100840.319999997,25054.574179125455,1.3131912059482354,1.3196766497797534,1.313237928373521,1.4271590469856539,1.3433162077717908,crypto
17354,2018-11-09,0.061389,0.061389,6.5562,3310.0,14783.0,96920.30459999999,BIT DIGITAL INC,BTBT,032878,2018-09-30,,,,,,,8.0,480630.0,,,,,,,,,,,crypto
92213,2018-11-09,-0.003891,-0.003891,2.56,253626.0,14294.0,36592.64,RIOT PLATFORMS INC,RIOT,148170,2018-09-30,25.703,9.172,15.997,2.367,-6.23,52.1731,3.65,76393172.0,15459.501478664977,2287.4689004188285,-5873.61797752809,36585.814999999995,15456.618081960285,-0.4619777492978955,-0.10631701291624382,-0.4618033847484448,0.12389165948969583,-0.22655162186822206,crypto
92213,2018-11-12,-0.078125,-0.078125,2.36,402655.0,14294.0,33733.84,RIOT PLATFORMS INC,RIOT,148170,2018-09-30,25.703,9.172,15.997,2.367,-6.23,52.1731,3.65,76393172.0,14251.727925644274,2108.7603925736075,-5414.741573033707,33727.01499999999,14248.844528939582,-0.46265816216927197,-0.14895867651180508,-0.4624838077024975,0.15894358461795524,-0.22878926544140482,crypto
15826,2018-11-12,-0.04695,-0.04695,69.83,19982104.0,301612.0,21061565.96,BLOCK INC,XYZ,026367,2018-09-30,3973.368,2851.224,1122.144,882.108,19.643,40829.0507,99.01,682150994.0,23876.402844096192,18769.040301422992,1072217.3782008858,21063295.04,23878.363012238864,1.1907758484525581,1.1962169765388568,1.1908305935927588,1.3803545315124517,1.2395444875241564,crypto
17354,2018-11-12,-0.000946,-0.000946,6.55,1200.0,14783.0,96828.65,BIT DIGITAL INC,BTBT,032878,2018-09-30,,,,,,,8.0,480630.0,,,,,,,,,,,crypto
15488,2018-11-12,-0.034348,-0.034348,83.78,6276239.0,1178359.0,98722917.02,PAYPAL HOLDINGS INC,PYPL,024616,2018-09-30,43724.0,28609.0,15115.0,3683.0,436.0,103475.52,87.84,456212231.0,26805.027700244365,6531.453325835263,226428.7087614679,98736411.02,26808.69156122726,1.1658999325529582,1.2564230629226205,1.1660808109846246,1.6780038720995958,1.3166019196399499,crypto
15826,2018-11-13,0.028927,0.028927,71.85,18485887.0,301612.0,21670822.2,BLOCK INC,XYZ,026367,2018-09-30,3973.368,2851.224,1122.144,882.108,19.643,40829.0507,99.01,682150994.0,24567.084982791224,19311.979745914963,1103233.8339357532,21672551.279999997,24569.045150933896,1.2626592851215312,1.268713645127988,1.2627093192489038,1.4078385783891578,1.3004802069718953,crypto
17354,2018-11-13,-0.035878,-0.035878,6.315,1219.0,14783.0,93354.645,BIT DIGITAL INC,BTBT,032878,2018-09-30,,,,,,,8.0,480630.0,,,,,,,,,,,crypto
15488,2018-11-13,0.0,0.0,83.78,4743319.0,1178359.0,98722917.02,PAYPAL HOLDINGS INC,PYPL,024616,2018-09-30,43724.0,28609.0,15115.0,3683.0,436.0,103475.52,87.84,456212231.0,26805.027700244365,6531.453325835263,226428.7087614679,98736411.02,26808.69156122726,1.1658999325529582,1.2564230629226205,1.1660808109846246,1.6780038720995958,1.3166019196399499,crypto
92213,2018-11-13,0.059322,0.059322,2.5,273312.0,14294.0,35735.0,RIOT PLATFORMS INC,RIOT,148170,2018-09-30,25.703,9.172,15.997,2.367,-6.23,52.1731,3.65,76393172.0,15097.169412758767,2233.8563480652624,-5735.955056179775,35728.174999999996,15094.286016054075,-0.46218187315930837,-0.11910951199491215,-0.4620075116346606,0.13440723702817364,-0.22722291494017688,crypto
17354,2018-11-14,0.026128,0.026128,6.48,389.0,14783.0,95793.84000000001,BIT DIGITAL INC,BTBT,032878,2018-09-30,,,,,,,8.0,480630.0,,,,,,,,,,,crypto
92213,2018-11-14,-0.12,-0.12,2.2,494686.0,14294.0,31446.800000000003,RIOT PLATFORMS INC,RIOT,148170,2018-09-30,25.703,9.172,15.997,2.367,-6.23,52.1731,3.65,76393172.0,13285.509083227716,1965.793586297431,-5047.640449438202,31439.975000000002,13282.625686523026,-0.46320249246637324,-0.18307200738825405,-0.4630281460657396,0.18698512472056267,-0.23057938029995106,crypto
15488,2018-11-14,0.003223,0.003223,84.05,6653968.0,1178359.0,99041073.95,PAYPAL HOLDINGS INC,PYPL,024616,2018-09-30,43724.0,28609.0,15115.0,3683.0,436.0,103475.52,87.84,456212231.0,26891.412964974206,6552.502411511743,227158.4264908257,99054567.95,26895.0768259571,1.1864168234553834,1.271374388769205,1.1865935085980004,1.6982416108505534,1.3356565829182856,crypto
15826,2018-11-14,-0.028393,-0.028393,69.81,14251935.0,301612.0,21055533.720000003,BLOCK INC,XYZ,026367,2018-09-30,3973.368,2851.224,1122.144,882.108,19.643,40829.0507,99.01,682150994.0,23869.564407079408,18763.664663358715,1071910.2845797485,21057262.8,23871.524575222084,1.1900641312578157,1.1954991877409447,1.190118923041708,1.3800824122364448,1.2389411635692282,crypto
15488,2018-11-15,0.032005,0.032005,86.74,9999948.0,1178359.0,102210859.66,PAYPAL HOLDINGS INC,PYPL,024616,2018-09-30,43724.0,28609.0,15115.0,3683.0,436.0,103475.52,87.84,456212231.0,27752.06615802335,6762.21367251075,234428.57720183485,102224353.66,27755.730019006245,1.3908258476313948,1.4203338944259192,1.39096075519052,1.8998694524804625,1.5254974874320741,crypto
92213,2018-11-15,0.020455,0.020455,2.245,347351.0,14294.0,32090.030000000002,RIOT PLATFORMS INC,RIOT,148170,2018-09-30,25.703,9.172,15.997,2.367,-6.23,52.1731,3.65,76393172.0,13557.258132657373,2006.0030005626056,-5150.887640449439,32083.205,13554.374735952684,-0.4630493995703135,-0.17347763307925276,-0.4628750509010777,0.1790984415667043,-0.23007591049598491,crypto
15826,2018-11-15,0.05429,0.05429,73.6,12244430.0,301612.0,22198643.2,BLOCK INC,XYZ,026367,2018-09-30,3973.368,2851.224,1122.144,882.108,19.643,40829.0507,99.01,682150994.0,25165.448221759696,19782.348076539194,1130104.525785267,22200372.279999997,25167.408389902368,1.3249345396614836,1.3315201649453043,1.3249804924658617,1.4316490150397694,1.3532710530281047,crypto
17354,2018-11-15,-0.00463,-0.00463,6.45,430.0,14783.0,95350.35,BIT DIGITAL INC,BTBT,032878,2018-09-30,,,,,,,8.0,480630.0,,,,,,,,,,,crypto
15826,2018-11-16,-0.040897,-0.040897,70.59,13311397.0,301612.0,21290791.080000002,BLOCK INC,XYZ,026367,2018-09-30,3973.368,2851.224,1122.144,882.108,19.643,40829.0507,99.01,682150994.0,24136.263450733928,18973.314547865517,1083886.9358041033,21292520.16,24138.2236188766,1.217821101852766,1.2234929508595203,1.2178740745326946,1.3906950640007174,1.2624707978114245,crypto
92213,2018-11-16,-0.024499,-0.024499,2.19,256882.0,14497.0,31748.43,RIOT PLATFORMS INC,RIOT,148170,2018-09-30,25.703,9.172,15.997,2.367,-6.23,52.1731,3.65,76393172.0,13412.940430925222,1984.6489966868787,-5096.056179775281,31741.605,13410.057034220532,-0.46313070257747113,-0.1785729151151573,-0.46295635511302136,0.18328682047527206,-0.2303432880825944,crypto
17354,2018-11-16,-0.006202,-0.006202,6.41,1774.0,14783.0,94759.03,BIT DIGITAL INC,BTBT,032878,2018-09-30,,,,,,,8.0,480630.0,,,,,,,,,,,crypto
15488,2018-11-16,-0.019368,-0.019368,85.06,7580487.0,1178359.0,100231216.54,PAYPAL HOLDINGS INC,PYPL,024616,2018-09-30,43724.0,28609.0,15115.0,3683.0,436.0,103475.52,87.84,456212231.0,27214.557844148792,6631.241583857096,229888.11133027525,100244710.54,27218.221705131687,1.2631651931274175,1.327303422491615,1.2633261922628498,1.7739457446967282,1.4069351381446527,crypto
15826,2018-11-19,-0.107947,-0.107947,62.97,22491247.0,301612.0,18992507.64,BLOCK INC,XYZ,026367,2018-09-30,3973.368,2851.224,1122.144,882.108,19.643,40829.0507,99.01,682150994.0,21530.818947339783,16925.196445375994,966884.2661507917,18994236.72,21532.77911548246,0.9466568506559453,0.9500154188549752,0.9467275945822847,1.287017619842054,1.0326043709838149,crypto
15488,2018-11-19,-0.057959,-0.057959,80.13,11454089.0,1178359.0,94421906.67,PAYPAL HOLDINGS INC,PYPL,024616,2018-09-30,43724.0,28609.0,15115.0,3683.0,436.0,103475.52,87.84,456212231.0,25637.2268992669,6246.900871319881,216564.0061238532,94435400.67,25640.890760249797,0.8885419629461024,1.0543032875891603,0.8887795284334359,1.4044196260218373,1.059011101247634,crypto
92213,2018-11-19,-0.136986,-0.136986,1.89,734277.0,14497.0,27399.329999999998,RIOT PLATFORMS INC,RIOT,148170,2018-09-30,25.703,9.172,15.997,2.367,-6.23,52.1731,3.65,76393172.0,11575.551330798478,1712.7792711133336,-4397.966292134831,27392.504999999997,11572.667934093788,-0.46416581647802513,-0.24344379070752314,-0.46399148435237725,0.23661140686652465,-0.23374742116785022,crypto
17354,2018-11-19,0.0,0.0,6.41,841.0,14783.0,94759.03,BIT DIGITAL INC,BTBT,032878,2018-09-30,,,,,,,8.0,480630.0,,,,,,,,,,,crypto
15488,2018-11-20,-0.029577,-0.029577,77.76,14195699.0,1178359.0,91629195.84,PAYPAL HOLDINGS INC,PYPL,024616,2018-09-30,43724.0,28609.0,15115.0,3683.0,436.0,103475.52,87.84,456212231.0,24878.956242193864,6062.136674826332,210158.70605504588,91642689.84,24882.62010317676,0.708449253913706,0.9230638718246946,0.7087236271604725,1.2267772525412113,0.8917535013600211,crypto
92213,2018-11-20,-0.021164,-0.021164,1.85,501257.0,14497.0,26819.45,RIOT PLATFORMS INC,RIOT,148170,2018-09-30,25.703,9.172,15.997,2.367,-6.23,52.1731,3.65,76393172.0,11330.566117448247,1676.5299743701944,-4304.887640449438,26812.625,11327.682720743558,-0.46430383166476563,-0.25209324078650525,-0.46412950158429134,0.24372135171869164,-0.23420130557921764,crypto
15826,2018-11-20,-0.018263,-0.018263,61.82,34865547.0,301612.0,18645653.84,BLOCK INC,XYZ,026367,2018-09-30,3973.368,2851.224,1122.144,882.108,19.643,40829.0507,99.01,682150994.0,21137.60881887479,16616.09725668007,949226.3829353967,18647382.919999998,21139.56898701746,0.9057331119582626,0.9087425629750244,0.9058065378968552,1.2713707614716518,0.9979132435754485,crypto
17354,2018-11-20,-0.00624,-0.00624,6.37,120.0,14783.0,94167.71,BIT DIGITAL INC,BTBT,032878,2018-09-30,,,,,,,8.0,480630.0,,,,,,,,,,,crypto
15826,2018-11-21,0.012941,0.012941,62.62,15670474.0,301612.0,18886943.439999998,BLOCK INC,XYZ,026367,2018-09-30,3973.368,2851.224,1122.144,882.108,19.643,40829.0507,99.01,682150994.0,21411.146299546086,16831.122779251145,961510.1277808887,18888672.519999996,21413.10646768876,0.9342017997479546,0.9374541148915116,0.9342733599388929,1.2822555325119314,1.0220462017725727,crypto
17354,2018-11-21,-0.034537,-0.034537,6.15,584.0,14783.0,90915.45000000001,BIT DIGITAL INC,BTBT,032878,2018-09-30,,,,,,,8.0,480630.0,,,,,,,,,,,crypto
92213,2018-11-21,0.032432,0.032432,1.91,329403.0,14497.0,27689.27,RIOT PLATFORMS INC,RIOT,148170,2018-09-30,25.703,9.172,15.997,2.367,-6.23,52.1731,3.65,76393172.0,11698.043937473596,1730.9039194849036,-4444.505617977527,27682.445,11695.160540768906,-0.4640968088846549,-0.23911906566803204,-0.46392247573642015,0.23305643444044113,-0.2335204789621665,crypto
15488,2018-11-21,0.01749,0.01749,79.12,8520332.0,1178359.0,93231764.08,PAYPAL HOLDINGS INC,PYPL,024616,2018-09-30,43724.0,28609.0,15115.0,3683.0,436.0,103475.52,87.84,456212231.0,25314.082020092315,6168.161698974529,213834.32128440368,93245258.08,25317.74588107521,0.8117935932740683,0.998374253866751,0.8120468447685864,1.3287154921756634,0.9877325460212673,crypto
15826,2018-11-23,0.013574,0.013574,63.47,6010525.0,301612.0,19143313.64,BLOCK INC,XYZ,026367,2018-09-30,3973.368,2851.224,1122.144,882.108,19.643,40829.0507,99.01,682150994.0,21701.779872759347,17059.58739698292,974561.6066792242,19145042.72,21703.74004090202,0.9644497805245031,0.9679601388027802,0.9645193583585581,1.2938206017422287,1.0476874698570176,crypto
17354,2018-11-23,-0.021951,-0.021951,6.015,0.0,14783.0,88919.745,BIT DIGITAL INC,BTBT,032878,2018-09-30,,,,,,,8.0,480630.0,,,,,,,,,,,crypto
15488,2018-11-23,-0.014788,-0.014788,77.95,3066753.0,1178359.0,91853084.05,PAYPAL HOLDINGS INC,PYPL,024616,2018-09-30,43724.0,28609.0,15115.0,3683.0,436.0,103475.52,87.84,456212231.0,24939.745872929678,6076.948994376447,210672.2111238532,91866578.05,24943.40973391257,0.7228870660302272,0.9335851751982172,0.7231584884439582,1.241018624254847,0.9051623384818124,crypto
92213,2018-11-23,-0.031414,-0.031414,1.85,212751.0,14497.0,26819.45,RIOT PLATFORMS INC,RIOT,148170,2018-09-30,25.703,9.172,15.997,2.367,-6.23,52.1731,3.65,76393172.0,11330.566117448247,1676.5299743701944,-4304.887640449438,26812.625,11327.682720743558,-0.46430383166476563,-0.25209324078650525,-0.46412950158429134,0.24372135171869164,-0.23420130557921764,crypto
15488,2018-11-26,0.037332,0.037332,80.86,9290003.0,1178359.0,95282108.74,PAYPAL HOLDINGS INC,PYPL,024616,2018-09-30,43724.0,28609.0,15115.0,3683.0,436.0,103475.52,87.84,456212231.0,25870.787059462393,6303.811362222957,218536.94665137614,95295602.74,25874.450920445288,0.9440135568674732,1.0947272426558519,0.9442397849436733,1.459136475237389,1.1105292649260967,crypto
15826,2018-11-26,0.048054,0.048054,66.52,12630427.0,301612.0,20063230.24,BLOCK INC,XYZ,026367,2018-09-30,3973.368,2851.224,1122.144,882.108,19.643,40829.0507,99.01,682150994.0,22744.64151781868,17879.372201785154,1021393.3839026624,20064959.319999997,22746.601685961352,1.0729866527227052,1.0774229304843892,1.073049117393827,1.3353187913332947,1.139694372983554,crypto
17354,2018-11-26,0.014131,0.014131,6.1,1038.0,14783.0,90176.29999999999,BIT DIGITAL INC,BTBT,032878,2018-09-30,,,,,,,8.0,480630.0,,,,,,,,,,,crypto
92213,2018-11-26,-0.010811,-0.010811,1.83,244194.0,14497.0,26529.510000000002,RIOT PLATFORMS INC,RIOT,148170,2018-09-30,25.703,9.172,15.997,2.367,-6.23,52.1731,3.65,76393172.0,11208.07351077313,1658.405325998625,-4258.348314606742,26522.685,11205.190114068442,-0.4643728392581359,-0.25641796582599624,-0.4641985102002484,0.24727632414477507,-0.23442824778490134,crypto
15488,2018-11-27,0.013727,0.013727,81.97,5327151.0,1178359.0,96590087.23,PAYPAL HOLDINGS INC,PYPL,024616,2018-09-30,43724.0,28609.0,15115.0,3683.0,436.0,103475.52,87.84,456212231.0,26225.926481129514,6390.346492226266,221536.89731651376,96603581.23,26229.59034211241,1.0283607750218875,1.1561938044695896,1.0285697640208846,1.5423360678802143,1.188865102848144,crypto
92213,2018-11-27,-0.032787,-0.032787,1.77,196802.0,14497.0,25659.69,RIOT PLATFORMS INC,RIOT,148170,2018-09-30,25.703,9.172,15.997,2.367,-6.23,52.1731,3.65,76393172.0,10840.595690747781,1604.0313808839157,-4118.730337078651,25652.864999999998,10837.71229404309,-0.46457986203824675,-0.26939214094446945,-0.46440553604811957,0.25794124142302566,-0.23510907440195253,crypto
17354,2018-11-27,-0.054098,-0.054098,5.77,102.0,14783.0,85297.90999999999,BIT DIGITAL INC,BTBT,032878,2018-09-30,,,,,,,8.0,480630.0,,,,,,,,,,,crypto
15826,2018-11-27,-0.009621,-0.009621,65.88,9607397.0,301612.0,19870198.56,BLOCK INC,XYZ,026367,2018-09-30,3973.368,2851.224,1122.144,882.108,19.643,40829.0507,99.01,682150994.0,22525.811533281638,17707.35178372829,1011566.3880262688,19871927.639999997,22527.771701424314,1.0502117024909512,1.0544536889511986,1.050275659760197,1.3266109745010708,1.1203880064258545,crypto
17354,2018-11-28,0.038128,0.038128,5.99,600.0,14783.0,88550.17,BIT DIGITAL INC,BTBT,032878,2018-09-30,,,,,,,8.0,480630.0,,,,,,,,,,,crypto
15488,2018-11-28,0.04892,0.04892,85.98,9340453.0,1178359.0,101315306.82000001,PAYPAL HOLDINGS INC,PYPL,024616,2018-09-30,43724.0,28609.0,15115.0,3683.0,436.0,103475.52,87.84,456212231.0,27508.9076350801,6702.964394310288,232374.55692660552,101328800.82000001,27512.571496062996,1.3330745991653106,1.3782486809318297,1.3332213100565746,1.8429039656259165,1.4718621389449078,crypto
92213,2018-11-28,0.180791,0.180791,2.09,2223306.0,14497.0,30298.73,RIOT PLATFORMS INC,RIOT,148170,2018-09-30,25.703,9.172,15.997,2.367,-6.23,52.1731,3.65,76393172.0,12800.477397549641,1894.0257548290303,-4863.359550561798,30291.905,12797.59400084495,-0.46347574054432245,-0.20019654031261258,-0.46330139819280663,0.20106168260568957,-0.23147799911101302,crypto
15826,2018-11-28,0.060868,0.060868,69.89,16478193.0,301612.0,21079662.68,BLOCK INC,XYZ,026367,2018-09-30,3973.368,2851.224,1122.144,882.108,19.643,40829.0507,99.01,682150994.0,23896.918155146537,18785.16721561582,1073138.6590642976,21081391.759999998,23898.87832328921,1.1929110000367849,1.1983703429325931,1.1929656052459114,1.3811708893404726,1.2413544593889405,crypto
15826,2018-11-29,0.000143,0.000143,69.9,13912768.0,301612.0,21082678.8,BLOCK INC,XYZ,026367,2018-09-30,3973.368,2851.224,1122.144,882.108,19.643,40829.0507,99.01,682150994.0,23900.33737365493,18787.85503464796,1073292.2058748663,21084407.88,23902.297541797605,1.1932668586341562,1.1987292373315495,1.1933214405214372,1.3813069489784762,1.2416561213664048,crypto
92213,2018-11-29,-0.066986,-0.066986,1.95,1113508.0,14497.0,28269.149999999998,RIOT PLATFORMS INC,RIOT,148170,2018-09-30,25.703,9.172,15.997,2.367,-6.23,52.1731,3.65,76393172.0,11943.029150823826,1767.1532162280425,-4537.584269662921,28262.324999999997,11940.145754119138,-0.4639587936979143,-0.23046961558905,-0.46378445850450606,0.22594648958827415,-0.23306659455079906,crypto
15488,2018-11-29,-0.020005,-0.020005,84.26,6516460.0,1178359.0,99288529.34,PAYPAL HOLDINGS INC,PYPL,024616,2018-09-30,43724.0,28609.0,15115.0,3683.0,436.0,103475.52,87.84,456212231.0,26958.601504208527,6568.8739225934505,227725.98472477065,99302023.34,26962.265365191422,1.202374405268381,1.2830031977609935,1.2025478289639595,1.7139820743235203,1.3504768765792137,crypto
17354,2018-11-29,-0.041736,-0.041736,5.74,0.0,14783.0,84854.42,BIT DIGITAL INC,BTBT,032878,2018-09-30,,,,,,,8.0,480630.0,,,,,,,,,,,crypto
15826,2018-11-30,-0.000858,-0.000858,69.84,12218093.0,308398.0,21538516.32,BLOCK INC,XYZ,026367,2018-09-30,3973.368,2851.224,1122.144,882.108,19.643,40829.0507,99.01,682150994.0,24417.096682038937,19194.075198904953,1096498.3108486484,21540245.4,24419.05685018161,1.2470491022107864,1.252970292979878,1.247100159380119,1.4018701520206664,1.2872474266478624,crypto
92213,2018-11-30,-0.046154,-0.046154,1.86,681439.0,14497.0,26964.420000000002,RIOT PLATFORMS INC,RIOT,148170,2018-09-30,25.703,9.172,15.997,2.367,-6.23,52.1731,3.65,76393172.0,11391.812420785805,1685.5922985559794,-4328.157303370786,26957.595,11388.929024081115,-0.4642693278680805,-0.24993087826675967,-0.4640949972763128,0.24194386550564986,-0.2340878344763758,crypto
15488,2018-11-30,0.018395,0.018395,85.81,11272580.0,1178359.0,101114985.79,PAYPAL HOLDINGS INC,PYPL,024616,2018-09-30,43724.0,28609.0,15115.0,3683.0,436.0,103475.52,87.84,456212231.0,27454.51691284279,6689.711266291763,231915.1050229358,101128479.79,27458.180773825687,1.3201565567452647,1.3688348831765724,1.32030590785556,1.83016168567161,1.4598647583622517,crypto
17354,2018-11-30,0.003484,0.003484,5.76,0.0,14783.0,85150.08,BIT DIGITAL INC,BTBT,032878,2018-09-30,,,,,,,8.0,480630.0,,,,,,,,,,,crypto
92213,2018-12-03,-0.016129,-0.016129,1.83,300132.0,14497.0,26529.510000000002,RIOT PLATFORMS INC,RIOT,148170,2018-09-30,25.703,9.172,15.997,2.367,-6.23,52.1731,3.65,76393172.0,11208.07351077313,1658.405325998625,-4258.348314606742,26522.685,11205.190114068442,-0.4643728392581359,-0.25641796582599624,-0.4641985102002484,0.24727632414477507,-0.23442824778490134,crypto
15488,2018-12-03,0.025289,0.025289,87.98,10817585.0,1178359.0,103672024.82000001,PAYPAL HOLDINGS INC,PYPL,024616,2018-09-30,43724.0,28609.0,15115.0,3683.0,436.0,103475.52,87.84,456212231.0,28148.798484930765,6858.8835474694015,237779.873440367,103685518.82000001,28152.46234591366,1.4850515688129025,1.488999242758383,1.4851672183038012,1.9928131415589347,1.6130077928585054,crypto
17354,2018-12-03,0.032986,0.032986,5.95,450.0,14783.0,87958.85,BIT DIGITAL INC,BTBT,032878,2018-09-30,,,,,,,8.0,480630.0,,,,,,,,,,,crypto
15826,2018-12-03,0.030212,0.030212,71.95,16208510.0,308398.0,22189236.1,BLOCK INC,XYZ,026367,2018-09-30,3973.368,2851.224,1122.144,882.108,19.643,40829.0507,99.01,682150994.0,25154.783881338797,19773.964927852398,1129625.62235911,22190965.18,25156.74404948147,1.323824637730748,1.330400794528869,1.3238706632745845,1.431224653071193,1.3523301871513487,crypto
15488,2018-12-04,-0.043078,-0.043078,84.19,8249293.0,1178359.0,99206044.21,PAYPAL HOLDINGS INC,PYPL,024616,2018-09-30,43724.0,28609.0,15115.0,3683.0,436.0,103475.52,87.84,456212231.0,26936.20532446375,6563.416752232881,227536.798646789,99219538.21,26939.869185446645,1.1970552113307142,1.2791269280970636,1.1972297221753057,1.7087352531658644,1.345536778692237,crypto
17354,2018-12-04,-0.037815,-0.037815,5.725,1.0,14783.0,84632.67499999999,BIT DIGITAL INC,BTBT,032878,2018-09-30,,,,,,,8.0,480630.0,,,,,,,,,,,crypto
92213,2018-12-04,-0.038251,-0.038251,1.76,311901.0,14497.0,25514.72,RIOT PLATFORMS INC,RIOT,148170,2018-09-30,25.703,9.172,15.997,2.367,-6.23,52.1731,3.65,76393172.0,10779.349387410224,1594.969056698131,-4095.4606741573034,25507.895,10776.465990705534,-0.4646143658349318,-0.27155450346421495,-0.4644400403560981,0.25971872763606735,-0.23522254550479438,crypto
15826,2018-12-04,-0.117304,-0.117304,63.51,31179667.0,308398.0,19586356.98,BLOCK INC,XYZ,026367,2018-09-30,3973.368,2851.224,1122.144,882.108,19.643,40829.0507,99.01,682150994.0,22204.03508413936,17454.406012062624,997116.3763172631,19588086.06,22205.995252282035,1.0167224956509013,1.0206787883329054,1.0167886476967232,1.3138066488690867,1.0919991451374043,crypto
15488,2018-12-06,0.019361,0.019361,85.82,10196340.0,1178359.0,101126769.38,PAYPAL HOLDINGS INC,PYPL,024616,2018-09-30,43724.0,28609.0,15115.0,3683.0,436.0,103475.52,87.84,456212231.0,27457.71636709204,6690.490862057559,231942.13160550458,101140263.38,27461.380228074937,1.3209164415935017,1.369388635985705,1.3210656373967953,1.830911231551274,1.460570486631819,crypto
92213,2018-12-06,0.017045,0.017045,1.79,317329.0,14497.0,25949.63,RIOT PLATFORMS INC,RIOT,148170,2018-09-30,25.703,9.172,15.997,2.367,-6.23,52.1731,3.65,76393172.0,10963.088297422899,1622.1560292554855,-4165.269662921348,25942.805,10960.204900718209,-0.46451085444487644,-0.2650674159049784,-0.4643365274321625,0.25438626899694217,-0.2348821321962688,crypto
15826,2018-12-06,0.034325,0.034325,65.69,23253555.0,308398.0,20258664.62,BLOCK INC,XYZ,026367,2018-09-30,3973.368,2851.224,1122.144,882.108,19.643,40829.0507,99.01,682150994.0,22966.19531848708,18053.53378888984,1031342.6981621952,20260393.7,22968.155486629756,1.0960450868516198,1.100678074293474,1.0961060403459812,1.344134995926029,1.159241049354276,crypto
17354,2018-12-06,-0.030568,-0.030568,5.55,316.0,14783.0,82045.65,BIT DIGITAL INC,BTBT,032878,2018-09-30,,,,,,,8.0,480630.0,,,,,,,,,,,crypto
15488,2018-12-07,-0.03554,-0.03554,82.77,8416188.0,1178359.0,97532774.42999999,PAYPAL HOLDINGS INC,PYPL,024616,2018-09-30,43724.0,28609.0,15115.0,3683.0,436.0,103475.52,87.84,456212231.0,26481.88282106978,6452.71415348991,223699.02392201833,97546268.42999999,26485.54668205267,1.089151562880924,1.2004940292002104,1.0893481273197743,1.602299738253421,1.2453233644135824,crypto
15826,2018-12-07,-0.074745,-0.074745,60.78,20672247.0,308398.0,18744430.44,BLOCK INC,XYZ,026367,2018-09-30,3973.368,2851.224,1122.144,882.108,19.643,40829.0507,99.01,682150994.0,21249.58671727272,16704.122144751476,954254.9732729216,18746159.52,21251.54688541539,0.9173873241013776,0.9204961962813673,0.9174599862598082,1.2758266546188795,1.007792540315358,crypto
92213,2018-12-07,-0.03352,-0.03352,1.73,211770.0,14497.0,25079.81,RIOT PLATFORMS INC,RIOT,148170,2018-09-30,25.703,9.172,15.997,2.367,-6.23,52.1731,3.65,76393172.0,10595.61047739755,1567.7820841407765,-4025.6516853932585,25072.985,10592.72708069286,-0.46471787722498725,-0.27804159102345155,-0.46454355328003366,0.26505118627519264,-0.23556295881331996,crypto
17354,2018-12-07,-0.118018,-0.118018,4.895,8.0,14783.0,72362.78499999999,BIT DIGITAL INC,BTBT,032878,2018-09-30,,,,,,,8.0,480630.0,,,,,,,,,,,crypto
15826,2018-12-10,0.042777,0.042777,63.38,18276837.0,308398.0,19546265.240000002,BLOCK INC,XYZ,026367,2018-09-30,3973.368,2851.224,1122.144,882.108,19.643,40829.0507,99.01,682150994.0,22158.585161907617,17418.67820885733,995075.3571246755,19547994.32,22160.54533005029,1.0119922493866385,1.0159081887114034,1.0120587114378223,1.3119980777143152,1.0879893068125448,crypto
15488,2018-12-10,0.026097,0.026097,84.93,9347054.0,1178359.0,100078029.87,PAYPAL HOLDINGS INC,PYPL,024616,2018-09-30,43724.0,28609.0,15115.0,3683.0,436.0,103475.52,87.84,456212231.0,27172.9649389085,6621.106838901754,229536.76575688075,100091523.87,27176.628799891394,1.2532866901003241,1.320104635972889,1.2534497082267801,1.7642016482610818,1.3977606706402688,crypto
17354,2018-12-10,0.021451,0.021451,5.0,450.0,14783.0,73915.0,BIT DIGITAL INC,BTBT,032878,2018-09-30,,,,,,,8.0,480630.0,,,,,,,,,,,crypto
92213,2018-12-10,-0.023121,-0.023121,1.69,157928.0,14497.0,24499.93,RIOT PLATFORMS INC,RIOT,148170,2018-09-30,25.703,9.172,15.997,2.367,-6.23,52.1731,3.65,76393172.0,10350.625264047318,1531.532787397637,-3932.573033707865,24493.105,10347.741867342627,-0.46485589241172776,-0.28669104110243365,-0.4646815705119478,0.2721611311273597,-0.23601684322468738,crypto
17354,2018-12-11,-0.19998,-0.19998,4.0001,300.0,14783.0,59133.478299999995,BIT DIGITAL INC,BTBT,032878,2018-09-30,,,,,,,8.0,480630.0,,,,,,,,,,,crypto
92213,2018-12-11,-0.088757,-0.088757,1.54,521403.0,14497.0,22325.38,RIOT PLATFORMS INC,RIOT,148170,2018-09-30,25.703,9.172,15.997,2.367,-6.23,52.1731,3.65,76393172.0,9431.930713983946,1395.5979246108645,-3583.5280898876404,22318.555,9429.047317279257,-0.46537344936200475,-0.3191264788986166,-0.4651991351316257,0.2988234243229859,-0.2377189097673153,crypto
15826,2018-12-11,-0.025245,-0.025245,61.78,17887280.0,308398.0,19052828.44,BLOCK INC,XYZ,026367,2018-09-30,3973.368,2851.224,1122.144,882.108,19.643,40829.0507,99.01,682150994.0,21599.201503670756,16978.951400176804,969955.1209082116,19054557.52,21601.16167181343,0.9537738338264778,0.9571931164467656,0.9538441113282751,1.2897387404248162,1.0386374505065836,crypto
15488,2018-12-11,0.006829,0.006829,85.51,8159070.0,1178359.0,100761478.09,PAYPAL HOLDINGS INC,PYPL,024616,2018-09-30,43724.0,28609.0,15115.0,3683.0,436.0,103475.52,87.84,456212231.0,27358.533285365193,6666.323393317896,231104.30754587156,100774972.09,27362.197146348088,1.2973600112981258,1.3522222989025894,1.297514021618476,1.8076753092816567,1.438692910275212,crypto
92213,2018-12-12,0.042208,0.042208,1.605,680561.0,14497.0,23267.685,RIOT PLATFORMS INC,RIOT,148170,2018-09-30,25.703,9.172,15.997,2.367,-6.23,52.1731,3.65,76393172.0,9830.031685678074,1454.503031818466,-3734.7808988764045,23260.86,9827.148288973385,-0.46514917468355144,-0.30507112252027063,-0.4649748571297653,0.2872697639382145,-0.2369813475988432,crypto
15826,2018-12-12,0.030269,0.030269,63.65,15966574.0,308398.0,19629532.7,BLOCK INC,XYZ,026367,2018-09-30,3973.368,2851.224,1122.144,882.108,19.643,40829.0507,99.01,682150994.0,22252.981154235084,17492.88210782217,999314.3969862036,19631261.779999997,22254.941322377756,1.0218166070124153,1.0258163571560612,1.0218824252063081,1.3157543408819177,1.0963174325641756,crypto
17354,2018-12-12,0.212445,0.212445,4.8499,4224.0,14783.0,71696.0717,BIT DIGITAL INC,BTBT,032878,2018-09-30,,,,,,,8.0,480630.0,,,,,,,,,,,crypto
15488,2018-12-12,0.011578,0.011578,86.5,10306080.0,1178359.0,101928053.5,PAYPAL HOLDINGS INC,PYPL,024616,2018-09-30,43724.0,28609.0,15115.0,3683.0,436.0,103475.52,87.84,456212231.0,27675.27925604127,6743.503374131657,233779.9392201835,101941547.5,27678.943117024166,1.3725886112736838,1.4070438270067334,1.372727246200853,1.881880351368501,1.508560008962443,crypto
17354,2018-12-13,-0.145343,-0.145343,4.145,34.0,14783.0,61275.534999999996,BIT DIGITAL INC,BTBT,032878,2018-09-30,,,,,,,8.0,480630.0,,,,,,,,,,,crypto
15826,2018-12-13,-0.011783,-0.011783,62.9,10708125.0,308398.0,19398234.2,BLOCK INC,XYZ,026367,2018-09-30,3973.368,2851.224,1122.144,882.108,19.643,40829.0507,99.01,682150994.0,21990.770064436554,17286.76016625317,987539.2862597362,19399963.279999997,21992.73023257923,0.9945267247185898,0.9982936670320118,0.9945943314049581,1.3053202765274654,1.0731837499207564,crypto
15488,2018-12-13,0.012254,0.012254,87.56,8876866.0,1178359.0,103177114.04,PAYPAL HOLDINGS INC,PYPL,024616,2018-09-30,43724.0,28609.0,15115.0,3683.0,436.0,103475.52,87.84,456212231.0,28014.421406462126,6826.1405253059875,236644.75697247707,103190608.04,28018.085267445018,1.4531364051869085,1.4657416247748065,1.453258577571883,1.9613322146130006,1.5833672055366497,crypto
92213,2018-12-13,-0.040499,-0.040499,1.54,326500.0,14497.0,22325.38,RIOT PLATFORMS INC,RIOT,148170,2018-09-30,25.703,9.172,15.997,2.367,-6.23,52.1731,3.65,76393172.0,9431.930713983946,1395.5979246108645,-3583.5280898876404,22318.555,9429.047317279257,-0.46537344936200475,-0.3191264788986166,-0.4651991351316257,0.2988234243229859,-0.2377189097673153,crypto
92213,2018-12-14,-0.123377,-0.123377,1.35,437956.0,14497.0,19570.95,RIOT PLATFORMS INC,RIOT,148170,2018-09-30,25.703,9.172,15.997,2.367,-6.23,52.1731,3.65,76393172.0,8268.250950570342,1223.4137650809528,-3141.404494382022,19564.125,8265.367553865653,-0.4660290214990223,-0.3602113667737816,-0.46585471698321773,0.33259566237077925,-0.2398748607213106,crypto
17354,2018-12-14,-0.015682,-0.015682,4.08,2421.0,14783.0,60314.64,BIT DIGITAL INC,BTBT,032878,2018-09-30,,,,,,,8.0,480630.0,,,,,,,,,,,crypto
15488,2018-12-14,-0.01873,-0.01873,85.92,6869015.0,1178359.0,101244605.28,PAYPAL HOLDINGS INC,PYPL,024616,2018-09-30,43724.0,28609.0,15115.0,3683.0,436.0,103475.52,87.84,456212231.0,27489.710909584577,6698.286819715515,232212.39743119266,101258099.28,27493.374770567472,1.3285152900758819,1.374926164077033,1.328662932809157,1.8384066903479253,1.4676277693274993,crypto
15826,2018-12-14,-0.012083,-0.012083,62.14,10528110.0,308398.0,19163851.72,BLOCK INC,XYZ,026367,2018-09-30,3973.368,2851.224,1122.144,882.108,19.643,40829.0507,99.01,682150994.0,21725.062826774047,17077.88993212992,975607.1740569158,19165580.799999997,21727.02299491672,0.9668729773275136,0.9704040077063091,0.9669423963529229,1.2947470913149532,1.0497416181754247,crypto
15488,2018-12-17,-0.021183,-0.021183,84.1,8367808.0,1178359.0,99099991.89999999,PAYPAL HOLDINGS INC,PYPL,024616,2018-09-30,43724.0,28609.0,15115.0,3683.0,436.0,103475.52,87.84,456212231.0,26907.41023622047,6556.40039034072,227293.5594036697,99113485.89999999,26911.074097203364,1.1902162476965723,1.2741431528148683,1.19039215630418,1.7019893402488782,1.3391852242661246,crypto
17354,2018-12-17,0.102941,0.102941,4.5,5767.0,14783.0,66523.5,BIT DIGITAL INC,BTBT,032878,2018-09-30,,,,,,,8.0,480630.0,,,,,,,,,,,crypto
92213,2018-12-17,0.325926,0.325926,1.79,1454922.0,14497.0,25949.63,RIOT PLATFORMS INC,RIOT,148170,2018-09-30,25.703,9.172,15.997,2.367,-6.23,52.1731,3.65,76393172.0,10963.088297422899,1622.1560292554855,-4165.269662921348,25942.805,10960.204900718209,-0.46451085444487644,-0.2650674159049784,-0.4643365274321625,0.25438626899694217,-0.2348821321962688,crypto
15826,2018-12-17,-0.056646,-0.056646,58.62,16517265.0,308398.0,18078290.759999998,BLOCK INC,XYZ,026367,2018-09-30,3973.368,2851.224,1122.144,882.108,19.643,40829.0507,99.01,682150994.0,20494.418778652955,16110.490953032764,920342.6543806953,18080019.839999996,20496.378946795627,0.8387924630951605,0.8412308487241061,0.8388702761119191,1.245776549278056,0.9411675343023105,crypto
17354,2018-12-18,-0.328889,-0.328889,3.02,3.0,14783.0,44644.66,BIT DIGITAL INC,BTBT,032878,2018-09-30,,,,,,,8.0,480630.0,,,,,,,,,,,crypto
15488,2018-12-18,0.016766,0.016766,85.51,9572504.0,1178359.0,100761478.09,PAYPAL HOLDINGS INC,PYPL,024616,2018-09-30,43724.0,28609.0,15115.0,3683.0,436.0,103475.52,87.84,456212231.0,27358.533285365193,6666.323393317896,231104.30754587156,100774972.09,27362.197146348088,1.2973600112981258,1.3522222989025894,1.297514021618476,1.8076753092816567,1.438692910275212,crypto
92213,2018-12-18,-0.011173,-0.011173,1.77,1329576.0,14497.0,25659.69,RIOT PLATFORMS INC,RIOT,148170,2018-09-30,25.703,9.172,15.997,2.367,-6.23,52.1731,3.65,76393172.0,10840.595690747781,1604.0313808839157,-4118.730337078651,25652.864999999998,10837.71229404309,-0.46457986203824675,-0.26939214094446945,-0.46440553604811957,0.25794124142302566,-0.23510907440195253,crypto
15826,2018-12-18,0.022177,0.022177,59.92,16083636.0,308398.0,18479208.16,BLOCK INC,XYZ,026367,2018-09-30,3973.368,2851.224,1122.144,882.108,19.643,40829.0507,99.01,682150994.0,20948.918000970403,16467.76898508569,940752.8463065723,18480937.24,20950.87816911308,0.8860949257377909,0.8889368449391242,0.8861696387009266,1.2638622608257737,0.9812659175509039,crypto
17354,2018-12-19,0.48957,0.48957,4.4985,11982.0,14783.0,66501.3255,BIT DIGITAL INC,BTBT,032878,2018-09-30,,,,,,,8.0,480630.0,,,,,,,,,,,crypto
15826,2018-12-19,-0.014853,-0.014853,59.03,18705333.0,308398.0,18204733.94,BLOCK INC,XYZ,026367,2018-09-30,3973.368,2851.224,1122.144,882.108,19.643,40829.0507,99.01,682150994.0,20637.760841076153,16223.170947757151,926779.7149111644,18206463.02,20639.721009218825,0.853710932082452,0.8562765859919198,0.8537877673899908,1.2514805044584902,0.9538139474807132,crypto
15488,2018-12-19,-0.017308,-0.017308,84.03,11257480.0,1178359.0,99017506.77,PAYPAL HOLDINGS INC,PYPL,024616,2018-09-30,43724.0,28609.0,15115.0,3683.0,436.0,103475.52,87.84,456212231.0,26885.0140564757,6550.943219980152,227104.37332568807,99031000.77,26888.677917458594,1.1848970537589072,1.2702668831509396,1.1850740495155279,1.6967425190912229,1.3342451263791495,crypto
92213,2018-12-19,0.067797,0.067797,1.89,5309500.0,14497.0,27399.329999999998,RIOT PLATFORMS INC,RIOT,148170,2018-09-30,25.703,9.172,15.997,2.367,-6.23,52.1731,3.65,76393172.0,11575.551330798478,1712.7792711133336,-4397.966292134831,27392.504999999997,11572.667934093788,-0.46416581647802513,-0.24344379070752314,-0.46399148435237725,0.23661140686652465,-0.23374742116785022,crypto
17354,2018-12-20,-0.055241,-0.055241,4.25,4836.0,14783.0,62827.75,BIT DIGITAL INC,BTBT,032878,2018-09-30,,,,,,,8.0,480630.0,,,,,,,,,,,crypto
92213,2018-12-20,-0.095238,-0.095238,1.71,1198052.0,14497.0,24789.87,RIOT PLATFORMS INC,RIOT,148170,2018-09-30,25.703,9.172,15.997,2.367,-6.23,52.1731,3.65,76393172.0,10473.117870722434,1549.6574357692066,-3979.1123595505615,24783.045,10470.234474017743,-0.4647868848183575,-0.28236631606294266,-0.4646125618959907,0.26860615870127613,-0.23578990101900368,crypto
15826,2018-12-20,-0.053024,-0.053024,55.9,24787642.0,308398.0,17239448.2,BLOCK INC,XYZ,026367,2018-09-30,3973.368,2851.224,1122.144,882.108,19.643,40829.0507,99.01,682150994.0,19543.466559650293,15362.95537827587,877638.2528127067,17241177.279999997,19545.42672779297,0.7398211566428876,0.741415225874222,0.7399054559256892,1.2079356758859081,0.8572693785821768,crypto
15488,2018-12-20,-0.018922,-0.018922,82.44,12529882.0,1178359.0,97143915.96,PAYPAL HOLDINGS INC,PYPL,024616,2018-09-30,43724.0,28609.0,15115.0,3683.0,436.0,103475.52,87.84,456212231.0,26376.30083084442,6426.987493218657,222807.1466972477,97157409.96,26379.964691827314,1.0640753628890711,1.1822201864988293,1.0642770524589824,1.5775647242244732,1.222034331517839,crypto
92213,2018-12-21,-0.122807,-0.122807,1.5,941943.0,14497.0,21745.5,RIOT PLATFORMS INC,RIOT,148170,2018-09-30,25.703,9.172,15.997,2.367,-6.23,52.1731,3.65,76393172.0,9186.945500633714,1359.348627867725,-3490.449438202247,21738.675,9184.062103929024,-0.4655114645487453,-0.3277759289775987,-0.46533715236353984,0.3059333691751529,-0.23817279417868276,crypto
15488,2018-12-21,-0.052159,-0.052159,78.14,17702636.0,1178359.0,92076972.26,PAYPAL HOLDINGS INC,PYPL,024616,2018-09-30,43724.0,28609.0,15115.0,3683.0,436.0,103475.52,87.84,456212231.0,25000.53550366549,6091.761313926563,211185.71619266056,92090466.26,25004.199364648386,0.7373248781467485,0.9441064785717397,0.7375933497274457,1.2552599959684847,0.9185711756036047,crypto
17354,2018-12-21,-0.108235,-0.108235,3.79,9119.0,14783.0,56027.57,BIT DIGITAL INC,BTBT,032878,2018-09-30,,,,,,,8.0,480630.0,,,,,,,,,,,crypto
15826,2018-12-21,-0.060644,-0.060644,52.51,24945198.0,308398.0,16193978.979999999,BLOCK INC,XYZ,026367,2018-09-30,3973.368,2851.224,1122.144,882.108,19.643,40829.0507,99.01,682150994.0,18358.272433760943,14431.284202384006,824414.7523290738,16195708.059999999,18360.232601903623,0.6164708886747973,0.6170126665135209,0.6165632719435863,1.1607737050037825,0.7527051330339217,crypto
92213,2018-12-24,-0.04,-0.04,1.44,494436.0,14497.0,20875.68,RIOT PLATFORMS INC,RIOT,148170,2018-09-30,25.703,9.172,15.997,2.367,-6.23,52.1731,3.65,76393172.0,8819.467680608364,1304.9746827530162,-3350.831460674157,20868.855,8816.584283903676,-0.46571848732885607,-0.34075010409607187,-0.465544178211411,0.3165982864534035,-0.23885362079573386,crypto
15826,2018-12-24,-0.034089,-0.034089,50.72,11331816.0,308398.0,15641946.56,BLOCK INC,XYZ,026367,2018-09-30,3973.368,2851.224,1122.144,882.108,19.643,40829.0507,99.01,682150994.0,17732.46196610846,13939.33983517267,796311.488061905,15643675.64,17734.422134251137,0.5513390362668682,0.551325179417458,0.5514356880710305,1.1358710714111557,0.6974927437916281,crypto
17354,2018-12-24,-0.133245,-0.133245,3.285,3.0,14783.0,48562.155,BIT DIGITAL INC,BTBT,032878,2018-09-30,,,,,,,8.0,480630.0,,,,,,,,,,,crypto
15488,2018-12-24,-0.013821,-0.013821,77.06,6800483.0,1178359.0,90804344.54,PAYPAL HOLDINGS INC,PYPL,024616,2018-09-30,43724.0,28609.0,15115.0,3683.0,436.0,103475.52,87.84,456212231.0,24654.99444474613,6007.564971220642,208266.84527522937,90817838.54,24658.658305729026,0.6552573145370486,0.8843011751854011,0.6555425592739431,1.1743090409646546,0.8423525224902618,crypto
92213,2018-12-26,0.034722,0.034722,1.49,943180.0,14497.0,21600.53,RIOT PLATFORMS INC,RIOT,148170,2018-09-30,25.703,9.172,15.997,2.367,-6.23,52.1731,3.65,76393172.0,9125.699197296155,1350.2863036819404,-3467.1797752808984,21593.704999999998,9122.815800591465,-0.46554596834543044,-0.3299382914973442,-0.4653716566715183,0.3077108553881947,-0.23828626528152458,crypto
17354,2018-12-26,0.391172,0.391172,4.57,2697.0,14783.0,67558.31,BIT DIGITAL INC,BTBT,032878,2018-09-30,,,,,,,8.0,480630.0,,,,,,,,,,,crypto
15488,2018-12-26,0.074488,0.074488,82.8,10993578.0,1178359.0,97568125.2,PAYPAL HOLDINGS INC,PYPL,024616,2018-09-30,43724.0,28609.0,15115.0,3683.0,436.0,103475.52,87.84,456212231.0,26491.48118381754,6455.052940787297,223780.10366972478,97581619.2,26495.145044800436,1.0914312174256384,1.2021552876276091,1.091627315943484,1.604548375892417,1.247440549222287,crypto
15826,2018-12-26,0.090694,0.090694,55.32,19549195.0,308398.0,17060577.36,BLOCK INC,XYZ,026367,2018-09-30,3973.368,2851.224,1122.144,882.108,19.643,40829.0507,99.01,682150994.0,19340.689983539432,15203.55441012918,868532.1671842386,17062306.439999998,19342.650151682104,0.7187169810023295,0.7201310121782909,0.7188026633859781,1.1998666661184647,0.8393793306712658,crypto
15826,2018-12-27,0.015004,0.015004,56.15,20228781.0,308398.0,17316547.7,BLOCK INC,XYZ,026367,2018-09-30,3973.368,2851.224,1122.144,882.108,19.643,40829.0507,99.01,682150994.0,19630.8702562498,15431.662692132204,881563.2897215292,17318276.779999997,19632.830424392476,0.7489177840741624,0.7505894559155719,0.7490014871928058,1.2114136973373923,0.8649806061299832,crypto
92213,2018-12-27,0.100671,0.100671,1.64,1094744.0,14497.0,23775.079999999998,RIOT PLATFORMS INC,RIOT,148170,2018-09-30,25.703,9.172,15.997,2.367,-6.23,52.1731,3.65,76393172.0,10044.393747359525,1486.2211664687127,-3816.224719101123,23768.254999999997,10041.510350654837,-0.46502841139515344,-0.29750285370116136,-0.4648540920518404,0.28104856219256846,-0.2365841987388967,crypto
17354,2018-12-27,0.194748,0.194748,5.46,7165.0,14783.0,80715.18,BIT DIGITAL INC,BTBT,032878,2018-09-30,,,,,,,8.0,480630.0,,,,,,,,,,,crypto
15488,2018-12-27,0.018237,0.018237,84.31,7847970.0,1178359.0,99347447.29,PAYPAL HOLDINGS INC,PYPL,024616,2018-09-30,43724.0,28609.0,15115.0,3683.0,436.0,103475.52,87.84,456212231.0,26974.598775454793,6572.7719014224285,227861.1176376147,99360941.29,26978.26263643769,1.2061738295095705,1.2857719618066574,1.20634647667014,1.717729803721846,1.3540055179270536,crypto
92213,2018-12-28,-0.042683,-0.042683,1.57,712732.0,14497.0,22760.29,RIOT PLATFORMS INC,RIOT,148170,2018-09-30,25.703,9.172,15.997,2.367,-6.23,52.1731,3.65,76393172.0,9615.66962399662,1422.784897168219,-3653.3370786516853,22753.465,9612.78622729193,-0.4652699379719494,-0.31263939133938,-0.46509562220769013,0.2934909656838607,-0.23737849645878972,crypto
17354,2018-12-28,0.007326,0.007326,5.5,4741.0,14783.0,81306.5,BIT DIGITAL INC,BTBT,032878,2018-09-30,,,,,,,8.0,480630.0,,,,,,,,,,,crypto
15826,2018-12-28,-0.004987,-0.004987,55.87,18413306.0,308398.0,17230196.259999998,BLOCK INC,XYZ,026367,2018-09-30,3973.368,2851.224,1122.144,882.108,19.643,40829.0507,99.01,682150994.0,19532.97811605835,15354.71050061311,877167.248383648,17231925.339999996,19534.938284201024,0.7387295613511345,0.74031431826926,0.7388139321736348,1.20751831331173,0.8563440312764399,crypto
15488,2018-12-28,-0.012454,-0.012454,83.26,6849118.0,1178359.0,98110170.34,PAYPAL HOLDINGS INC,PYPL,024616,2018-09-30,43724.0,28609.0,15115.0,3683.0,436.0,103475.52,87.84,456212231.0,26638.656079283195,6490.914346013894,225023.3264678899,98123664.34,26642.319940266087,1.126385920444585,1.2276279168477169,1.1265748748403455,1.6390274863570113,1.2799040496224148,crypto
15488,2018-12-31,0.009969,0.009969,84.09,7247255.0,1174000.0,98721660.0,PAYPAL HOLDINGS INC,PYPL,024616,2018-12-31,43332.0,27946.0,15386.0,4226.0,584.0,98721.66,84.09,639777034.0,23360.544249881685,6416.330430261277,169043.93835616438,98734220.0,23363.51632749645,0.34781954132753173,1.1746503935257602,0.34800335280211303,0.08651452625587419,0.48924695347781977,crypto
17354,2018-12-31,0.181818,0.181818,6.5,3208.0,14899.0,96843.5,BIT DIGITAL INC,BTBT,032878,2018-12-31,12.481,0.403,11.611,3.171,-2.678,96.8435,6.5,150774.0,30540.365815200254,8340.66833175437,-36162.6213592233,96832.292,30536.83128350678,3.5642749809887073,0.9197679492893956,3.564041806052611,6.047863786185609,3.523987130629081,crypto
15826,2018-12-31,0.003938,0.003938,56.09,13258786.0,308398.0,17298043.82,BLOCK INC,XYZ,026367,2018-12-31,3281.023,2160.522,1120.501,932.528,-28.204,23392.2223,56.09,1177750430.0,18549.624054183896,15437.776333979176,-613318.8136434548,17299083.841000002,18550.739324717328,0.6363860005874453,0.7514057875918739,0.6363891508792276,-0.11321894783765564,0.4777404978052228,crypto
92213,2018-12-31,-0.038217,-0.038217,1.51,538424.0,14763.0,22292.13,RIOT PLATFORMS INC,RIOT,148170,2018-12-31,13.86,9.369,5.718,1.685,-11.411,21.9237,1.51,45435627.0,13229.750741839764,3898.588667366212,-1953.5649811585315,22295.781,13231.917507418397,-0.4632339045577144,0.2781125139299599,-0.4630567135144428,0.42333046868049784,-0.05621190886542486,crypto
